rank,company_display,role,lane,seniority_score,location,employment,salary,source,url,email,email_status,outreach_status,resumeFilename,already_contacted,notes
1,Bloom,VP of Growth| Poppy & Peonies,marketing,107,Remote Role,Full Time,,lever,https://jobs.lever.co/bloom/fc67790a-1b8a-4c5c-b77b-e103bd693fb7,,none,apply_first,Dillon-Mohr-Resume-Growth-Marketing-Leadership.pdf,False,Lever bloom
2,Later,"VP, Growth Marketing ",marketing,107,"Boston, MA; New York, New York, United States; Remote Boston",Full time,$276k-318k,greenhouse,https://job-boards.greenhouse.io/later/jobs/8761453002,,none,apply_first,Dillon-Mohr-Resume-Growth-Marketing-Leadership.pdf,False,Greenhouse later
3,Midi Health,"Vice President, Growth Marketing ",marketing,107,Remote Remote,Full time,,greenhouse,https://job-boards.greenhouse.io/midihealth/jobs/4711412005,careers@joinmidi.com,validated,send_ready,Dillon-Mohr-Resume-Growth-Marketing-Leadership.pdf,False,Greenhouse midihealth
4,Addepar,"Director, Head of Demand Generation ",marketing,104,"New York, NY New York, NY",Full time,"$189,000 - $236,000",greenhouse,https://job-boards.greenhouse.io/addepar1/jobs/8544342002,,none,apply_first,Dillon-Mohr-Resume-Growth-Marketing-Leadership.pdf,False,Greenhouse addepar1
5,Asana,Head of SEO & AEO,marketing,104,"Vancouver, BC San Francisco",Full time,"$175,000 - $205,700",greenhouse,https://www.asana.com/jobs/apply/8163596?gh_jid=8163596,,none,apply_first,Dillon-Mohr-Resume-Remote-Marketing-SEO-AEO.pdf,False,Greenhouse asana
6,Capsule,Head of Demand Generation,marketing,104,remote Remote,FullTime,"$140,000-170,000",ashby,https://jobs.ashbyhq.com/capsule/34003a58-3f6f-4444-af5f-669a1e1b3706,,none,apply_first,Dillon-Mohr-Resume-Growth-Marketing-Leadership.pdf,False,Ashby capsule
7,Clera,Head of Growth,marketing,104,Barcelona OnSite,FullTime,,ashby,https://jobs.ashbyhq.com/clera/772b6ce0-ccd8-45fc-8251-e359351ad91e,,none,apply_first,Dillon-Mohr-Resume-Growth-Marketing-Leadership.pdf,False,Ashby clera
8,Cruva,Head of Growth,marketing,104,Los Angeles Remote,FullTime,"$180,000 to $220,000",ashby,https://jobs.ashbyhq.com/cruva/38a77ace-e1e1-4c57-ad67-3a5dd1a3cedf,,none,apply_first,Dillon-Mohr-Resume-Growth-Marketing-Leadership.pdf,False,Ashby cruva
9,Elastic,"Head of Growth Marketing, Self-Service",marketing,104,United States United States,Full time,"$160,300; $253,600; $192,300",greenhouse,https://jobs.elastic.co/jobs?gh_jid=8164872&gh_jid=8164872,,none,apply_first,Dillon-Mohr-Resume-Growth-Marketing-Leadership.pdf,False,Greenhouse elastic
10,Flex,Head of Growth Marketing,marketing,104,Remote / USA,Full-time,,lever,https://jobs.lever.co/Flex/111d1443-ce65-40fd-98f5-bd701825e910,,none,apply_first,Dillon-Mohr-Resume-Growth-Marketing-Leadership.pdf,False,Lever Flex
11,Gray Swan AI,Head of Growth & Demand Generation,marketing,104,Remote (U.S. Only) Remote,FullTime,"$170,000 - $250,000",ashby,https://jobs.ashbyhq.com/Gray%20Swan%20AI/8a4d2f2d-5919-4b7d-bb85-a45da7e72e8a,,none,apply_first,Dillon-Mohr-Resume-Growth-Marketing-Leadership.pdf,False,Ashby Gray Swan AI
12,Lumimeds,Head of Growth,marketing,104,Remote - United States Remote,Full time,,greenhouse,https://job-boards.greenhouse.io/lumimeds/jobs/4375533009,,none,apply_first,Dillon-Mohr-Resume-Growth-Marketing-Leadership.pdf,False,Greenhouse lumimeds
13,Smallpdf,Head of SEO and AI Visibility,marketing,104,Remote Remote,FullTime,,ashby,https://jobs.ashbyhq.com/smallpdf/24d10c67-2bd8-4649-9337-b94dfbfaaa86,,none,apply_first,Dillon-Mohr-Resume-Remote-Marketing-SEO-AEO.pdf,False,Ashby smallpdf
14,Stripe,Head of AEO & SEO,marketing,104,"US Remote; Chicago, Atlanta, Canada US",Full time,,greenhouse,https://stripe.com/jobs/search?gh_jid=8128634,careers@stripe.com,validated,send_ready,Dillon-Mohr-Resume-Remote-Marketing-SEO-AEO.pdf,False,Greenhouse stripe
15,Testlio,Chief Marketing Officer,marketing,104,"Canada,  USA",Full-Time,$500K,jobicy,https://jobicy.com/jobs/151209-chief-marketing-officer,,none,apply_first,Dillon-Mohr-Resume-Growth-Marketing-Leadership.pdf,False,Jobicy marketing
16,WGB GmbH,Head of Growth & Performance Marketing (gn),marketing,104,Remote,Full time,,arbeitnow,https://www.arbeitnow.com/jobs/companies/wgb-gmbh/head-of-growth-performance-marketing-gn-frankfurt-am-main-315129,,none,apply_first,Dillon-Mohr-Resume-Growth-Marketing-Leadership.pdf,False,Arbeitnow
17,AlphaSense,"Senior Director, Customer Lifecycle Marketing - Usage & Engagement",marketing,100,USA,Full-Time,"$192,000—$235,000",jobicy,https://jobicy.com/jobs/150539-senior-director-customer-lifecycle-marketing-usage-engagement,,none,apply_first,Dillon-Mohr-Resume-Growth-Marketing-Leadership.pdf,False,Jobicy marketing
18,Calendly,"Senior Director, Growth Marketing",marketing,100,Remote - US Remote,Full time,"$252,413; $315,516; $231,378",greenhouse,https://job-boards.greenhouse.io/calendly/jobs/8536015002,,none,apply_first,Dillon-Mohr-Resume-Growth-Marketing-Leadership.pdf,False,Greenhouse calendly
19,Drata,"Senior Director, Demand Generation",marketing,100,Remote - US  Remote,FullTime,"$180,000 - $276,000",ashby,https://jobs.ashbyhq.com/drata/1f9f0aff-d60f-4e0d-8d6f-333551826251,,none,apply_first,Dillon-Mohr-Resume-Growth-Marketing-Leadership.pdf,False,Ashby drata
20,Seed,"Senior Director, Lifecycle Marketing",marketing,100,Remote Remote,Full time,$230K,greenhouse,https://job-boards.greenhouse.io/seed/jobs/7811746003,,already_contacted,already_emailed,Dillon-Mohr-Resume-Growth-Marketing-Leadership.pdf,True,Greenhouse seed
21,Spring Health,"Senior Director, Growth Marketing (Alma)",marketing,100,Remote Remote,Full time,"$200,000 - $234,500",greenhouse,https://job-boards.greenhouse.io/springhealth66/jobs/4720862005,,none,apply_first,Dillon-Mohr-Resume-Growth-Marketing-Leadership.pdf,False,Greenhouse springhealth66
22,Bettercloud,"Vice President of Marketing, CoreStack & BetterCloud",marketing,99,United States Remote,FullTime,"$300,000",ashby,https://jobs.ashbyhq.com/bettercloud/6d94bc8e-4dcc-4772-b19a-5eca1816d8eb,,none,apply_first,Dillon-Mohr-Resume-Growth-Marketing-Leadership.pdf,False,Ashby bettercloud
23,Bloom,VP of Marketing | Poppy & Peonies,marketing,99,Remote Role,Full Time,,lever,https://jobs.lever.co/bloom/6edfc1ef-c19e-4de1-8f6c-d256c063bc44,,none,apply_first,Dillon-Mohr-Resume-Growth-Marketing-Leadership.pdf,False,Lever bloom
24,Captivateiq,"VP, Revenue Marketing",marketing,99,Remote USA,Full-time,,lever,https://jobs.lever.co/captivateiq/3b1c692d-a245-4aa8-b6db-e64e9b27c7dd,,none,apply_first,Dillon-Mohr-Resume-Growth-Marketing-Leadership.pdf,False,Lever captivateiq
25,Helpscout,VP of Marketing,marketing,99,Remote Remote,FullTime,,ashby,https://jobs.ashbyhq.com/helpscout/1aea7099-b1d1-4408-9fd9-f112de96b28c,,none,apply_first,Dillon-Mohr-Resume-Growth-Marketing-Leadership.pdf,False,Ashby helpscout
26,Highwire,"Senior Vice President, Integrated Marketing",marketing,99,"Connecticut, United States; Florida, United States; Georgia, United States; Iowa, United States; Kansas, United States; Michigan, United States; New Hampshire, United States; North Carolina, United States; Ohio, United States; Oregon, United States; Pennsylvania, United States; Rhode Island, United States; South Carolina, United States; Tennessee, United States; Texas, United States; Utah, United States; Virginia, United States United States",Full time,"$175,000 to $225,000",greenhouse,https://job-boards.greenhouse.io/highwire/jobs/4353791009,,none,apply_first,Dillon-Mohr-Resume-Growth-Marketing-Leadership.pdf,False,Greenhouse highwire
27,Midi Health,"Vice President, Commercial Marketing ",marketing,99,Remote Remote,Full time,,greenhouse,https://job-boards.greenhouse.io/midihealth/jobs/4720457005,careers@joinmidi.com,validated,duplicate_inbox,Dillon-Mohr-Resume-Growth-Marketing-Leadership.pdf,False,Greenhouse midihealth
28,Nightfall Ai,VP of Marketing,marketing,99,Remote (US) San Francisco Remote,FullTime,,ashby,https://jobs.ashbyhq.com/nightfall-ai/f0e59b2f-5694-464e-8e89-4e0eed909c1c,,none,apply_first,Dillon-Mohr-Resume-Growth-Marketing-Leadership.pdf,False,Ashby nightfall-ai
29,Ping Identity,Vice President Product & Solution Marketing,marketing,99,"USA - Remote USA - Remote - Denver, CO",Full time,"$194,686 - $275,000",greenhouse,https://job-boards.greenhouse.io/pingidentity/jobs/8656253002,,none,apply_first,Dillon-Mohr-Resume-Growth-Marketing-Leadership.pdf,False,Greenhouse pingidentity
30,Prolific,VP of Marketing,marketing,99,New York Prolific - Remote UK,Full time,,greenhouse,https://job-boards.eu.greenhouse.io/prolific/jobs/4870489101,,none,apply_first,Dillon-Mohr-Resume-Growth-Marketing-Leadership.pdf,False,Greenhouse prolific
31,Runway Ml,Director/VP of Product Marketing,marketing,99,"Remote New York, NY San Francisco, CA Remote",FullTime,,ashby,https://jobs.ashbyhq.com/runway-ml/0de946b6-757b-48b1-a0a7-694db51c7eb1,,none,apply_first,Dillon-Mohr-Resume-Growth-Marketing-Leadership.pdf,False,Ashby runway-ml
32,Seon,"Vice President, Digital Marketing",marketing,99,US - Remote Remote,FullTime,,ashby,https://jobs.ashbyhq.com/seon/9091604d-e160-4df9-aa38-5295879a02a3,,none,apply_first,Dillon-Mohr-Resume-Growth-Marketing-Leadership.pdf,False,Ashby seon
33,Tremendous,"VP, Marketing",marketing,99,United States Remote,FullTime,$300k to $400k,ashby,https://jobs.ashbyhq.com/Tremendous/bb7b680f-4923-4c7b-97fa-71201228b6f0,,none,apply_first,Dillon-Mohr-Resume-Growth-Marketing-Leadership.pdf,False,Ashby Tremendous
34,Webflow,"VP, Revenue Marketing",marketing,99,U.S. Remote CA Remote (BC & ON only) International Remote U.S. Remote,Full time,"$268,000 - $335,000",greenhouse,https://job-boards.greenhouse.io/webflow/jobs/8167866,,already_contacted,already_emailed,Dillon-Mohr-Resume-Growth-Marketing-Leadership.pdf,True,Greenhouse webflow
35,Addepar,Head of Product and Solutions Marketing,marketing,96,"Remote, USA United States",Full time,"$200,000 - $280,000",greenhouse,https://job-boards.greenhouse.io/addepar1/jobs/8342445002,,none,apply_first,Dillon-Mohr-Resume-Growth-Marketing-Leadership.pdf,False,Greenhouse addepar1
36,Amplitude,Head of Product Marketing,marketing,96,Remote - USA Remote-NAMER,Full time,"$285,000 - $427,000; $317,000 - $476,000; $317,000 - $476,000",greenhouse,https://job-boards.greenhouse.io/amplitude/jobs/8733872002,,none,apply_first,Dillon-Mohr-Resume-Growth-Marketing-Leadership.pdf,False,Greenhouse amplitude
37,Anagram,Head of Marketing,marketing,96,USA,Full-Time,,jobicy,https://jobicy.com/jobs/151526-head-of-marketing-3,,none,apply_first,Dillon-Mohr-Resume-Growth-Marketing-Leadership.pdf,False,Jobicy marketing
38,Certifyos,Head of Marketing,marketing,96,Remote US Remote,FullTime,,ashby,https://jobs.ashbyhq.com/certifyos/6f84d2a6-f7b1-42f9-82a4-ff92cf330a3e,,already_contacted,already_emailed,Dillon-Mohr-Resume-Growth-Marketing-Leadership.pdf,True,Ashby certifyos
39,Clera,Head of Marketing,marketing,96,Berlin OnSite,FullTime,,ashby,https://jobs.ashbyhq.com/clera/df8a08a1-90c9-48e5-8426-2910702301b2,,none,apply_first,Dillon-Mohr-Resume-Growth-Marketing-Leadership.pdf,False,Ashby clera
40,Cursor,Head of APJ Field Marketing,marketing,96,Singapore Hybrid,FullTime,,ashby,https://jobs.ashbyhq.com/cursor/413e0e15-4b48-4c9c-be9d-85dc46ff60c2,,none,apply_first,Dillon-Mohr-Resume-Growth-Marketing-Leadership.pdf,False,Ashby cursor
41,Cursor,Head of Americas Field Marketing,marketing,96,San Francisco New York Hybrid,FullTime,,ashby,https://jobs.ashbyhq.com/cursor/d225fc95-a56f-466a-9588-d75a7f38c426,,none,apply_first,Dillon-Mohr-Resume-Growth-Marketing-Leadership.pdf,False,Ashby cursor
42,Dropbox,Head of Field and Partner Marketing ,marketing,96,Remote - US: Select locations Canada US,Full time,"$247,900; $335,300; $220,300",greenhouse,https://jobs.dropbox.com/listing/8038750?gh_jid=8038750,,none,apply_first,Dillon-Mohr-Resume-Growth-Marketing-Leadership.pdf,False,Greenhouse dropbox
43,Happy Money,Head of Acquisition Marketing,marketing,96,USA,Full-Time,"$165,000—$220,000",jobicy,https://jobicy.com/jobs/151118-head-of-acquisition-marketing,,none,apply_first,Dillon-Mohr-Resume-Growth-Marketing-Leadership.pdf,False,Jobicy marketing
44,Inato,Head of Marketing,marketing,96,United States | Remote in Eastern Time Zone Remote,FullTime,,ashby,https://jobs.ashbyhq.com/inato/5d1abe63-1dc9-48b9-acae-a65a0705b616,,none,apply_first,Dillon-Mohr-Resume-Growth-Marketing-Leadership.pdf,False,Ashby inato
45,LaunchDarkly,Head of Customer Marketing,marketing,96,USA,Full-Time,"$171,000 - $235,000; $154,000 - $211,000; $145,000 - $200,000",jobicy,https://jobicy.com/jobs/149443-head-of-customer-marketing,,already_contacted,already_emailed,Dillon-Mohr-Resume-Growth-Marketing-Leadership.pdf,True,Jobicy marketing
46,Numeral,Head of Marketing,marketing,96,"San Francisco, CA / Remote",Full time,$120K-$200K,greenhouse,https://job-boards.greenhouse.io/applytonumeral/jobs/4759906004,recruiting@gonumeral.com,validated,send_ready,Dillon-Mohr-Resume-Growth-Marketing-Leadership.pdf,False,Greenhouse applytonumeral
47,Odin,Head of Marketing,marketing,96,London Hybrid,FullTime,,ashby,https://jobs.ashbyhq.com/odin/f7a0d13d-2080-4619-b616-00ac4724cb24,,none,apply_first,Dillon-Mohr-Resume-Growth-Marketing-Leadership.pdf,False,Ashby odin
48,Okta,Head of Marketing APJ,marketing,96,Singapore Singapore,Full time,,greenhouse,https://www.okta.com/company/careers/opportunity/8001982?gh_jid=8001982,,none,apply_first,Dillon-Mohr-Resume-Growth-Marketing-Leadership.pdf,False,Greenhouse okta
49,Saas.Group,Head of Marketing,marketing,96,Europe,Full-Time,,jobicy,https://jobicy.com/jobs/150979-head-of-marketing-2,,none,apply_first,Dillon-Mohr-Resume-Growth-Marketing-Leadership.pdf,False,Jobicy marketing
50,Sabi,Head of D2C Marketing,marketing,96,Remote,FullTime,,ashby,https://jobs.ashbyhq.com/sabi/14ff5b82-1d55-4520-a847-a45be16a5e8d,,none,apply_first,Dillon-Mohr-Resume-Growth-Marketing-Leadership.pdf,False,Ashby sabi
51,Searchstax,Head of Product Marketing,marketing,96,US - Remote Remote,FullTime,"$180,000-$200,000",ashby,https://jobs.ashbyhq.com/Searchstax/63edd732-458e-418f-bf3a-604e292e0fb5,,none,apply_first,Dillon-Mohr-Resume-Growth-Marketing-Leadership.pdf,False,Ashby Searchstax
52,The Motley Fool,"Head of Marketing, Motley Fool Asset Management",marketing,96,United States - Remote United States - Remote,Full time,"$140,000; $165,000",greenhouse,https://job-boards.greenhouse.io/themotleyfool/jobs/5152863007,,none,apply_first,Dillon-Mohr-Resume-Growth-Marketing-Leadership.pdf,False,Greenhouse themotleyfool
53,Vitalize,Head of Marketing ,marketing,96,Remote Remote,FullTime,,ashby,https://jobs.ashbyhq.com/vitalize/b382c9fb-c036-494d-919d-1d8f636e8bfb,,none,apply_first,Dillon-Mohr-Resume-Growth-Marketing-Leadership.pdf,False,Ashby vitalize
54,ClickUp,SEO Director,marketing,94,USA,Full-Time,,jobicy,https://jobicy.com/jobs/151171-seo-director,,already_contacted,already_emailed,Dillon-Mohr-Resume-Remote-Marketing-SEO-AEO.pdf,True,Jobicy seo
55,Ethos Life,Growth Marketing Director,marketing,94,Remote US Remote US,Full time,"$150,000 - $266,000",greenhouse,https://job-boards.greenhouse.io/ethoslife/jobs/8466120002,,none,apply_first,Dillon-Mohr-Resume-Growth-Marketing-Leadership.pdf,False,Greenhouse ethoslife
56,Graphitehq,SEO/AEO Growth Director,marketing,94,United States Mexico Spain UK Remote,FullTime,,ashby,https://jobs.ashbyhq.com/Graphitehq/e09b6eb4-6abf-421e-9a5c-72fefc4b0291,,already_contacted,already_emailed,Dillon-Mohr-Resume-Remote-Marketing-SEO-AEO.pdf,True,Ashby Graphitehq
57,Hatch,Growth Marketing Director,marketing,94,United States Remote,FullTime,"$192,000 - $300,000",ashby,https://jobs.ashbyhq.com/hatch/66bdaf2f-bdab-4549-9b5f-d15c8ba6b693,,none,apply_first,Dillon-Mohr-Resume-Growth-Marketing-Leadership.pdf,False,Ashby hatch
58,Houzz,"Director, SEO & AEO",marketing,94,Remote - US,Full Time,,lever,https://jobs.lever.co/houzz/2e44144d-35c3-48ad-ba1c-2860e5d36485,,none,apply_first,Dillon-Mohr-Resume-Remote-Marketing-SEO-AEO.pdf,False,Lever houzz
59,Jane,Director of Growth Marketing (SMB & Self Serve),marketing,94,Canada/US Remote,FullTime,"$156,000 - $253,500",ashby,https://jobs.ashbyhq.com/jane/d8f9e422-d54d-4e39-b497-730f6e63b700,,already_contacted,already_emailed,Dillon-Mohr-Resume-Growth-Marketing-Leadership.pdf,True,Ashby jane
60,Kindred,"Director, Lifecycle Marketing",marketing,94,Remote - US Remote,FullTime,,ashby,https://jobs.ashbyhq.com/kindred/031d501d-998e-47c5-bebf-ad6f1c1b2d95,,none,apply_first,Dillon-Mohr-Resume-Growth-Marketing-Leadership.pdf,False,Ashby kindred
61,League,"Director, Growth Marketing",marketing,94,Canada,Full-Time,"$145,000—$170,000",jobicy,https://jobicy.com/jobs/150818-director-growth-marketing,,none,apply_first,Dillon-Mohr-Resume-Growth-Marketing-Leadership.pdf,False,Jobicy marketing
62,Mazedesign,Director Demand Generation,marketing,94,United States Canada Remote,FullTime,,ashby,https://jobs.ashbyhq.com/mazedesign/d5e19110-e22c-422b-acbf-c8f6ae0be5a2,,none,apply_first,Dillon-Mohr-Resume-Growth-Marketing-Leadership.pdf,False,Ashby mazedesign
63,Meetingtomorrow,Director of Demand Generation,marketing,94,Remote - United States only,Full-time,,lever,https://jobs.lever.co/meetingtomorrow/1f610796-132e-4256-8146-ee399172bc79,,none,apply_first,Dillon-Mohr-Resume-Growth-Marketing-Leadership.pdf,False,Lever meetingtomorrow
64,Nabla,Growth Marketing Director,marketing,94,USA,Full-Time,,jobicy,https://jobicy.com/jobs/151593-growth-marketing-director,,none,apply_first,Dillon-Mohr-Resume-Growth-Marketing-Leadership.pdf,False,Jobicy marketing
65,Openrouter,"Director, Growth Marketing",marketing,94,Remote (US) Remote,FullTime,,ashby,https://jobs.ashbyhq.com/openrouter/9c1cb711-cd17-4d07-9be5-f122c0a865b9,,none,apply_first,Dillon-Mohr-Resume-Growth-Marketing-Leadership.pdf,False,Ashby openrouter
66,Rula,Director of Organic Growth - SEO | AEO | CRO (Remote),marketing,94,Remote - United States Remote,FullTime,,ashby,https://jobs.ashbyhq.com/rula/a6518f83-b49b-4601-98e9-ddf15e86e587,,already_contacted,already_emailed,Dillon-Mohr-Resume-Remote-Marketing-SEO-AEO.pdf,True,Ashby rula
67,Tapcart,Demand Gen Director,marketing,94,"United States Santa Monica, CA Remote",FullTime,"$170,000-$180,000",ashby,https://jobs.ashbyhq.com/tapcart/a0c241a5-d1b4-421d-98a2-685497984662,,none,apply_first,Dillon-Mohr-Resume-Growth-Marketing-Leadership.pdf,False,Ashby tapcart
68,Chime,"Creative Director, Brand Marketing",both,92,USA,Full-Time,"$201,000; $279,000; $15k",jobicy,https://jobicy.com/jobs/145926-creative-director-brand-marketing,,none,apply_first,Dillon-Mohr-Resume-Web-Digital-Experience.pdf,False,Jobicy marketing
69,Delinea,"Senior Director, Marketing Operations",marketing,92,U.S. Remote Remote,FullTime,,ashby,https://jobs.ashbyhq.com/delinea/887adaff-7182-455c-9ef7-23786cab5d07,,none,apply_first,Dillon-Mohr-Resume-Growth-Marketing-Leadership.pdf,False,Ashby delinea
70,Equip,"Senior Director, Product Marketing",marketing,92,Remote - USA Remote,FullTime,,ashby,https://jobs.ashbyhq.com/equip/984a77f2-4800-4270-9845-2909b370e7e0,,already_contacted,already_emailed,Dillon-Mohr-Resume-Growth-Marketing-Leadership.pdf,True,Ashby equip
71,G2,"Senior Director, Product Marketing",marketing,92,Remote (US),FullTime,,ashby,https://jobs.ashbyhq.com/g2/3fc0e036-ee24-4eff-8883-34662720cf6d,,none,apply_first,Dillon-Mohr-Resume-Growth-Marketing-Leadership.pdf,False,Ashby g2
72,Gametime United,"Senior Director, Product Marketing & Brand",marketing,92,United States - Remote United States - Remote,Full time,"$235,000; $275,000",greenhouse,https://job-boards.greenhouse.io/gametimeunited/jobs/5195086008,,none,apply_first,Dillon-Mohr-Resume-Growth-Marketing-Leadership.pdf,False,Greenhouse gametimeunited
73,GoFundMe,"Senior Director, Consumer Marketing",marketing,92,Remote Remote (United States),Full time,"$195,000 - $292,000",greenhouse,https://job-boards.greenhouse.io/gofundme/jobs/8080535,,none,apply_first,Dillon-Mohr-Resume-Growth-Marketing-Leadership.pdf,False,Greenhouse gofundme
74,Oneapp,"Senior Art Director, Performance Marketing",both,92,United States (Remote) Remote,FullTime,,ashby,https://jobs.ashbyhq.com/oneapp/01f4656c-3f13-4f82-acc7-3e277f0887c0,,none,apply_first,Dillon-Mohr-Resume-Web-Digital-Experience.pdf,False,Ashby oneapp
75,Owner,"Creative Director, Performance Marketing",both,92,San Francisco OnSite,FullTime,$190K-$200K,ashby,https://jobs.ashbyhq.com/owner/f90e954d-ae4f-4c1a-bff7-dc2293c4d081,,none,apply_first,Dillon-Mohr-Resume-Web-Digital-Experience.pdf,False,Ashby owner
76,Real Chemistry,"starpower - Senior Director, Influencer & Entertainment Marketing (Luxury Beauty)",marketing,92,Remote - USA Remote USA,Full time,"$135,000 - $180,000",greenhouse,https://job-boards.greenhouse.io/realchemistry/jobs/5253061008,,none,apply_first,Dillon-Mohr-Resume-Web-Digital-Experience.pdf,False,Greenhouse realchemistry
77,Veeva,Director/Senior Director - Content Strategy EU,marketing,92,United Kingdom - London,Full-Time,,lever,https://jobs.lever.co/veeva/3d990379-a2c4-4c9d-bfad-310cef2597a2,,none,apply_first,Dillon-Mohr-Resume-Growth-Marketing-Leadership.pdf,False,Lever veeva
78,Veeva,Senior Director - Commercial Content Strategy NA,marketing,92,Massachusetts - Boston,Full-Time,,lever,https://jobs.lever.co/veeva/9b2b2aae-705d-47d0-a695-275a03ad8098,,none,apply_first,Dillon-Mohr-Resume-Growth-Marketing-Leadership.pdf,False,Lever veeva
79,Dataiku,Head of Design,web-design,92,"United States, New York; United States, Remote United States, Remote",Full time,,greenhouse,https://job-boards.greenhouse.io/dataiku/jobs/6146009004,,none,apply_first,Dillon-Mohr-Resume-Web-Digital-Experience.pdf,False,Greenhouse dataiku
80,Garden3D,Head of Design,web-design,92,Remote,Full time,,weworkremotely,https://weworkremotely.com/remote-jobs/garden3d-head-of-design,,none,apply_first,Dillon-Mohr-Resume-Web-Digital-Experience.pdf,False,WWR design
81,Odin,Head of Design,web-design,92,New York Hybrid,FullTime,$200k–$270k,ashby,https://jobs.ashbyhq.com/odin/4257c65c-4cf1-43ef-b4d9-9f7367fc5a24,,none,apply_first,Dillon-Mohr-Resume-Web-Digital-Experience.pdf,False,Ashby odin
82,Vanta,Head of Design,web-design,92,Remote U.S. Remote,FullTime,,ashby,https://jobs.ashbyhq.com/Vanta/19837d21-971e-4b9d-b078-320895fae28a,,already_contacted,already_emailed,Dillon-Mohr-Resume-Web-Digital-Experience.pdf,True,Ashby Vanta
83,XION,Head of Design,web-design,92,"NYC, Europe - Remote or hybrid New York City",Full time,,greenhouse,https://job-boards.greenhouse.io/burnt/jobs/4784552008,,none,apply_first,Dillon-Mohr-Resume-Web-Digital-Experience.pdf,False,Greenhouse burnt
84,1Password,"Director, Product Marketing",marketing,86,Remote (United States | Canada) Remote,FullTime,"$203,000; $305,000; $185,000",ashby,https://jobs.ashbyhq.com/1password/6c2a0077-6a12-47c5-b024-cf2de14a6c37,,none,apply_first,Dillon-Mohr-Resume-Growth-Marketing-Leadership.pdf,False,Ashby 1password
85,Absorblms,"Director, Product Marketing",marketing,86,Remote CAN Remote,FullTime,,ashby,https://jobs.ashbyhq.com/absorblms/2e56dfb4-0d95-486d-8667-0d4e9fd19d9a,,none,apply_first,Dillon-Mohr-Resume-Growth-Marketing-Leadership.pdf,False,Ashby absorblms
86,"Acquia, Inc.",Partner Marketing Director,marketing,86,USA,Full-Time,"$174,000—$200,000",jobicy,https://jobicy.com/jobs/151259-partner-marketing-director,,none,apply_first,Dillon-Mohr-Resume-Growth-Marketing-Leadership.pdf,False,Jobicy marketing
87,ActiveCampaign,Director of Product Marketing,marketing,86,USA,Full-Time,,jobicy,https://jobicy.com/jobs/151164-director-of-product-marketing,,none,apply_first,Dillon-Mohr-Resume-Growth-Marketing-Leadership.pdf,False,Jobicy marketing
88,AlphaSense,"Director, Product Marketing – Premium Content & Data",marketing,86,Remote - United States Remote - United States,Full time,"$160,000; $210,000",greenhouse,https://job-boards.greenhouse.io/alphasense/jobs/8428321002,,none,apply_first,Dillon-Mohr-Resume-Growth-Marketing-Leadership.pdf,False,Greenhouse alphasense
89,Articulate,"Sr. Manager, Lifecycle Marketing",marketing,86,USA,Full-Time,"$129,900 to $172,144",jobicy,https://jobicy.com/jobs/151363-sr-manager-lifecycle-marketing,hr@articulate.com,validated,send_ready,Dillon-Mohr-Resume-Growth-Marketing-Leadership.pdf,False,Jobicy marketing
90,Asana,"Product Marketing Director, Asana Service Management",marketing,86,San Francisco San Francisco,Full time,"$207,000 - $243,000",greenhouse,https://www.asana.com/jobs/apply/8038678?gh_jid=8038678,,none,apply_first,Dillon-Mohr-Resume-Growth-Marketing-Leadership.pdf,False,Greenhouse asana
91,Asana,"Product Marketing Director, Command by Asana",marketing,86,San Francisco New York City,Full time,"$207,000 - $243,000",greenhouse,https://www.asana.com/jobs/apply/7920824?gh_jid=7920824,,none,apply_first,Dillon-Mohr-Resume-Growth-Marketing-Leadership.pdf,False,Greenhouse asana
92,AssetWatch,"Sr. Manager, SEO/AEO",marketing,86,USA,Full-Time,,jobicy,https://jobicy.com/jobs/145855-sr-manager-seo-aeo,,none,apply_first,Dillon-Mohr-Resume-Remote-Marketing-SEO-AEO.pdf,False,Jobicy seo
93,"AssetWatch, Inc.","Senior Manager, SEO / AEO",marketing,86,United States United States,Full time,"$115,000; $130,000",greenhouse,https://job-boards.greenhouse.io/assetwatch/jobs/4703639005,,none,apply_first,Dillon-Mohr-Resume-Remote-Marketing-SEO-AEO.pdf,False,Greenhouse assetwatch
94,Audiohook,Director of Performance Marketing Sales,marketing,86,United States Remote,FullTime,,ashby,https://jobs.ashbyhq.com/audiohook/e321eedb-00cc-48a7-a901-5e1a82d4220a,,none,apply_first,Dillon-Mohr-Resume-Growth-Marketing-Leadership.pdf,False,Ashby audiohook
95,Automattic Careers,"Senior Manager, Demand Generation, WordPress VIP",marketing,86,Remote VIP,Full time,"$140,000 - $180,000",greenhouse,https://job-boards.greenhouse.io/automatticcareers/jobs/7946386,,none,apply_first,Dillon-Mohr-Resume-Growth-Marketing-Leadership.pdf,False,Greenhouse automatticcareers
96,Bestow,"Director, Product Marketing",marketing,86,"Remote, US Remote",FullTime,,ashby,https://jobs.ashbyhq.com/bestow/54d885bb-c270-47e5-b837-373219152393,,none,apply_first,Dillon-Mohr-Resume-Growth-Marketing-Leadership.pdf,False,Ashby bestow
97,Brex,"Director, Product Marketing",marketing,86,"New York, New York, United States Salt Lake City, UT San Francisco, CA Seattle, WA",Full time,"$248,600 - $310,750",greenhouse,https://www.brex.com/careers/8447171002?gh_jid=8447171002,,none,apply_first,Dillon-Mohr-Resume-Growth-Marketing-Leadership.pdf,False,Greenhouse brex
98,Captivateiq,"Director, Product Marketing",marketing,86,Remote,Full-time,,lever,https://jobs.lever.co/captivateiq/59cebc18-3e7f-48ef-935f-96a1680b53fd,,none,apply_first,Dillon-Mohr-Resume-Growth-Marketing-Leadership.pdf,False,Lever captivateiq
99,Constructor,Director of Product Marketing,marketing,86,Remote Remote - United States Remote - EMEA Remote,FullTime,,ashby,https://jobs.ashbyhq.com/constructor/1d5e4b81-96ec-4eb8-9f44-7c0402f8aa62,,already_contacted,already_emailed,Dillon-Mohr-Resume-Growth-Marketing-Leadership.pdf,True,Ashby constructor
100,Delinea,"Director, Solutions Marketing",marketing,86,U.S. Remote Remote,FullTime,,ashby,https://jobs.ashbyhq.com/delinea/997994d9-e670-4032-b027-f2f469cf6a49,,none,apply_first,Dillon-Mohr-Resume-Growth-Marketing-Leadership.pdf,False,Ashby delinea
101,Directive,"Associate Director, Paid Media (Remote US) -Future Opening ",marketing,86,"Remote - United States Columbus, OH Tampa, FL Orlando, FL Richmond, VA Houston, TX Phoenix, AZ Philadelphia, PA Austin, TX Atlanta, GA Dallas, TX Detroit, MI Nashville, TN Charlotte, NC Remote",FullTime,"$150k; $100,000 - 135,000",ashby,https://jobs.ashbyhq.com/directive/da59b980-f4f9-4e8b-b0d2-afe3d353311e,,none,apply_first,Dillon-Mohr-Resume-Growth-Marketing-Leadership.pdf,False,Ashby directive
102,Directive,"Associate Director, Paid Media (Remote Canada)- Future Opening ",marketing,86,"Remote - Canada Calgary, AB Ottawa, ON Toronto, ON Vancouver, BC Montreal, QC Remote",FullTime,$150k,ashby,https://jobs.ashbyhq.com/directive/75003dfb-e6d2-4a8c-8107-a5ec1ef9050e,,none,apply_first,Dillon-Mohr-Resume-Growth-Marketing-Leadership.pdf,False,Ashby directive
103,Dropbox,Director of Marketing Strategy,marketing,86,Remote - US: Select locations Canada US,Full time,"$211,100; $285,700; $187,700",greenhouse,https://jobs.dropbox.com/listing/8142720?gh_jid=8142720,,none,apply_first,Dillon-Mohr-Resume-Growth-Marketing-Leadership.pdf,False,Greenhouse dropbox
104,Dropbox,Director of Media Strategy & Activation (Paid Media),marketing,86,Remote - US: Select locations Canada US,Full time,"$205,800; $278,400; $182,900",greenhouse,https://jobs.dropbox.com/listing/8096461?gh_jid=8096461,,none,apply_first,Dillon-Mohr-Resume-Growth-Marketing-Leadership.pdf,False,Greenhouse dropbox
105,DuckDuckGo,"Director, Paid Marketing (Subscriptions)",marketing,86,USA,Full-Time,"$243,800",jobicy,https://jobicy.com/jobs/151283-director-paid-marketing-subscriptions,,already_contacted,already_emailed,Dillon-Mohr-Resume-Growth-Marketing-Leadership.pdf,True,Jobicy marketing
106,Echodyne,"Marketing Director, Americas",marketing,86,USA,Full-Time,"$150,000—$210,000",jobicy,https://jobicy.com/jobs/151968-marketing-director-americas,,none,apply_first,Dillon-Mohr-Resume-Growth-Marketing-Leadership.pdf,False,Jobicy marketing
107,Echodyne Corp,"Marketing Director, Americas",marketing,86,Remote - US Headquarters,Full time,"$150,000; $210,000",greenhouse,https://job-boards.greenhouse.io/echodynecorp/jobs/4685225006,,none,apply_first,Dillon-Mohr-Resume-Growth-Marketing-Leadership.pdf,False,Greenhouse echodynecorp
108,Engine,Director Product Marketing,marketing,86,Remote - US Remote - US,Full time,"$169,830; $235,000",greenhouse,https://job-boards.greenhouse.io/engine/jobs/7819279003,,none,apply_first,Dillon-Mohr-Resume-Growth-Marketing-Leadership.pdf,False,Greenhouse engine
109,Envision Horizons,Director of Marketing,marketing,86,United States - Remote Remote,FullTime,$500K; $500K; $500K,ashby,https://jobs.ashbyhq.com/envision-horizons/d2b76845-41b4-4dcb-9312-8d86ce0972ec,,none,apply_first,Dillon-Mohr-Resume-Growth-Marketing-Leadership.pdf,False,Ashby envision-horizons
110,Ethos Life,"Director, Digital Marketing",marketing,86,Remote US Remote US,Full time,"$150,000 - $266,000",greenhouse,https://job-boards.greenhouse.io/ethoslife/jobs/8615032002,,none,apply_first,Dillon-Mohr-Resume-Growth-Marketing-Leadership.pdf,False,Greenhouse ethoslife
111,Ethos Life,"Director, Product Marketing",marketing,86,Remote US Remote US,Full time,"$162,000 - $287,000",greenhouse,https://job-boards.greenhouse.io/ethoslife/jobs/8737775002,,none,apply_first,Dillon-Mohr-Resume-Growth-Marketing-Leadership.pdf,False,Greenhouse ethoslife
112,FSAStore.com,Director of B2B Marketing & Sales Enablement ,marketing,86,United States Remote,Full time,"$130,000 - 160,000",greenhouse,https://job-boards.greenhouse.io/fsastorecom/jobs/8673631002,,none,apply_first,Dillon-Mohr-Resume-Growth-Marketing-Leadership.pdf,False,Greenhouse fsastorecom
113,Fleetio,"Director, Product Marketing, GTM Strategy",marketing,86,Remote - USA Remote,Full time,,greenhouse,https://job-boards.greenhouse.io/fleetio/jobs/5192196007,,already_contacted,already_emailed,Dillon-Mohr-Resume-Growth-Marketing-Leadership.pdf,True,Greenhouse fleetio
114,Flock Safety,Director of Digital Social Content Strategy,marketing,86,Remote - USA Remote,FullTime,"$200,000; $250,000",ashby,https://jobs.ashbyhq.com/Flock%20Safety/4e01b593-c1b8-4b15-a216-0826c9f76061,,already_contacted,already_emailed,Dillon-Mohr-Resume-Growth-Marketing-Leadership.pdf,True,Ashby Flock Safety
115,Grafana Labs,Marketing Analytics Director  | Canada | Remote,marketing,86,Canada (Remote) USA (Remote),Full time,,greenhouse,https://job-boards.greenhouse.io/grafanalabs/jobs/6107096004,,none,apply_first,Dillon-Mohr-Resume-Growth-Marketing-Leadership.pdf,False,Greenhouse grafanalabs
116,Grafana Labs,Marketing Analytics Director  | United States | Remote,marketing,86,United States (Remote) USA (Remote),Full time,,greenhouse,https://job-boards.greenhouse.io/grafanalabs/jobs/6107094004,,none,apply_first,Dillon-Mohr-Resume-Growth-Marketing-Leadership.pdf,False,Greenhouse grafanalabs
117,Helpscout,"Director, Performance Marketing",marketing,86,United States Remote,FullTime,,ashby,https://jobs.ashbyhq.com/helpscout/ab398cbd-6499-4e4c-8f6f-ddc79aa36cfa,,none,apply_first,Dillon-Mohr-Resume-Growth-Marketing-Leadership.pdf,False,Ashby helpscout
118,Helpscout,Director of Product Marketing,marketing,86,United States Remote,FullTime,,ashby,https://jobs.ashbyhq.com/helpscout/cf7ba0b2-6076-4145-81fc-d851c4469880,,none,apply_first,Dillon-Mohr-Resume-Growth-Marketing-Leadership.pdf,False,Ashby helpscout
119,Hypori,"Senior Manager, Growth Marketing & Demand Generation ",marketing,86,Austin - TX; Remote - US Hypori-Austin,Full time,"$140,000 – $155,000",greenhouse,https://job-boards.greenhouse.io/hypori/jobs/5836565004,,already_contacted,already_emailed,Dillon-Mohr-Resume-Growth-Marketing-Leadership.pdf,True,Greenhouse hypori
120,Instacart,"Director, Enterprise Product Marketing",marketing,86,Canada,Full-Time,"$203,000—$214,000",jobicy,https://jobicy.com/jobs/146099-director-enterprise-product-marketing,,none,apply_first,Dillon-Mohr-Resume-Growth-Marketing-Leadership.pdf,False,Jobicy marketing
121,LearnLux,Director of Enterprise B2B Marketing,marketing,86,"New York, USA United States - Remote",Full time,,greenhouse,https://job-boards.greenhouse.io/learnlux/jobs/5234212008,,none,apply_first,Dillon-Mohr-Resume-Growth-Marketing-Leadership.pdf,False,Greenhouse learnlux
122,Life360,"Director, Marketing Planning and Operations",marketing,86,"Remote, USA Remote, USA",Full time,"$137,000 to $252,000",greenhouse,https://job-boards.greenhouse.io/life360/jobs/8748815002,,none,apply_first,Dillon-Mohr-Resume-Growth-Marketing-Leadership.pdf,False,Greenhouse life360
123,Maven Clinic,"Director, Marketing Operations",marketing,86,"New York, NY; Remote, US (Hub cities) New York, NY Remote",Full time,"$170,000 - $200,000",greenhouse,https://job-boards.greenhouse.io/mavenclinic/jobs/8760173002,,already_contacted,already_emailed,Dillon-Mohr-Resume-Growth-Marketing-Leadership.pdf,True,Greenhouse mavenclinic
124,Modern Health,Director of Product Marketing ,marketing,86,Remote - US,Full time,"$193,900; $228,100; $174,510",greenhouse,https://job-boards.greenhouse.io/modernhealth/jobs/8649839002,,none,apply_first,Dillon-Mohr-Resume-Growth-Marketing-Leadership.pdf,False,Greenhouse modernhealth
125,Ncontracts,"Associate Director, Creative Marketing",marketing,86,Remote Remote,FullTime,,ashby,https://jobs.ashbyhq.com/ncontracts/be1d588d-1a0d-43c1-8ed1-527efbb97c8a,,none,apply_first,Dillon-Mohr-Resume-Growth-Marketing-Leadership.pdf,False,Ashby ncontracts
126,Omniscient,Director of Marketing,marketing,86,New York - Remote Remote,FullTime,,ashby,https://jobs.ashbyhq.com/omniscient/6e9b5612-090b-4da6-85d0-adbf8cfb2f96,,none,apply_first,Dillon-Mohr-Resume-Growth-Marketing-Leadership.pdf,False,Ashby omniscient
127,Oscilar,"Sr. Manager/Director, Brand Marketing",marketing,86,Remote Remote,FullTime,,ashby,https://jobs.ashbyhq.com/oscilar/cab249fe-7f32-457d-bc73-68674d3a7c84,careers@oscilar.com,validated,send_ready,Dillon-Mohr-Resume-Growth-Marketing-Leadership.pdf,False,Ashby oscilar
128,Pomelo Care,"Senior Manager, Growth Marketing (New Ventures)",marketing,86,"United States Remote, USA",Full time,"$130,000-$150,000",greenhouse,https://job-boards.greenhouse.io/pomelocare/jobs/6167545004,careers@pomelocare.com,validated,send_ready,Dillon-Mohr-Resume-Growth-Marketing-Leadership.pdf,False,Greenhouse PomeloCare
129,Rula,Director of B2B Employer Marketing (Remote),marketing,86,Remote - United States Remote,FullTime,,ashby,https://jobs.ashbyhq.com/rula/5d7b5c9b-af41-432f-ba38-6045af9886d5,,already_contacted,already_emailed,Dillon-Mohr-Resume-Growth-Marketing-Leadership.pdf,True,Ashby rula
130,Spring Health,"Director, Downstream Product Marketing",marketing,86,Remote Remote,Full time,"$182,800 - $210,000",greenhouse,https://job-boards.greenhouse.io/springhealth66/jobs/4720651005,,none,apply_first,Dillon-Mohr-Resume-Growth-Marketing-Leadership.pdf,False,Greenhouse springhealth66
131,Surveymonkey,"Senior Manager, Lifecycle Marketing",marketing,86,Canada - Remote Remote,FullTime,"$129,200; $152,000",ashby,https://jobs.ashbyhq.com/surveymonkey/0cf54fd7-db0f-4a87-81b6-a1c2efff1c93,,none,apply_first,Dillon-Mohr-Resume-Growth-Marketing-Leadership.pdf,False,Ashby surveymonkey
132,Veeva,Associate Director Field Marketing - Quality Cloud,marketing,86,Massachusetts - Boston,Full-Time,,lever,https://jobs.lever.co/veeva/60d7394d-cac7-40ed-9480-c6e8626a9bf0,,none,apply_first,Dillon-Mohr-Resume-Growth-Marketing-Leadership.pdf,False,Lever veeva
133,Veeva,Director - Integrated and Field Marketing,marketing,86,New York - New York City,Full-Time,,lever,https://jobs.lever.co/veeva/241951ec-deb8-4aba-922e-1e2ce560b06c,,none,apply_first,Dillon-Mohr-Resume-Growth-Marketing-Leadership.pdf,False,Lever veeva
134,Veeva,Director - Product Marketing,marketing,86,New York - New York City,Full-Time,,lever,https://jobs.lever.co/veeva/2b597ff7-91ef-4416-ae6e-9aa29e85ec7f,,none,apply_first,Dillon-Mohr-Resume-Growth-Marketing-Leadership.pdf,False,Lever veeva
135,Veeva,Director of Marketing,marketing,86,New York - New York City,Full-Time,,lever,https://jobs.lever.co/veeva/2581cb7c-34d1-43a8-8e3a-1e8c16eedc39,,none,apply_first,Dillon-Mohr-Resume-Growth-Marketing-Leadership.pdf,False,Lever veeva
136,Veeva,Director Product Marketing - Clinical Operations,marketing,86,Massachusetts - Boston,Full-Time,,lever,https://jobs.lever.co/veeva/092de314-52a0-4aaf-834f-01f2fd167bde,,none,apply_first,Dillon-Mohr-Resume-Growth-Marketing-Leadership.pdf,False,Lever veeva
137,Veeva,Field Marketing - Senior Manager / Associate Director,marketing,86,New Jersey - Newark,Full-Time,,lever,https://jobs.lever.co/veeva/6394c142-05cf-4be4-91ed-ea635f7fa547,,none,apply_first,Dillon-Mohr-Resume-Growth-Marketing-Leadership.pdf,False,Lever veeva
138,Veeva,Field Marketing Director,marketing,86,Massachusetts - Boston,Full-Time,,lever,https://jobs.lever.co/veeva/85789b15-662d-48e7-b795-ed3cb31872bd,,none,apply_first,Dillon-Mohr-Resume-Growth-Marketing-Leadership.pdf,False,Lever veeva
139,Veeva,Product Marketing - Associate Director / Director,marketing,86,Massachusetts - Boston,Full-Time,,lever,https://jobs.lever.co/veeva/026e07a9-06a6-45aa-b36e-96bb5e4d9fc7,,none,apply_first,Dillon-Mohr-Resume-Growth-Marketing-Leadership.pdf,False,Lever veeva
140,Voltus,Director of Product Marketing,marketing,86,Remote,Full-Time,,lever,https://jobs.lever.co/voltus/e966b65f-09d3-48e1-b96f-508be800ec4f,,none,apply_first,Dillon-Mohr-Resume-Growth-Marketing-Leadership.pdf,False,Lever voltus
141,Wpromote,"Associate Director, Affiliate Marketing",marketing,86,"Remote, United States",Full Time,"$100,000- $113,000",lever,https://jobs.lever.co/wpromote/cbd42e4f-ec2c-4456-b249-722c9a58f240,,none,apply_first,Dillon-Mohr-Resume-Growth-Marketing-Leadership.pdf,False,Lever wpromote
142,Audiohook,Creative Director,web-design,86,United States Remote,FullTime,$150k,ashby,https://jobs.ashbyhq.com/audiohook/3ee13668-5a10-4bd5-bb3b-badef82b3f31,,none,apply_first,Dillon-Mohr-Resume-Web-Digital-Experience.pdf,False,Ashby audiohook
143,Boulevard,Creative Director,web-design,86,Remote - USA Remote - USA,Full time,"$149,500 - $175,000",greenhouse,https://job-boards.greenhouse.io/boulevard/jobs/4672895006,,none,apply_first,Dillon-Mohr-Resume-Web-Digital-Experience.pdf,False,Greenhouse boulevard
144,DEPT®,"Associate Director, Art Director",web-design,86,"NY, US, US, IL, US - Remote DMUS",Full time,"$122,000; $160,000",greenhouse,https://job-boards.greenhouse.io/dept/jobs/8015740,,none,apply_first,Dillon-Mohr-Resume-Web-Digital-Experience.pdf,False,Greenhouse dept
145,DEPT®,"Principal, Art Director - Remote - US ",web-design,86,"NY, US, US, IL, US - Remote DMUS",Full time,"$85,000; $120,000",greenhouse,https://job-boards.greenhouse.io/dept/jobs/7983344,,none,apply_first,Dillon-Mohr-Resume-Web-Digital-Experience.pdf,False,Greenhouse dept
146,DEPT®,"Senior, Art Director",web-design,86,"Capital Federal or Gran Buenos Aires, Argentina; Mar del Plata, Buenos Aires, Argentina DAR",Full time,,greenhouse,https://job-boards.greenhouse.io/dept/jobs/8038449,,none,apply_first,Dillon-Mohr-Resume-Web-Digital-Experience.pdf,False,Greenhouse dept
147,Engine,Creative Director,web-design,86,Remote - US Remote - US,Full time,"$157,505; $218,000",greenhouse,https://job-boards.greenhouse.io/engine/jobs/7820727003,,none,apply_first,Dillon-Mohr-Resume-Web-Digital-Experience.pdf,False,Greenhouse engine
148,Ethos Life,"Creative Director, Paid Social",web-design,86,Remote US Remote US,Full time,"$150,000 - $266,000",greenhouse,https://job-boards.greenhouse.io/ethoslife/jobs/8575634002,,none,apply_first,Dillon-Mohr-Resume-Web-Digital-Experience.pdf,False,Greenhouse ethoslife
149,Material Bank,Associate Creative Director ,web-design,86,Remote Remote,Full time,,greenhouse,https://boards.greenhouse.io/materialbank/jobs/7832332003?gh_jid=7832332003,,none,apply_first,Dillon-Mohr-Resume-Web-Digital-Experience.pdf,False,Greenhouse materialbank
150,Meetingtomorrow,Creative Director for Events,web-design,86,Remote - United States only,Full-time,,lever,https://jobs.lever.co/meetingtomorrow/d4edf4ad-f380-44ff-9683-6ef307fe449b,,none,apply_first,Dillon-Mohr-Resume-Web-Digital-Experience.pdf,False,Lever meetingtomorrow
151,New Relic,"Creative Director, Visual Design ",web-design,86,"Atlanta, Georgia, USA; Austin, Texas, USA; Charleston, South Carolina, USA; Charlotte, North Carolina, USA; Chicago, Illinois, USA; Dallas, Texas, USA; Denver, Colorado, USA; Detroit, Michigan, USA; Houston, Texas, USA; Las Vegas, Nevada, USA; Miami, Florida, USA; Phoenix, Arizona, USA; Pittsburgh, Pennsylvania, USA; Portland, Oregon, USA; Provo, Utah, USA; St. Louis, Missouri, USA Georgia",Full time,"$162,000; $202,000",greenhouse,https://job-boards.greenhouse.io/newrelic/jobs/5356631008,,none,apply_first,Dillon-Mohr-Resume-Web-Digital-Experience.pdf,False,Greenhouse newrelic
152,Performancepixel GmbH,Art Director Performance Creatives (m/w/d),web-design,86,Remote,Full time,,weworkremotely,https://weworkremotely.com/remote-jobs/performancepixel-gmbh-art-director-performance-creatives-m-w-d,,none,apply_first,Dillon-Mohr-Resume-Web-Digital-Experience.pdf,False,WWR design
153,Real Chemistry,"21GRAMS- Associate Creative Director, Copy",web-design,86,Boston - Massachusetts; Carmel - Indiana; Chicago - Illinois; Lambertville - New Jersey; North Carolina; United States Massachusetts,Full time,"$170,000-$190,000",greenhouse,https://job-boards.greenhouse.io/realchemistry/jobs/5376726008,,none,apply_first,Dillon-Mohr-Resume-Web-Digital-Experience.pdf,False,Greenhouse realchemistry
154,Render,Creative Director ,web-design,86,Remote: United States Remote,FullTime,,ashby,https://jobs.ashbyhq.com/render/46584e6a-7116-4376-ad67-f9cad10c0c7d,,none,apply_first,Dillon-Mohr-Resume-Web-Digital-Experience.pdf,False,Ashby render
155,Smalls,Senior Art Director,web-design,86,Remote US Remote,FullTime,,ashby,https://jobs.ashbyhq.com/smalls/ecd0c6d5-0834-420c-880e-a25eaf734d7c,,none,apply_first,Dillon-Mohr-Resume-Web-Digital-Experience.pdf,False,Ashby smalls
156,Start To Finish Consulting GmbH,Creative Strategist / Creative Director (w/m/d),web-design,86,Remote,Full time,,arbeitnow,https://www.arbeitnow.com/jobs/companies/start-to-finish-consulting-gmbh/creative-strategist-creative-director-hamburg-90260,,none,apply_first,Dillon-Mohr-Resume-Web-Digital-Experience.pdf,False,Arbeitnow
157,GitLab,Staff Lifecycle Marketing Manager,marketing,82,"Remote, Canada; Remote, US",Full time,"$139,200; $235,200",greenhouse,https://job-boards.greenhouse.io/gitlab/jobs/8610952002,,already_contacted,already_emailed,Dillon-Mohr-Resume-Growth-Marketing-Leadership.pdf,True,Greenhouse gitlab
158,LTK USA,Associate Design Director,web-design,82,United States USA,Full time,,greenhouse,https://job-boards.greenhouse.io/shopltk/jobs/7740630003,,none,apply_first,Dillon-Mohr-Resume-Web-Digital-Experience.pdf,False,Greenhouse shopltk
159,Airbnb,Business Operations and Growth Lead,marketing,80,United States  United States,Full time,"$168,000; $203,000",greenhouse,https://careers.airbnb.com/positions/7834481?gh_jid=7834481,,none,apply_first,Dillon-Mohr-Resume-Growth-Marketing-Leadership.pdf,False,Greenhouse airbnb
160,Airbnb,"Growth Marketing Lead, SEM",marketing,80,United States United States,Full time,"$160,000; $200,000",greenhouse,https://careers.airbnb.com/positions/8070656?gh_jid=8070656,,none,apply_first,Dillon-Mohr-Resume-Growth-Marketing-Leadership.pdf,False,Greenhouse airbnb
161,Airops,Senior AEO Strategy Lead,marketing,80,"New York , San Francisco or Remote  Remote",FullTime,,ashby,https://jobs.ashbyhq.com/airops/d1fad204-f11d-4142-af3c-864be441a466,,none,apply_first,Dillon-Mohr-Resume-Remote-Marketing-SEO-AEO.pdf,False,Ashby airops
162,Brightwheel,SEO/AEO Lead,marketing,80,United States Remote,FullTime,,ashby,https://jobs.ashbyhq.com/brightwheel/3733e399-1f4b-4672-8462-5780f09139b0,,none,apply_first,Dillon-Mohr-Resume-Remote-Marketing-SEO-AEO.pdf,False,Ashby brightwheel
163,Clera,Growth Marketing Lead,marketing,80,New York Remote,FullTime,"$130,000–$175,000",ashby,https://jobs.ashbyhq.com/clera/c12d8a57-c682-4394-841a-1bd7454bfbb5,,none,apply_first,Dillon-Mohr-Resume-Growth-Marketing-Leadership.pdf,False,Ashby clera
164,Clera,Growth Lead,marketing,80,San Francisco OnSite,FullTime,,ashby,https://jobs.ashbyhq.com/clera/44031f37-947d-4239-8e64-5d0748cf4154,,none,apply_first,Dillon-Mohr-Resume-Growth-Marketing-Leadership.pdf,False,Ashby clera
165,CoinTracker,Growth Marketing Lead,marketing,80,USA,Full-Time,"$160,000 - $188,300",jobicy,https://jobicy.com/jobs/150711-growth-marketing-lead,,none,apply_first,Dillon-Mohr-Resume-Growth-Marketing-Leadership.pdf,False,Jobicy marketing
166,Commure,Growth Lead,marketing,80,San Francisco Bay Area or Remote,FullTime,,ashby,https://jobs.ashbyhq.com/commure/613f9eab-8af5-4f8a-bf99-cf5d2a3962aa,,none,apply_first,Dillon-Mohr-Resume-Growth-Marketing-Leadership.pdf,False,Ashby commure
167,Directive,Lifecycle Marketing Lead (Remote US),marketing,80,"Remote - United States Austin, TX Atlanta, GA Los Angeles, CA New York City, NY Detroit, MI Chicago, IL Remote",FullTime,"$100,000- $120,000",ashby,https://jobs.ashbyhq.com/directive/ec80ce46-62a6-41cb-ab12-47bcdda0a101,recruiting@directiveconsulting.com,blocked_inbox,apply_first,Dillon-Mohr-Resume-Growth-Marketing-Leadership.pdf,False,Ashby directive
168,Directive,Lifecycle Marketing Lead (Remote CAD),marketing,80,"Remote - Canada Calgary, AB Ottawa, ON Toronto, ON Vancouver, BC Montreal, QC Remote",FullTime,,ashby,https://jobs.ashbyhq.com/directive/673afbd2-60cf-4e4e-8b14-0e5ab8b49755,recruiting@directiveconsulting.com,blocked_inbox,apply_first,Dillon-Mohr-Resume-Growth-Marketing-Leadership.pdf,False,Ashby directive
169,Engine,"Growth Marketing Lead, Spend",marketing,80,Remote - US Remote - US,Full time,"$144,500; $200,000",greenhouse,https://job-boards.greenhouse.io/engine/jobs/7733982003,,none,apply_first,Dillon-Mohr-Resume-Growth-Marketing-Leadership.pdf,False,Greenhouse engine
170,FSAStore.com,Growth Marketing Lead,marketing,80,United States Remote,Full time,"$95,000 - $135,000",greenhouse,https://job-boards.greenhouse.io/fsastorecom/jobs/8602803002,,none,apply_first,Dillon-Mohr-Resume-Growth-Marketing-Leadership.pdf,False,Greenhouse fsastorecom
171,Found,Growth Marketing Lead,marketing,80,"San Francisco, New York or Remote (USA) Remote",FullTime,"$170,000 - $230,000",ashby,https://jobs.ashbyhq.com/found/e4bca10f-655a-46fd-9685-1d47c4f415ca,,already_contacted,already_emailed,Dillon-Mohr-Resume-Growth-Marketing-Leadership.pdf,True,Ashby found
172,Graphitehq,SEO/AEO Growth Lead,marketing,80,Mexico United States Spain UK Remote,FullTime,,ashby,https://jobs.ashbyhq.com/Graphitehq/35db0165-3e94-4b66-9b18-f0b1711fbbcb,,already_contacted,already_emailed,Dillon-Mohr-Resume-Remote-Marketing-SEO-AEO.pdf,True,Ashby Graphitehq
173,Hercules,Performance Marketing Lead (Paid Growth),marketing,80,Remote - North America Remote,FullTime,$100k-$250k,ashby,https://jobs.ashbyhq.com/hercules/64be9228-eb38-46e0-a9da-99cdf6541993,,already_contacted,already_emailed,Dillon-Mohr-Resume-Growth-Marketing-Leadership.pdf,True,Ashby hercules
174,Odin,"Founding Growth Lead, VC/PE",marketing,80,London Hybrid,FullTime,,ashby,https://jobs.ashbyhq.com/odin/9c4ac600-2ba0-481e-87bf-f213cd5e3076,,none,apply_first,Dillon-Mohr-Resume-Growth-Marketing-Leadership.pdf,False,Ashby odin
175,Ondo Finance,Growth Marketing Lead,marketing,80,Remote (US) Remote (US),Full time,,greenhouse,https://job-boards.greenhouse.io/ondofinance/jobs/4299257009,,none,apply_first,Dillon-Mohr-Resume-Growth-Marketing-Leadership.pdf,False,Greenhouse ondofinance
176,Openai,New Geography and International Growth Lead,marketing,80,US - Remote Seattle San Francisco Remote,FullTime,,ashby,https://jobs.ashbyhq.com/openai/86c04f38-1938-4e95-a43c-502fc79ff60c,,none,apply_first,Dillon-Mohr-Resume-Growth-Marketing-Leadership.pdf,False,Ashby openai
177,Replit,Japan Growth Lead,marketing,80,Remote - Japan Remote,FullTime,,ashby,https://jobs.ashbyhq.com/replit/999e1432-3edd-453b-b598-ab4b26e1bc5c,,none,apply_first,Dillon-Mohr-Resume-Growth-Marketing-Leadership.pdf,False,Ashby replit
178,Seerinteractive,"Team Lead, SEO",marketing,80,Remote,Full-time,,lever,https://jobs.lever.co/seerinteractive/d25d3769-950e-42ef-aa5c-f8af754a69b6,,none,apply_first,Dillon-Mohr-Resume-Remote-Marketing-SEO-AEO.pdf,False,Lever seerinteractive
179,Surge Ai,Senior Growth Lead,marketing,80,United States - Remote Remote,FullTime,,ashby,https://jobs.ashbyhq.com/surge-ai/f224aeb3-871b-42de-8261-1004fb9a47e4,,none,apply_first,Dillon-Mohr-Resume-Growth-Marketing-Leadership.pdf,False,Ashby surge-ai
180,Surge Ai,Senior Growth & Lifecycle Marketing Lead,marketing,80,United States - Remote Remote,FullTime,,ashby,https://jobs.ashbyhq.com/surge-ai/2b4eba05-2efc-4177-b4df-918705eaf992,,none,apply_first,Dillon-Mohr-Resume-Growth-Marketing-Leadership.pdf,False,Ashby surge-ai
181,Welltheory,Growth Marketing Lead,marketing,80,Remote - US Remote,FullTime,"$123,000 - $140,000",ashby,https://jobs.ashbyhq.com/welltheory/7b1a901c-a448-4ae1-b1e4-e958db222180,,none,apply_first,Dillon-Mohr-Resume-Growth-Marketing-Leadership.pdf,False,Ashby welltheory
182,Wonderly,Local SEO Lead,marketing,80,United States Remote,FullTime,,ashby,https://jobs.ashbyhq.com/wonderly/b93ce171-8e60-4a69-b88c-be1ea36bbe8c,,already_contacted,already_emailed,Dillon-Mohr-Resume-Remote-Marketing-SEO-AEO.pdf,True,Ashby wonderly
183,Absorblms,"Senior Manager, Customer Marketing",marketing,78,Remote CAN Remote,FullTime,,ashby,https://jobs.ashbyhq.com/absorblms/bd8c9455-6ba5-41d9-9f19-8144fb25e9b1,,none,apply_first,Dillon-Mohr-Resume-Growth-Marketing-Leadership.pdf,False,Ashby absorblms
184,Absorblms,"Senior Manager, Content & Search Marketing",marketing,78,Remote CAN Remote,FullTime,,ashby,https://jobs.ashbyhq.com/absorblms/54fbfca7-b8a1-4753-9dce-19fba7cd9b93,,none,apply_first,Dillon-Mohr-Resume-Remote-Marketing-SEO-AEO.pdf,False,Ashby absorblms
185,Boulevard,"Senior Manager, Marketing Operations ",marketing,78,Remote - USA Remote - USA,Full time,"$155,700 - $194,600; $138,300 - $190,200",greenhouse,https://job-boards.greenhouse.io/boulevard/jobs/4688386006,,none,apply_first,Dillon-Mohr-Resume-Growth-Marketing-Leadership.pdf,False,Greenhouse boulevard
186,Fleetio,Sr. Manager Marketing Operations,marketing,78,Remote Remote,Full time,,greenhouse,https://job-boards.greenhouse.io/fleetio/jobs/5207874007,,already_contacted,already_emailed,Dillon-Mohr-Resume-Growth-Marketing-Leadership.pdf,True,Greenhouse fleetio
187,Foodsmart,"Senior Manager, Content & Field Marketing (B2B)",marketing,78,Remote (US),Full-Time,,lever,https://jobs.lever.co/foodsmart/719f9c51-9b7e-4ac6-81e9-43474df72683,,none,apply_first,Dillon-Mohr-Resume-Growth-Marketing-Leadership.pdf,False,Lever foodsmart
188,GoFundMe,"Senior Manager, Content Marketing Nonprofits",marketing,78,Remote Remote (United States),Full time,"$151,000 - $226,000",greenhouse,https://job-boards.greenhouse.io/gofundme/jobs/8095440,,none,apply_first,Dillon-Mohr-Resume-Remote-Marketing-SEO-AEO.pdf,False,Greenhouse gofundme
189,GoFundMe,"Senior Manager, Experiential Marketing",marketing,78,Remote Remote (United States),Full time,"$163,500; $245,500",greenhouse,https://job-boards.greenhouse.io/gofundme/jobs/7984002,,none,apply_first,Dillon-Mohr-Resume-Growth-Marketing-Leadership.pdf,False,Greenhouse gofundme
190,Hypori,"Senior Manager, DIB & CMMC Marketing ",marketing,78,Remote - US Hypori-Austin,Full time,,greenhouse,https://job-boards.greenhouse.io/hypori/jobs/6018663004,,already_contacted,already_emailed,Dillon-Mohr-Resume-Growth-Marketing-Leadership.pdf,True,Greenhouse hypori
191,Kindred,"Senior Manager, Product Marketing",marketing,78,Remote - US Remote,FullTime,,ashby,https://jobs.ashbyhq.com/kindred/42a21c7b-20dc-4202-8352-5f48acbcba83,,none,apply_first,Dillon-Mohr-Resume-Growth-Marketing-Leadership.pdf,False,Ashby kindred
192,Optro,"Senior Manager, Marketing Analytics ",marketing,78,Canada Remote,FullTime,$128K; $176K,ashby,https://jobs.ashbyhq.com/optro/534ad8ca-de7c-47e0-bc88-73dd2cde2890,,none,apply_first,Dillon-Mohr-Resume-Growth-Marketing-Leadership.pdf,False,Ashby optro
193,Pomelo Care,"Senior Manager, Influencer Marketing (New Ventures)",marketing,78,"United States Remote, USA",Full time,"$130,000-$150,000",greenhouse,https://job-boards.greenhouse.io/pomelocare/jobs/6167017004,careers@pomelocare.com,validated,duplicate_inbox,Dillon-Mohr-Resume-Growth-Marketing-Leadership.pdf,False,Greenhouse PomeloCare
194,Seed,"Senior Manager, Product Marketing",marketing,78,Remote Remote,Full time,,greenhouse,https://job-boards.greenhouse.io/seed/jobs/7871578003,,already_contacted,already_emailed,Dillon-Mohr-Resume-Growth-Marketing-Leadership.pdf,True,Greenhouse seed
195,Veeva,Content Marketing - Manager / Senior Manager,marketing,78,Massachusetts - Boston,Full-Time,,lever,https://jobs.lever.co/veeva/2e8674cc-6c9c-4564-aa21-4d205b9b349a,,none,apply_first,Dillon-Mohr-Resume-Remote-Marketing-SEO-AEO.pdf,False,Lever veeva
196,Veeva,Field Marketing - Manager / Senior Manager,marketing,78,Germany - Berlin,Full-Time,,lever,https://jobs.lever.co/veeva/2e90e68f-6846-47ed-9527-12867c852c94,,none,apply_first,Dillon-Mohr-Resume-Growth-Marketing-Leadership.pdf,False,Lever veeva
197,Veeva,Maternity Cover - Field Marketing Manager / Senior Manager,marketing,78,Spain - Barcelona,Full-Time,,lever,https://jobs.lever.co/veeva/cc9dfde6-db75-4c4c-947f-b080e983370d,,none,apply_first,Dillon-Mohr-Resume-Growth-Marketing-Leadership.pdf,False,Lever veeva
198,Veeva,Product Marketing - Manager / Senior Manager,marketing,78,North Carolina - Raleigh,Full-Time,,lever,https://jobs.lever.co/veeva/056356f8-820c-438f-b8a5-727866621382,,none,apply_first,Dillon-Mohr-Resume-Growth-Marketing-Leadership.pdf,False,Lever veeva
199,Veeva,Product Marketing Manager / Senior Manager - Clinical Operations,marketing,78,Illinois - Chicago,Full-Time,,lever,https://jobs.lever.co/veeva/0b3c9ec0-86f3-4a84-9f7b-df27921e5635,,none,apply_first,Dillon-Mohr-Resume-Growth-Marketing-Leadership.pdf,False,Lever veeva
200,Veeva,Senior Manager - Account Based Marketing - QualityOne,marketing,78,Massachusetts - Boston,Full-Time,,lever,https://jobs.lever.co/veeva/3db9efa2-ad50-4448-85c6-682ef0647165,,none,apply_first,Dillon-Mohr-Resume-Growth-Marketing-Leadership.pdf,False,Lever veeva
201,Wellhub,Partner Marketing Senior Manager,marketing,78,France (Paris - Hybrid) Paris,Full time,,greenhouse,https://job-boards.greenhouse.io/gympass/jobs/8648486002,,none,apply_first,Dillon-Mohr-Resume-Growth-Marketing-Leadership.pdf,False,Greenhouse gympass
202,Jane,Staff Product Designer - Growth,web-design,78,Canada/US Remote,FullTime,"$144,000 to $225,000; $180,000",ashby,https://jobs.ashbyhq.com/jane/737fd9b7-8efa-4af5-95dc-5f70c6efa246,,already_contacted,already_emailed,Dillon-Mohr-Resume-Web-Digital-Experience.pdf,True,Ashby jane
203,Kin,"Staff Product Designer, Growth",web-design,78,Remote Remote,FullTime,,ashby,https://jobs.ashbyhq.com/kin/e9d0c9b7-0a62-4dd5-bf8f-34bcf4312f94,careers@kin.com,validated,send_ready,Dillon-Mohr-Resume-Web-Digital-Experience.pdf,False,Ashby kin
204,Phantom,Staff Product Designer - Growth & Engagement,web-design,78,Remote-US Remote,FullTime,"$238,000 to $280,000",ashby,https://jobs.ashbyhq.com/phantom/0844373f-aecc-4290-bd1e-159d15b29ae2,,none,apply_first,Dillon-Mohr-Resume-Web-Digital-Experience.pdf,False,Ashby phantom
205,Reddit,"Staff Product Designer, Growth",web-design,78,Remote - United States Remote - United States,Full time,"$194,600; $272,400",greenhouse,https://job-boards.greenhouse.io/reddit/jobs/7701558,,none,apply_first,Dillon-Mohr-Resume-Web-Digital-Experience.pdf,False,Greenhouse reddit
206,Runway Ml,"Sr./Staff Product Designer, Growth",web-design,78,Remote Remote,FullTime,,ashby,https://jobs.ashbyhq.com/runway-ml/28e151ac-cb29-4695-9041-a9e352624111,,none,apply_first,Dillon-Mohr-Resume-Web-Digital-Experience.pdf,False,Ashby runway-ml
207,1Password,Senior Staff Product Marketing Manager - Enterprise Password Manager,marketing,74,Remote (United States | Canada) Remote,FullTime,"$180,000; $261,000; $152,000",ashby,https://jobs.ashbyhq.com/1password/88aa605e-60a9-4a41-8879-23cb2f634d73,,none,apply_first,Dillon-Mohr-Resume-Growth-Marketing-Leadership.pdf,False,Ashby 1password
208,1Password,"Staff Data Analyst, Marketing",marketing,74,Remote (United States | Canada) Remote,FullTime,"$149,000; $216,000; $131,000",ashby,https://jobs.ashbyhq.com/1password/45393747-1ed7-4eb9-bcda-4c74fe5e9824,,none,apply_first,Dillon-Mohr-Resume-Growth-Marketing-Leadership.pdf,False,Ashby 1password
209,6Sense,Sr. Principal Technical Product Marketing Manager,marketing,74,"United States, Remote United States, Remote",Full time,"$193,044; $230,035",greenhouse,https://boards.greenhouse.io/6sense/jobs/7512125?gh_jid=7512125,jobs@indeed.com,blocked_inbox,apply_first,Dillon-Mohr-Resume-Growth-Marketing-Leadership.pdf,False,Greenhouse 6sense
210,Drata,Principal Product Marketing Manager,marketing,74,Remote - US  Remote,FullTime,"$171,000 -$264,000",ashby,https://jobs.ashbyhq.com/drata/0dd897fb-3279-4268-aab3-8fdb5fbe052a,,none,apply_first,Dillon-Mohr-Resume-Growth-Marketing-Leadership.pdf,False,Ashby drata
211,Duck Duck Go,Creative Design Lead (Marketing Campaigns),both,74,Remote Japan (Remote) Slovakia (Remote) Spain (Remote) Czechia (Remote) Switzerland (Remote) Estonia (Remote) Singapore (Remote) Mexico (Remote) Portugal (Remote) USA (Remote) Kyrgyzstan (Remote) Bulgaria (Remote) Austria (Remote) Iceland (Remote) Hungary (Remote) Finland (Remote) Ireland (Remote) Canada (Remote) South Africa (Remote) Brazil (Remote) Mauritius (Remote) UK (Remote) Romania (Remote) Cyprus (Remote) Malta (Remote) Latvia (Remote) Argentina (Remote) Denmark (Remote) Bosnia and Herzegovina (Remote) Poland (Remote) Uruguay (Remote) Remote,FullTime,"$200,267",ashby,https://jobs.ashbyhq.com/duck-duck-go/2b76bbee-43df-48d4-ba9c-e7e0d6827d6a,,already_contacted,already_emailed,Dillon-Mohr-Resume-Growth-Marketing-Leadership.pdf,True,Ashby duck-duck-go
212,Fin,Principal Product Marketing Manager,marketing,74,"San Francisco, California San Francisco, CA",Full time,"$200,000 - $240,000",greenhouse,https://job-boards.greenhouse.io/intercom/jobs/7232569,,none,apply_first,Dillon-Mohr-Resume-Growth-Marketing-Leadership.pdf,False,Greenhouse intercom
213,Huntress,"Principal Product Marketing Manager, Platform",marketing,74,United States of America United States of America,Full time,"$210,000 to $230,000",greenhouse,https://job-boards.greenhouse.io/huntress/jobs/7772721003,,none,apply_first,Dillon-Mohr-Resume-Growth-Marketing-Leadership.pdf,False,Greenhouse huntress
214,IonQ,"Staff Product Marketing Manager, Space Solutions",marketing,74,"Denver, Colorado; Remote, US Denver, Colorado Remote, US",Full time,"$128,445; $183,450",greenhouse,https://job-boards.greenhouse.io/ionq/jobs/6140179004,,none,apply_first,Dillon-Mohr-Resume-Growth-Marketing-Leadership.pdf,False,Greenhouse ionq
215,Jane,"Principal Product Marketing Manager, Payments and Financial Services",marketing,74,United States Remote,FullTime,"$170,900 – $231,200; $191,000",ashby,https://jobs.ashbyhq.com/jane/415d4bae-698c-4d2c-83e6-9e927a26977c,,already_contacted,already_emailed,Dillon-Mohr-Resume-Growth-Marketing-Leadership.pdf,True,Ashby jane
216,Okta,"Principal Product Manager, Marketing Technology",marketing,74,"Bengaluru, India Bengaluru ",Full time,,greenhouse,https://www.okta.com/company/careers/opportunity/8015002?gh_jid=8015002,,none,apply_first,Dillon-Mohr-Resume-Growth-Marketing-Leadership.pdf,False,Greenhouse okta
217,Smartsheet,Principal Partner Marketing Manager,marketing,74,"-REMOTE, USA- United States",Full time,"$147,500; $192,500",greenhouse,https://job-boards.greenhouse.io/smartsheet/jobs/7847309,,none,apply_first,Dillon-Mohr-Resume-Growth-Marketing-Leadership.pdf,False,Greenhouse smartsheet
218,Smartsheet,Principal Product Marketing Manager — Vertical Industries,marketing,74,"Bellevue, WA, USA United States",Full time,"$185,000; $215,000",greenhouse,https://job-boards.greenhouse.io/smartsheet/jobs/7977812,,none,apply_first,Dillon-Mohr-Resume-Growth-Marketing-Leadership.pdf,False,Greenhouse smartsheet
219,Boldin,Performance Marketing Lead,marketing,72,Remote Remote,Full time,"$140,000 – $175,000",greenhouse,https://job-boards.greenhouse.io/boldin/jobs/4357996009,,none,apply_first,Dillon-Mohr-Resume-Growth-Marketing-Leadership.pdf,False,Greenhouse boldin
220,Brex,Product Marketing Lead,marketing,72,"San Francisco, California, United States New York, NY San Francisco, CA",Full time,"$231,365; $257,075",greenhouse,https://www.brex.com/careers/8402259002?gh_jid=8402259002,,none,apply_first,Dillon-Mohr-Resume-Growth-Marketing-Leadership.pdf,False,Greenhouse brex
221,Canonical,Content marketing lead,marketing,72,EMEA,Full-Time,,jobicy,https://jobicy.com/jobs/149995-content-marketing-lead,,none,apply_first,Dillon-Mohr-Resume-Remote-Marketing-SEO-AEO.pdf,False,Jobicy marketing
222,CapsLock,Performance Marketing Lead (Native Ads),marketing,72,Europe,Full-Time,,jobicy,https://jobicy.com/jobs/148665-performance-marketing-lead-native-ads,,none,apply_first,Dillon-Mohr-Resume-Growth-Marketing-Leadership.pdf,False,Jobicy marketing
223,Consensys,Product Marketing Lead - Trade,marketing,72,"EMEA,  LATAM,  USA",Full-Time,"$146,000—$220,000",jobicy,https://jobicy.com/jobs/149957-product-marketing-lead-trade,,none,apply_first,Dillon-Mohr-Resume-Growth-Marketing-Leadership.pdf,False,Jobicy marketing
224,Directive,Paid Media Lead (Remote US)  ,marketing,72,"Remote - United States Richmond, VA San Francisco, CA Los Angeles, CA New York City, NY Detroit, MI Boston, MA Remote",FullTime,"$90,000- $110,000",ashby,https://jobs.ashbyhq.com/directive/2a0515ba-89bc-404a-b507-a2ecd77ef5ca,,none,apply_first,Dillon-Mohr-Resume-Growth-Marketing-Leadership.pdf,False,Ashby directive
225,GoFundMe,Lead Customer Marketing Manager ,marketing,72,Remote Remote (United States),Full time,"$118,500 - $177,500",greenhouse,https://job-boards.greenhouse.io/gofundme/jobs/8095442,,none,apply_first,Dillon-Mohr-Resume-Growth-Marketing-Leadership.pdf,False,Greenhouse gofundme
226,Launch Potato,"Lead Applied Scientist, Marketing",marketing,72,"Antigua, Guatemala (remote) United States (remote)",Full time,,greenhouse,https://job-boards.greenhouse.io/launch2/jobs/6129614004,,none,apply_first,Dillon-Mohr-Resume-Growth-Marketing-Leadership.pdf,False,Greenhouse launch2
227,Liftoff,Lead Product Marketing Manager,marketing,72,USA,Full-Time,"$153,000 - $180,000; $141,000 - $165,000; $132,000 - $154,000",jobicy,https://jobicy.com/jobs/151328-lead-product-marketing-manager,,none,apply_first,Dillon-Mohr-Resume-Growth-Marketing-Leadership.pdf,False,Jobicy marketing
228,Monzo,"Product Marketing Lead, Core Banking",marketing,72,UK,Full-Time,,jobicy,https://jobicy.com/jobs/145123-product-marketing-lead-core-banking,hiring@monzo.com,validated,send_ready,Dillon-Mohr-Resume-Growth-Marketing-Leadership.pdf,False,Jobicy marketing
229,Oneapp,Marketing Analytics Lead,marketing,72,United States (Remote) Remote,FullTime,"$200,000 to $230,000",ashby,https://jobs.ashbyhq.com/oneapp/4d448494-14c6-45f1-838a-d54cb0e3905d,,none,apply_first,Dillon-Mohr-Resume-Growth-Marketing-Leadership.pdf,False,Ashby oneapp
230,Pendo,Lead Product Marketing Manager - Novus,marketing,72,"Remote / San Francisco, CA / New York, NY / Raleigh, NC  San Francisco, CA",Full time,"$196,300 - $249,000",greenhouse,https://job-boards.greenhouse.io/pendo/jobs/8526974002,,none,apply_first,Dillon-Mohr-Resume-Growth-Marketing-Leadership.pdf,False,Greenhouse pendo
231,Playson,Promo Features Marketing & Commercialisation Lead,marketing,72,Europe,Full-Time,,jobicy,https://jobicy.com/jobs/148220-promo-features-marketing-commercialisation-lead,,none,apply_first,Dillon-Mohr-Resume-Growth-Marketing-Leadership.pdf,False,Jobicy marketing
232,Seon,"Lead Product Marketing Manager, Device Intelligence ",marketing,72,US - Remote Hybrid,FullTime,,ashby,https://jobs.ashbyhq.com/seon/26afcbf3-4b4a-491e-bd6b-317e2b838721,,none,apply_first,Dillon-Mohr-Resume-Growth-Marketing-Leadership.pdf,False,Ashby seon
233,Socure,"Vertical Marketing Lead, Gaming",marketing,72,Remote - USA Remote,FullTime,,ashby,https://jobs.ashbyhq.com/socure/fcc58eff-98b8-44c6-9af9-2a370bbbbc3c,,none,apply_first,Dillon-Mohr-Resume-Growth-Marketing-Leadership.pdf,False,Ashby socure
234,Socure,Developer Marketing Lead,marketing,72,"Remote - USA Hybrid - San Francisco, CA Hybrid - Seattle, WA Hybrid - New York, NY Hybrid - Miami, FL Hybrid",FullTime,,ashby,https://jobs.ashbyhq.com/socure/a641ca31-b679-4ec6-8635-0389f37a10d1,,none,apply_first,Dillon-Mohr-Resume-Growth-Marketing-Leadership.pdf,False,Ashby socure
235,Sporty Group,Performance Marketing Lead – African Markets,marketing,72,EMEA,Full-Time,,jobicy,https://jobicy.com/jobs/148921-performance-marketing-lead-african-markets,,none,apply_first,Dillon-Mohr-Resume-Growth-Marketing-Leadership.pdf,False,Jobicy marketing
236,Squint.Ai,Content Marketing Lead,marketing,72,San Francisco Remote Remote,FullTime,,ashby,https://jobs.ashbyhq.com/squint.ai/d2a99c17-4182-4125-a83a-e7f20a3f9730,,none,apply_first,Dillon-Mohr-Resume-Remote-Marketing-SEO-AEO.pdf,False,Ashby squint.ai
237,The Motley Fool,Revenue Marketing Lead,marketing,72,United States - Remote United States - Remote,Full time,"$130,000; $150,000",greenhouse,https://job-boards.greenhouse.io/themotleyfool/jobs/5209766007,,none,apply_first,Dillon-Mohr-Resume-Growth-Marketing-Leadership.pdf,False,Greenhouse themotleyfool
238,Addepar,Growth Marketing Manager - SFOs,marketing,70,"Remote, USA Remote - United States",Full time,"$94,000 - $148,000",greenhouse,https://job-boards.greenhouse.io/addepar1/jobs/8593067002,,none,apply_first,Dillon-Mohr-Resume-Growth-Marketing-Leadership.pdf,False,Greenhouse addepar1
239,Atomic,Growth Marketing Manager,marketing,70,Anywhere,Full-Time,,jobicy,https://jobicy.com/jobs/151297-growth-marketing-manager-2,,none,apply_first,Dillon-Mohr-Resume-Growth-Marketing-Leadership.pdf,False,Jobicy marketing
240,Audiohook,Demand Generation Manager,marketing,70,United States Remote,FullTime,,ashby,https://jobs.ashbyhq.com/audiohook/8fca5698-8a02-498e-a6c8-e57ed16bab4d,,none,apply_first,Dillon-Mohr-Resume-Growth-Marketing-Leadership.pdf,False,Ashby audiohook
241,Avo,Demand Generation Manager ,marketing,70,Remote  New York United States - Remote,Full time,"$120,000 - $130,000",greenhouse,https://job-boards.greenhouse.io/avomdincdbaavo/jobs/4363046009,,none,apply_first,Dillon-Mohr-Resume-Growth-Marketing-Leadership.pdf,False,Greenhouse avomdincdbaavo
242,Barti,Senior Demand Generation + Growth Marketing Manager,marketing,70,United States Remote,FullTime,"$135,000 - $150,000",ashby,https://jobs.ashbyhq.com/barti/0353c59f-47ba-45da-b255-9486776aca5b,,none,apply_first,Dillon-Mohr-Resume-Growth-Marketing-Leadership.pdf,False,Ashby barti
243,BetterHelp,International SEO/AEO Manager,marketing,70,USA,Full-Time,"$110,000 - $130,000",jobicy,https://jobicy.com/jobs/150057-international-seo-aeo-manager-2,,none,apply_first,Dillon-Mohr-Resume-Remote-Marketing-SEO-AEO.pdf,False,Jobicy seo
244,Canals,Demand Generation Manager,marketing,70,San Francisco Austin New York Miami  Denver Seattle Remote,FullTime,,ashby,https://jobs.ashbyhq.com/canals/71fef8ca-7c37-41d7-ae2b-80fa0930c6a2,,none,apply_first,Dillon-Mohr-Resume-Growth-Marketing-Leadership.pdf,False,Ashby canals
245,Casechek,Growth Marketing Manager,marketing,70,Remote - US Remote,Full time,"$120,000 – $150,000",greenhouse,https://job-boards.greenhouse.io/casechek/jobs/4689226006,,none,apply_first,Dillon-Mohr-Resume-Growth-Marketing-Leadership.pdf,False,Greenhouse casechek
246,Chime,Senior Lifecycle Marketing Manager,marketing,70,USA,Full-Time,"$150,000; $208,000",jobicy,https://jobicy.com/jobs/150166-senior-lifecycle-marketing-manager,,none,apply_first,Dillon-Mohr-Resume-Growth-Marketing-Leadership.pdf,False,Jobicy marketing
247,Consensys,Senior Lifecycle Marketing Manager,marketing,70,"LATAM,  USA",Full-Time,"$115,000—$162,000",jobicy,https://jobicy.com/jobs/151764-senior-lifecycle-marketing-manager-2,,none,apply_first,Dillon-Mohr-Resume-Growth-Marketing-Leadership.pdf,False,Jobicy marketing
248,Constructor,Demand Generation Manager,marketing,70,Remote Remote - Germany Remote - United States Remote - UK Remote - Brazil Remote,FullTime,,ashby,https://jobs.ashbyhq.com/constructor/338e18ed-765e-46b3-be8a-a1c17b2b4564,,already_contacted,already_emailed,Dillon-Mohr-Resume-Growth-Marketing-Leadership.pdf,True,Ashby constructor
249,Counsel,Growth Marketing Manager,marketing,70,Boston Hybrid,FullTime,,ashby,https://jobs.ashbyhq.com/counsel/62249604-a4b6-4789-bc23-2b1c15112b09,careers@counselhealth.com,validated,send_ready,Dillon-Mohr-Resume-Growth-Marketing-Leadership.pdf,False,Ashby counsel
250,DataGrail,Senior Demand Generation Manager,marketing,70,Remote - United States  United States-Remote,Full time,"$140,000; $165,000",greenhouse,https://job-boards.greenhouse.io/datagrail/jobs/7981433003,,none,apply_first,Dillon-Mohr-Resume-Growth-Marketing-Leadership.pdf,False,Greenhouse datagrail
251,Directive,Demand Generation Manager (Remote Canada),marketing,70,"Remote - Canada Calgary, AB Ottawa, ON Toronto, ON Vancouver, BC Montreal, QC Remote",FullTime,,ashby,https://jobs.ashbyhq.com/directive/2dd346a6-4673-4b46-a98e-bb4bc98ee780,,none,apply_first,Dillon-Mohr-Resume-Growth-Marketing-Leadership.pdf,False,Ashby directive
252,Duck Duck Go,Senior Growth Marketing Manager (Subscriptions),marketing,70,Remote USA (Remote) Remote,FullTime,"$178,500",ashby,https://jobs.ashbyhq.com/duck-duck-go/ec51a831-c582-425c-a8cb-3b0bb304e1e0,,already_contacted,already_emailed,Dillon-Mohr-Resume-Growth-Marketing-Leadership.pdf,True,Ashby duck-duck-go
253,Employ,Demand Generation Manager,marketing,70,"Remote, USA",Full-time,,lever,https://jobs.lever.co/employ/04d10c7c-404e-4426-81ca-f48663364727,,none,apply_first,Dillon-Mohr-Resume-Growth-Marketing-Leadership.pdf,False,Lever employ
254,FSAStore.com,"Manager, Lifecycle Marketing",marketing,70,United States Remote,Full time,"$90,000 - $115,000",greenhouse,https://job-boards.greenhouse.io/fsastorecom/jobs/8658814002,,none,apply_first,Dillon-Mohr-Resume-Growth-Marketing-Leadership.pdf,False,Greenhouse fsastorecom
255,Fleetio,Senior Lifecycle Marketing Manager,marketing,70,Remote - USA Remote,Full time,,greenhouse,https://job-boards.greenhouse.io/fleetio/jobs/5186559007,,already_contacted,already_emailed,Dillon-Mohr-Resume-Growth-Marketing-Leadership.pdf,True,Greenhouse fleetio
256,Flex,Lifecycle Marketing Operations Manager,marketing,70,Remote / USA,Full-time,,lever,https://jobs.lever.co/Flex/1c4f4193-80e9-497c-b7b4-b7dd496164e0,,none,apply_first,Dillon-Mohr-Resume-Growth-Marketing-Leadership.pdf,False,Lever Flex
257,G2,Senior Lifecycle Marketing Manager ,marketing,70,Remote (US),FullTime,,ashby,https://jobs.ashbyhq.com/g2/86a4636d-1977-45d1-98ef-4f2f2f4824e4,,none,apply_first,Dillon-Mohr-Resume-Growth-Marketing-Leadership.pdf,False,Ashby g2
258,GitLab,Senior Lifecycle Marketing Manager,marketing,70,"Remote, Canada; Remote, United States",Full time,"$115,200; $194,400",greenhouse,https://job-boards.greenhouse.io/gitlab/jobs/8637075002,,already_contacted,already_emailed,Dillon-Mohr-Resume-Growth-Marketing-Leadership.pdf,True,Greenhouse gitlab
259,GoDaddy,Commerce Lifecycle Marketing Manager,marketing,70,Canada,Full-Time,"$101,500—$152,500",jobicy,https://jobicy.com/jobs/151959-commerce-lifecycle-marketing-manager,myrecruiter@godaddy.com,validated,send_ready,Dillon-Mohr-Resume-Growth-Marketing-Leadership.pdf,False,Jobicy marketing
260,Goteleport,Senior Lifecycle Marketing Manager,marketing,70,United States (Remote) Remote,FullTime,,ashby,https://jobs.ashbyhq.com/goteleport/d8b6bd8a-688b-4fe5-a91e-31dd1e13b00d,,none,apply_first,Dillon-Mohr-Resume-Growth-Marketing-Leadership.pdf,False,Ashby goteleport
261,Grafana Labs, Demand Generation Program Manager | Canada | Remote,marketing,70,Canada (Remote) USA (Remote),Full time,,greenhouse,https://job-boards.greenhouse.io/grafanalabs/jobs/6115636004,,none,apply_first,Dillon-Mohr-Resume-Growth-Marketing-Leadership.pdf,False,Greenhouse grafanalabs
262,Grafana Labs, Demand Generation Program Manager | United States | Remote,marketing,70,United States (Remote) USA (Remote),Full time,,greenhouse,https://job-boards.greenhouse.io/grafanalabs/jobs/6115634004,,none,apply_first,Dillon-Mohr-Resume-Growth-Marketing-Leadership.pdf,False,Greenhouse grafanalabs
263,Grafana Labs,Senior Demand Generation Manager| Canada | Remote,marketing,70,Canada (Remote) USA (Remote),Full time,,greenhouse,https://job-boards.greenhouse.io/grafanalabs/jobs/5836417004,,none,apply_first,Dillon-Mohr-Resume-Growth-Marketing-Leadership.pdf,False,Greenhouse grafanalabs
264,Grafana Labs,Senior Demand Generation Manager | United States | Remote,marketing,70,United States (Remote) USA (Remote),Full time,,greenhouse,https://job-boards.greenhouse.io/grafanalabs/jobs/5836198004,,none,apply_first,Dillon-Mohr-Resume-Growth-Marketing-Leadership.pdf,False,Greenhouse grafanalabs
265,Hightouch,"Growth Marketing Manager, Ad Studio",marketing,70,Remote (North America) Remote,Full time,"$140,000 - $180,000",greenhouse,https://job-boards.greenhouse.io/hightouch/jobs/6142201004,,none,apply_first,Dillon-Mohr-Resume-Growth-Marketing-Leadership.pdf,False,Greenhouse hightouch
266,Infisical,Growth Marketing Manager,marketing,70,"Canada,  USA",Full-Time,,jobicy,https://jobicy.com/jobs/150760-growth-marketing-manager,,already_contacted,already_emailed,Dillon-Mohr-Resume-Growth-Marketing-Leadership.pdf,True,Jobicy marketing
267,"Keyfactor, Inc.",Growth Marketing Manager,marketing,70,"Canada,  USA",Full-Time,,jobicy,https://jobicy.com/jobs/151960-growth-marketing-manager-3,people@keyfactor.com,validated,send_ready,Dillon-Mohr-Resume-Growth-Marketing-Leadership.pdf,False,Jobicy marketing
268,Klaviyo,"Demand Generation Manager,Asia",marketing,70,Singapore Singapore,Full time,,greenhouse,https://www.klaviyo.com/careers/jobs/7818147003?gh_jid=7818147003,,none,apply_first,Dillon-Mohr-Resume-Growth-Marketing-Leadership.pdf,False,Greenhouse klaviyo
269,KnowBe4,Organic Search Manager (Remote),marketing,70,Remote US - Remote,Full time,"$120,000 - $130,000",greenhouse,https://job-boards.greenhouse.io/knowbe4/jobs/8508849002,,already_contacted,already_emailed,Dillon-Mohr-Resume-Remote-Marketing-SEO-AEO.pdf,True,Greenhouse knowbe4
270,KnowBe4,"Snr. Manager, Demand Generation (Remote)",marketing,70,Remote US - Remote,Full time,"$130,000 - $140,000",greenhouse,https://job-boards.greenhouse.io/knowbe4/jobs/8493377002,,already_contacted,already_emailed,Dillon-Mohr-Resume-Growth-Marketing-Leadership.pdf,True,Greenhouse knowbe4
271,LastPass,Senior Growth Product Marketing Manager,marketing,70,Remote - Canada US,Full time,,greenhouse,https://job-boards.greenhouse.io/lastpass/jobs/4715563005,,none,apply_first,Dillon-Mohr-Resume-Growth-Marketing-Leadership.pdf,False,Greenhouse lastpass
272,Life360,SEO/ASO Manager,marketing,70,USA,Full-Time,"$121,500 to $178,500",jobicy,https://jobicy.com/jobs/151174-seo-aso-manager,,none,apply_first,Dillon-Mohr-Resume-Remote-Marketing-SEO-AEO.pdf,False,Jobicy seo
273,Little Spoon,"Senior Lifecycle Marketing Manager, Retention",marketing,70,United States New York City,Full time,"$125,000–$145,000",greenhouse,https://job-boards.greenhouse.io/littlespoon/jobs/4313159009,,none,apply_first,Dillon-Mohr-Resume-Growth-Marketing-Leadership.pdf,False,Greenhouse littlespoon
274,Livekit,Demand Generation Manager,marketing,70,United States Remote,FullTime,,ashby,https://jobs.ashbyhq.com/livekit/0ce55391-93e3-4927-9cf2-3244756a7e2e,,already_contacted,already_emailed,Dillon-Mohr-Resume-Growth-Marketing-Leadership.pdf,True,Ashby livekit
275,Lyft,"Growth Marketing Manager, Lifecycle",marketing,70,"New York, NY New York Office San Francisco Office",Full time,"$128,000 - $160,000",greenhouse,https://app.careerpuck.com/job-board/lyft/job/8623242002?gh_jid=8623242002,,none,apply_first,Dillon-Mohr-Resume-Growth-Marketing-Leadership.pdf,False,Greenhouse lyft
276,Midi Health,Senior Growth Marketing Manager- LPO & Conversion Optimization,marketing,70,Remote Remote,Full time,,greenhouse,https://job-boards.greenhouse.io/midihealth/jobs/4709177005,careers@joinmidi.com,validated,duplicate_inbox,Dillon-Mohr-Resume-Growth-Marketing-Leadership.pdf,False,Greenhouse midihealth
277,Netboxlabs,Senior Demand Generation Manager,marketing,70,US Remote Canada Remote Remote,FullTime,,ashby,https://jobs.ashbyhq.com/netboxlabs/0fd98e8a-54f6-4109-ae6c-22f97db450bc,,none,apply_first,Dillon-Mohr-Resume-Growth-Marketing-Leadership.pdf,False,Ashby netboxlabs
278,Novidea,Regional Growth Marketing Manager,marketing,70,United States Remote,FullTime,,ashby,https://jobs.ashbyhq.com/novidea/06dcf642-d78b-45e5-a024-9477daabdcde,,none,apply_first,Dillon-Mohr-Resume-Growth-Marketing-Leadership.pdf,False,Ashby novidea
279,OLLY,Innovation Brand Manager - Disruptive Growth  ,marketing,70,"Remote, USA Remote",Full time,"$116,000 to $140,000",greenhouse,https://job-boards.greenhouse.io/olly/jobs/4720537005,,none,apply_first,Dillon-Mohr-Resume-Growth-Marketing-Leadership.pdf,False,Greenhouse olly
280,Oneapp,Growth Marketing Channel Manager,marketing,70,United States (Remote) Remote,FullTime,,ashby,https://jobs.ashbyhq.com/oneapp/457ca88b-f9e5-44d4-9df6-ce57c30b356f,,none,apply_first,Dillon-Mohr-Resume-Growth-Marketing-Leadership.pdf,False,Ashby oneapp
281,Optro,Senior Demand Generation Manager ,marketing,70,United States Remote,FullTime,,ashby,https://jobs.ashbyhq.com/optro/188554d4-41ea-4dcb-8993-ebd4d2fb62e2,,none,apply_first,Dillon-Mohr-Resume-Growth-Marketing-Leadership.pdf,False,Ashby optro
282,Orkes,Demand Generation Manager,marketing,70,"Remote US Remote, US",Full time,"$85,000-$105,000",greenhouse,https://job-boards.greenhouse.io/orkes/jobs/5106378008,,none,apply_first,Dillon-Mohr-Resume-Growth-Marketing-Leadership.pdf,False,Greenhouse orkes
283,Outreach,"Senior Growth Marketing Manager, Commercial/Mid-Market",marketing,70,United States,Full-Time,,lever,https://jobs.lever.co/outreach/dd0cc884-9b03-4b4b-9d89-1124da324071,,none,apply_first,Dillon-Mohr-Resume-Growth-Marketing-Leadership.pdf,False,Lever outreach
284,Outreach,"Senior Growth Marketing Manager, Global Strategic",marketing,70,United States,Full-Time,,lever,https://jobs.lever.co/outreach/2b86fc52-f4c7-4c5c-863b-4bba146b914a,,none,apply_first,Dillon-Mohr-Resume-Growth-Marketing-Leadership.pdf,False,Lever outreach
285,Ping Identity,Marketing Automation and Lifecycle Manager,marketing,70,"USA - Remote USA - Remote - Denver, CO",Full time,"$103,000 to $116,000",greenhouse,https://job-boards.greenhouse.io/pingidentity/jobs/8646391002,,none,apply_first,Dillon-Mohr-Resume-Growth-Marketing-Leadership.pdf,False,Greenhouse pingidentity
286,Power Digital,"Growth Marketing Manager, B2B SaaS",marketing,70,Remote,Full time,,weworkremotely,https://weworkremotely.com/remote-jobs/power-digital-growth-marketing-manager-b2b-saas-1,recruiting@powerdigital.com,validated,send_ready,Dillon-Mohr-Resume-Growth-Marketing-Leadership.pdf,False,WWR product
287,Prefect,Senior Growth Marketing Manager ,marketing,70,Remote Remote,FullTime,"$173,000–$222,000; $162,000–$201,000; $154,000–$200,000",ashby,https://jobs.ashbyhq.com/prefect/ad5b381a-aea7-4b82-bb19-3bdd62350b22,,already_contacted,already_emailed,Dillon-Mohr-Resume-Growth-Marketing-Leadership.pdf,True,Ashby prefect
288,Prolific,Growth Marketing Manager,marketing,70,New York Prolific - Hybrid US Prolific - Remote UK,Full time,,greenhouse,https://job-boards.eu.greenhouse.io/prolific/jobs/4937244101,,none,apply_first,Dillon-Mohr-Resume-Growth-Marketing-Leadership.pdf,False,Greenhouse prolific
289,Runway Ml,"Growth Marketing Manager, Paid Channels",marketing,70,"Remote Seattle, WA New York, NY San Francisco, CA Remote",FullTime,,ashby,https://jobs.ashbyhq.com/runway-ml/ad77d776-ff58-4d04-b6ad-20bdd6d91929,,none,apply_first,Dillon-Mohr-Resume-Growth-Marketing-Leadership.pdf,False,Ashby runway-ml
290,Runway Ml,Lifecycle Marketing Manager,marketing,70,"Remote Seattle, WA New York, NY San Francisco, CA Remote",FullTime,,ashby,https://jobs.ashbyhq.com/runway-ml/40589c8a-b1dd-4ecb-b2d4-45dddeabc03f,,none,apply_first,Dillon-Mohr-Resume-Growth-Marketing-Leadership.pdf,False,Ashby runway-ml
291,Second Nature,Growth Marketing Manager,marketing,70,"Remote, USA Remote",FullTime,,ashby,https://jobs.ashbyhq.com/second-nature/3b0edd68-0360-4923-8c4a-6ce2a451af93,,none,apply_first,Dillon-Mohr-Resume-Growth-Marketing-Leadership.pdf,False,Ashby second-nature
292,Seerinteractive,Demand Generation Manager,marketing,70,Remote,Full-time,,lever,https://jobs.lever.co/seerinteractive/4d7a9ca8-e79b-4654-8a49-1b9976227bb7,,none,apply_first,Dillon-Mohr-Resume-Growth-Marketing-Leadership.pdf,False,Lever seerinteractive
293,Seerinteractive,"SEO & GEO, Senior Account Manager",marketing,70,Remote,Full-time,,lever,https://jobs.lever.co/seerinteractive/07b9c780-89ab-4d4c-b70b-725ae5ec668c,,none,apply_first,Dillon-Mohr-Resume-Remote-Marketing-SEO-AEO.pdf,False,Lever seerinteractive
294,Spinnaker Support,Demand Generation Manager,marketing,70,Remote US Remote US,Full time,"$115,000; $125,000",greenhouse,https://job-boards.greenhouse.io/spinnakersupport/jobs/5184810007,,none,apply_first,Dillon-Mohr-Resume-Growth-Marketing-Leadership.pdf,False,Greenhouse spinnakersupport
295,Superhuman Platform Inc,"Senior Demand Generation Marketing Manager, Superhuman Mail",marketing,70,Remote - United States Remote,FullTime,"$152,000 – $209,000; $137,000 – $188,000",ashby,https://jobs.ashbyhq.com/Superhuman%20Platform%20Inc/989c14c3-f61e-4688-afec-c0acba936837,,none,apply_first,Dillon-Mohr-Resume-Growth-Marketing-Leadership.pdf,False,Ashby Superhuman Platform Inc
296,Vanta,Senior Growth Marketing Campaigns Manager,marketing,70,Remote U.S. Remote,FullTime,,ashby,https://jobs.ashbyhq.com/Vanta/0b61d6ac-14a1-4cbf-9613-a8b69bd126e2,,already_contacted,already_emailed,Dillon-Mohr-Resume-Growth-Marketing-Leadership.pdf,True,Ashby Vanta
297,Vclusterlabs,Sr. Demand Generation Manager ,marketing,70,United States Remote,FullTime,,ashby,https://jobs.ashbyhq.com/vclusterlabs/da2fa3ef-21d7-448a-abef-fe2e1a787717,,none,apply_first,Dillon-Mohr-Resume-Growth-Marketing-Leadership.pdf,False,Ashby vclusterlabs
298,Voltus,Marketing Manager - Demand Gen & Field Marketing,marketing,70,Remote,Full-Time,,lever,https://jobs.lever.co/voltus/9432198b-b017-4044-a00e-1d68aededa11,,none,apply_first,Dillon-Mohr-Resume-Growth-Marketing-Leadership.pdf,False,Lever voltus
299,Webflow,"Senior Marketing Manager, Website Growth",marketing,70,U.S. Remote CA Remote (BC & ON only) International Remote U.S. Remote,Full time,"$150,000 - $180,000; $141,500 - $170,000; $131,500 - $158,000",greenhouse,https://job-boards.greenhouse.io/webflow/jobs/8097897,,already_contacted,already_emailed,Dillon-Mohr-Resume-Web-Digital-Experience.pdf,True,Greenhouse webflow
300,Wedgewood Pharmacy,"Marketing Manager, Lifecycle & Growth ",marketing,70,"Portland, ME; Swedesboro, NJ; US Remote Portland, ME Swedesboro, NJ US Remote",Full time,$90K-$120K,greenhouse,https://job-boards.greenhouse.io/wedgewoodpharmacy/jobs/4324761009,,none,apply_first,Dillon-Mohr-Resume-Growth-Marketing-Leadership.pdf,False,Greenhouse wedgewoodpharmacy
301,Wellhub,Demand Generation Manager ,marketing,70,Portugal (Lisbon - Hybrid) Lisbon,Full time,,greenhouse,https://job-boards.greenhouse.io/gympass/jobs/8587354002,,none,apply_first,Dillon-Mohr-Resume-Growth-Marketing-Leadership.pdf,False,Greenhouse gympass
302,Willow Health,Sr. Lifecycle Marketing Manager,marketing,70,Canada (Remote) United States (Remote) Remote,FullTime,,ashby,https://jobs.ashbyhq.com/willow-health/d90a3b0d-5fc2-45ba-bf31-94cdccacaefe,,none,apply_first,Dillon-Mohr-Resume-Growth-Marketing-Leadership.pdf,False,Ashby willow-health
303,"Wiz, Inc.","Growth Marketing Manager, Digital Media",marketing,70,Remote - USA USA - Remote,Full time,"$117,000; $159,000",greenhouse,https://www.wiz.io/careers/job/4702980006/:title?gh_jid=4702980006,,none,apply_first,Dillon-Mohr-Resume-Growth-Marketing-Leadership.pdf,False,Greenhouse wizinc
304,Wizard,"Lifecycle Marketing Manager, AI Commerce",marketing,70,"New York, NY  Remote",Full time,"$125,000 - $175,000",greenhouse,https://job-boards.greenhouse.io/wizardcommerce/jobs/6012596004,,none,apply_first,Dillon-Mohr-Resume-Growth-Marketing-Leadership.pdf,False,Greenhouse wizardcommerce
305,‎ConnectWise,Demand Generation Manager,marketing,70,USA Remote  United States-Remote,Full time,,greenhouse,https://job-boards.greenhouse.io/connectwise/jobs/4724677005,,already_contacted,already_emailed,Dillon-Mohr-Resume-Growth-Marketing-Leadership.pdf,True,Greenhouse connectwise
306,‎ConnectWise,Demand Generation Manager-Cyber,marketing,70,US-Remote United States-Remote,Full time,,greenhouse,https://job-boards.greenhouse.io/connectwise/jobs/4712461005,,already_contacted,already_emailed,Dillon-Mohr-Resume-Growth-Marketing-Leadership.pdf,True,Greenhouse connectwise
307,‎ConnectWise,Demand Generation Manager - Internal IT,marketing,70,USA - Remote United States-Remote,Full time,,greenhouse,https://job-boards.greenhouse.io/connectwise/jobs/4713634005,,already_contacted,already_emailed,Dillon-Mohr-Resume-Growth-Marketing-Leadership.pdf,True,Greenhouse connectwise
308,A Place For Mom,"Staff Product Designer, Provider Experience",web-design,70,Remote-US Remote,FullTime,"$165,000 to $185,000",ashby,https://jobs.ashbyhq.com/a-place-for-mom/c1499901-db2a-4a66-a71c-784c3944669b,,none,apply_first,Dillon-Mohr-Resume-Web-Digital-Experience.pdf,False,Ashby a-place-for-mom
309,A Place For Mom,"Staff Product Designer, Family Experience",web-design,70,Remote-US Remote,FullTime,"$165,000 to $185,000",ashby,https://jobs.ashbyhq.com/a-place-for-mom/ed9d9ea9-3112-499b-a987-dfb49322e858,,none,apply_first,Dillon-Mohr-Resume-Web-Digital-Experience.pdf,False,Ashby a-place-for-mom
310,Affirm,Staff Product Designer,web-design,70,Remote US Remote US,Full time,"$195,000 - $255,000; $173,000 - $233,000",greenhouse,https://job-boards.greenhouse.io/affirm/jobs/7605936003,,none,apply_first,Dillon-Mohr-Resume-Web-Digital-Experience.pdf,False,Greenhouse affirm
311,Affirm,"Staff Product Designer, Agentic Experiences",web-design,70,Remote US Remote US,Full time,"$195,000 - $255,000; $173,000 - $233,000",greenhouse,https://job-boards.greenhouse.io/affirm/jobs/7799295003,,none,apply_first,Dillon-Mohr-Resume-Web-Digital-Experience.pdf,False,Greenhouse affirm
312,AlphaSense,Senior/Staff Product Designer,web-design,70,"Helsinki, Uusimaa, Finland Helsinki United Kingdom",Full time,,greenhouse,https://job-boards.greenhouse.io/alphasense/jobs/8531111002,,none,apply_first,Dillon-Mohr-Resume-Web-Digital-Experience.pdf,False,Greenhouse alphasense
313,AlphaSense," Staff/Senior Product Designer, Mobile",web-design,70,Remote - United Kingdom Helsinki,Full time,,greenhouse,https://job-boards.greenhouse.io/alphasense/jobs/8516322002,,none,apply_first,Dillon-Mohr-Resume-Web-Digital-Experience.pdf,False,Greenhouse alphasense
314,Ashby,Staff Product Designer,web-design,70,Remote - US Austin Los Angeles Portland Salt Lake City Boston Remote - Canada Seattle New York San Francisco Vancouver Denver Toronto Chicago Remote,FullTime,,ashby,https://jobs.ashbyhq.com/Ashby/2373fcd5-144b-4d66-a98b-dd0efb4eb9d1,,none,apply_first,Dillon-Mohr-Resume-Web-Digital-Experience.pdf,False,Ashby Ashby
315,Autodesk,"Sr. Principal Experience Designer, AEC",web-design,70,Flexible / Remote,Full time,"$155,000; $278,300",themuse,https://www.themuse.com/jobs/autodesk/sr-principal-experience-designer-aec,,none,apply_first,Dillon-Mohr-Resume-Web-Digital-Experience.pdf,False,The Muse
316,Blueprint Technologies,Principal Web Strategy & Digital Experience Lead,web-design,70,Remote Bellevue,Full time,"$105,000 to $115,000; $110,000",greenhouse,https://job-boards.greenhouse.io/bpcs/jobs/8082282,,none,apply_first,Dillon-Mohr-Resume-Web-Digital-Experience.pdf,False,Greenhouse bpcs
317,Boulevard,Staff Product Designer,web-design,70,Remote - USA Remote - USA,Full time,"$158,000 - $197,500; $139,500 - $179,800",greenhouse,https://job-boards.greenhouse.io/boulevard/jobs/4692114006,,none,apply_first,Dillon-Mohr-Resume-Web-Digital-Experience.pdf,False,Greenhouse boulevard
318,Brex,Staff Brand Designer,web-design,70,"San Francisco, California, United States San Francisco, CA",Full time,"$187,000 - $234,000",greenhouse,https://www.brex.com/careers/7595422002?gh_jid=7595422002,,none,apply_first,Dillon-Mohr-Resume-Web-Digital-Experience.pdf,False,Greenhouse brex
319,Brex,"Staff Brand Designer, Interactive",web-design,70,"San Francisco, California, United States San Francisco, CA",Full time,"$187,000 - $234,000",greenhouse,https://www.brex.com/careers/8198574002?gh_jid=8198574002,,none,apply_first,Dillon-Mohr-Resume-Web-Digital-Experience.pdf,False,Greenhouse brex
320,Brex,Staff Product Designer,web-design,70,"San Francisco, California, United States San Francisco, CA",Full time,"$240,000 - $300,000",greenhouse,https://www.brex.com/careers/7669111002?gh_jid=7669111002,,none,apply_first,Dillon-Mohr-Resume-Web-Digital-Experience.pdf,False,Greenhouse brex
321,Brex,"Staff Product Designer, AI",web-design,70,"San Francisco, California, United States New York, NY San Francisco, CA Seattle, WA",Full time,"$240,000 - $300,000",greenhouse,https://www.brex.com/careers/8616214002?gh_jid=8616214002,,none,apply_first,Dillon-Mohr-Resume-Web-Digital-Experience.pdf,False,Greenhouse brex
322,ClickUp,Staff Product Designer,web-design,70,United States Remote,FullTime,,ashby,https://jobs.ashbyhq.com/ClickUp/0b715fff-f8c2-4e87-880d-d390bb0cbc40,,already_contacted,already_emailed,Dillon-Mohr-Resume-Web-Digital-Experience.pdf,True,Ashby ClickUp
323,Coinbase,Staff Product Designer (Experience & Engagement),web-design,70,Remote - USA US - Remote Zone 1 (Job Requisitions Only),Full time,"$207,485; $244,100",greenhouse,https://www.coinbase.com/careers/positions/8014564?gh_jid=8014564,,none,apply_first,Dillon-Mohr-Resume-Web-Digital-Experience.pdf,False,Greenhouse coinbase
324,Coinbase,"Staff Product Designer, Financial Services Lead",web-design,70,Remote - USA US - Remote Zone 1 (Job Requisitions Only),Full time,"$207,485; $244,100",greenhouse,https://www.coinbase.com/careers/positions/8064324?gh_jid=8064324,,none,apply_first,Dillon-Mohr-Resume-Web-Digital-Experience.pdf,False,Greenhouse coinbase
325,Customer.Io,Principal Product Designer,web-design,70,Americas Remote Americas Remote,Full time,$245k-$276k,greenhouse,https://job-boards.greenhouse.io/customerio/jobs/7931819,,already_contacted,already_emailed,Dillon-Mohr-Resume-Web-Digital-Experience.pdf,True,Greenhouse customerio
326,Delinea,Principal UX Designer,web-design,70,"Bellevue, WA Hybrid",FullTime,,ashby,https://jobs.ashbyhq.com/delinea/4eeeb3f9-2279-496c-bf71-9613d803f54c,,none,apply_first,Dillon-Mohr-Resume-Web-Digital-Experience.pdf,False,Ashby delinea
327,Dropbox,Staff Product Designer,web-design,70,Remote - US: Select locations Canada Mexico US,Full time,"$200,400; $271,200; $178,200",greenhouse,https://jobs.dropbox.com/listing/8092712?gh_jid=8092712,,none,apply_first,Dillon-Mohr-Resume-Web-Digital-Experience.pdf,False,Greenhouse dropbox
328,Dropzone AI,Principal UX Designer,web-design,70,Remote - US United States - Remote,Full time,"$200,000; $215,000",greenhouse,https://job-boards.greenhouse.io/dropzoneai/jobs/4305735009,,none,apply_first,Dillon-Mohr-Resume-Web-Digital-Experience.pdf,False,Greenhouse dropzoneai
329,Engine,"Staff Product Designer, FinTech",web-design,70,Remote - US Remote - US,Full time,"$155,380; $215,000",greenhouse,https://job-boards.greenhouse.io/engine/jobs/7695468003,,none,apply_first,Dillon-Mohr-Resume-Web-Digital-Experience.pdf,False,Greenhouse engine
330,Ethos Life,Principal Product Designer,web-design,70,Remote US Remote US,Full time,"$165,000 - $292,000",greenhouse,https://job-boards.greenhouse.io/ethoslife/jobs/8631379002,,none,apply_first,Dillon-Mohr-Resume-Web-Digital-Experience.pdf,False,Greenhouse ethoslife
331,Euclid Power,Staff Product Designer,web-design,70,Remote US Remote,FullTime,,ashby,https://jobs.ashbyhq.com/euclid-power/dea96881-ab23-4726-8dd6-ead4db066be2,,none,apply_first,Dillon-Mohr-Resume-Web-Digital-Experience.pdf,False,Ashby euclid-power
332,Fieldguide,Staff Product Designer,web-design,70,USA,Full-Time,,jobicy,https://jobicy.com/jobs/149110-staff-product-designer,,none,apply_first,Dillon-Mohr-Resume-Web-Digital-Experience.pdf,False,Jobicy design
333,Fin,Staff/Principal Product Designer,web-design,70,"Dublin, Ireland Dublin, Ireland London, England",Full time,,greenhouse,https://job-boards.greenhouse.io/intercom/jobs/7862038,,none,apply_first,Dillon-Mohr-Resume-Web-Digital-Experience.pdf,False,Greenhouse intercom
334,Fivetran,Principal Product Designer,web-design,70,"Oakland, California, United States, AMER USA - Oakland",Full time,"$223,987; $279,983",greenhouse,https://www.fivetran.com/careers/job?gh_jid=7656004003,,none,apply_first,Dillon-Mohr-Resume-Web-Digital-Experience.pdf,False,Greenhouse fivetran
335,Gray Swan AI,Staff Product Designer,web-design,70,Remote (U.S. Only) Remote,FullTime,"$ 205,000-$255,000",ashby,https://jobs.ashbyhq.com/Gray%20Swan%20AI/d3e85b89-81fc-4c1e-8367-bdaa22f5d221,,none,apply_first,Dillon-Mohr-Resume-Web-Digital-Experience.pdf,False,Ashby Gray Swan AI
336,Headway,"Staff Product Designer, Group Practices",web-design,70,Flexible / Remote,Full time,"$212,000 - $265,000",themuse,https://www.themuse.com/jobs/headway/staff-product-designer-group-practices,,none,apply_first,Dillon-Mohr-Resume-Web-Digital-Experience.pdf,False,The Muse
337,Headway,"Staff Product Designer, Provider Onboarding",web-design,70,Flexible / Remote,Full time,"$265,000",themuse,https://www.themuse.com/jobs/headway/staff-product-designer-provider-onboarding,,none,apply_first,Dillon-Mohr-Resume-Web-Digital-Experience.pdf,False,The Muse
338,Headway,"Principal Product Designer, Payer",web-design,70,Flexible / Remote,Full time,"$249,600 - $312,000",themuse,https://www.themuse.com/jobs/headway/principal-product-designer-payer,,none,apply_first,Dillon-Mohr-Resume-Web-Digital-Experience.pdf,False,The Muse
339,Hightouch,"Staff Product Designer, AI Creative Tools",web-design,70,"Remote, United States Remote",Full time,,greenhouse,https://job-boards.greenhouse.io/hightouch/jobs/6103070004,,none,apply_first,Dillon-Mohr-Resume-Web-Digital-Experience.pdf,False,Greenhouse hightouch
340,KeepTruckin,Staff Product Designer,web-design,70,Flexible / Remote,Full time,,themuse,https://www.themuse.com/jobs/keeptruckin/staff-product-designer,,none,apply_first,Dillon-Mohr-Resume-Web-Digital-Experience.pdf,False,The Muse
341,Kraken.Com,Staff Product Designer - Consumer,web-design,70,United States Remote,FullTime,,ashby,https://jobs.ashbyhq.com/kraken.com/c726c163-90d7-4471-a70b-546775e7550d,,none,apply_first,Dillon-Mohr-Resume-Web-Digital-Experience.pdf,False,Ashby kraken.com
342,Linear,Senior / Staff Product Designer,web-design,70,North America Remote,FullTime,,ashby,https://jobs.ashbyhq.com/linear/a264869e-f058-487c-ab7f-9b77dffa427c,,none,apply_first,Dillon-Mohr-Resume-Web-Digital-Experience.pdf,False,Ashby linear
343,Linear,Principal Product Designer,web-design,70,Europe Remote,FullTime,,ashby,https://jobs.ashbyhq.com/linear/ba8a41d2-4198-481a-a7f4-e09c5364ff7f,,none,apply_first,Dillon-Mohr-Resume-Web-Digital-Experience.pdf,False,Ashby linear
344,Maven Clinic,"Senior Staff Product Designer, Care Delivery",web-design,70,Flexible / Remote,Full time,"$220,000-$265,000",themuse,https://www.themuse.com/jobs/mavenclinic/senior-staff-product-designer-care-delivery,,already_contacted,already_emailed,Dillon-Mohr-Resume-Web-Digital-Experience.pdf,True,The Muse
345,Mercury,Staff Brand Designer,web-design,70,"San Francisco, CA, New York, NY, Portland, OR, or Remote within Canada or United States Any Office or Remote",Full time,"$189,400; $236,700; $170,400",greenhouse,https://job-boards.greenhouse.io/mercury/jobs/5995303004,,already_contacted,already_emailed,Dillon-Mohr-Resume-Web-Digital-Experience.pdf,True,Greenhouse mercury
346,Mercury,Staff Visual Designer - Design Systems,web-design,70,"San Francisco, CA, New York, NY, Portland, OR, or Remote within Canada or United States Any Office or Remote",Full time,"$228,700; $285,900; $216,200",greenhouse,https://job-boards.greenhouse.io/mercury/jobs/6110742004,,already_contacted,already_emailed,Dillon-Mohr-Resume-Web-Digital-Experience.pdf,True,Greenhouse mercury
347,Monzo,Staff Product Designer,web-design,70,UK,Full-Time,,jobicy,https://jobicy.com/jobs/145298-staff-product-designer-4,,none,apply_first,Dillon-Mohr-Resume-Web-Digital-Experience.pdf,False,Jobicy design
348,New Relic,Principal Product Designer,web-design,70,"Barcelona, Spain Spain",Full time,,greenhouse,https://job-boards.greenhouse.io/newrelic/jobs/5396630008,,none,apply_first,Dillon-Mohr-Resume-Web-Digital-Experience.pdf,False,Greenhouse newrelic
349,OKX,Principal Brand Designer,web-design,70,USA,Full-Time,"$200,355 to $300,533; $160,284 to $240,426; $140,249 to $210,373",jobicy,https://jobicy.com/jobs/148140-principal-brand-designer,,none,apply_first,Dillon-Mohr-Resume-Web-Digital-Experience.pdf,False,Jobicy design
350,Okta,"Staff Product Designer, Login and MFA (Auth0)",web-design,70,"Toronto, Ontario, Canada Toronto",Full time,"$140,000; $192,500",greenhouse,https://www.okta.com/company/careers/opportunity/8137889?gh_jid=8137889,,none,apply_first,Dillon-Mohr-Resume-Web-Digital-Experience.pdf,False,Greenhouse okta
351,OpenSea,Staff Product Designer,web-design,70,"Europe,  USA",Full-Time,"$175,000 to $275,000; $148,750 to $233,750",jobicy,https://jobicy.com/jobs/150773-staff-product-designer-5,,none,apply_first,Dillon-Mohr-Resume-Web-Digital-Experience.pdf,False,Jobicy design
352,Owner,Staff Product Designer,web-design,70,Remote - United States or Canada,FullTime,$190K-$270K,ashby,https://jobs.ashbyhq.com/owner/14876095-0e3c-485b-871a-bc8d0e316e9a,,none,apply_first,Dillon-Mohr-Resume-Web-Digital-Experience.pdf,False,Ashby owner
353,Pluralsight,"Principal Product Designer, Design Systems",web-design,70,Flexible / Remote,Full time,"$148,000-$195,000",themuse,https://www.themuse.com/jobs/pluralsight/principal-product-designer-design-systems,,none,apply_first,Dillon-Mohr-Resume-Web-Digital-Experience.pdf,False,The Muse
354,Reddit,"Principal Product Designer, Presence",web-design,70,USA,Full-Time,"$223,600—$313,000",jobicy,https://jobicy.com/jobs/151139-principal-product-designer-presence,,none,apply_first,Dillon-Mohr-Resume-Web-Digital-Experience.pdf,False,Jobicy design
355,Reddit,"Staff Product Designer, Presence",web-design,70,Remote - United States Remote - United States,Full time,"$194,600; $272,400",greenhouse,https://job-boards.greenhouse.io/reddit/jobs/8120566,,none,apply_first,Dillon-Mohr-Resume-Web-Digital-Experience.pdf,False,Greenhouse reddit
356,Render,Staff Product Designer,web-design,70,Remote: United States Remote,FullTime,,ashby,https://jobs.ashbyhq.com/render/b847e042-6be5-4f8b-b36e-fe6a462cbb63,,none,apply_first,Dillon-Mohr-Resume-Web-Digital-Experience.pdf,False,Ashby render
357,Render,Staff Product Designer - Agent Experience,web-design,70,Remote: United States Remote,FullTime,,ashby,https://jobs.ashbyhq.com/render/b4a86799-59d4-4bf3-9681-23264550f1ea,,none,apply_first,Dillon-Mohr-Resume-Web-Digital-Experience.pdf,False,Ashby render
358,Runway Ml,"Sr./Staff Product Designer, Developer Platform",web-design,70,Remote Remote,FullTime,,ashby,https://jobs.ashbyhq.com/runway-ml/e0fec99f-ae6e-4f92-ac1a-7d227179261f,,none,apply_first,Dillon-Mohr-Resume-Web-Digital-Experience.pdf,False,Ashby runway-ml
359,Salesforce,Principal Product Designer - PMTS,web-design,70,Flexible / Remote,Full time,"$197,300- $313,700; $237,700 - $344,700; $197,300 - $313,700",themuse,https://www.themuse.com/jobs/salesforce/principal-product-designer-pmts,,none,apply_first,Dillon-Mohr-Resume-Web-Digital-Experience.pdf,False,The Muse
360,SoFi,"Staff Product Designer, Home Loans",web-design,70,CA - San Francisco; WA - Seattle WA - Seattle,Full time,,greenhouse,https://sofi.com/careers/job/7268369003?gh_jid=7268369003,,none,apply_first,Dillon-Mohr-Resume-Web-Digital-Experience.pdf,False,Greenhouse sofi
361,Synthesia,"Product Designer, AI-Native Products (Staff-Level / L6)",web-design,70,Europe London Remote,FullTime,,ashby,https://jobs.ashbyhq.com/synthesia/4721d2c3-3d94-45d3-b9f7-ea5e1f549ce2,,none,apply_first,Dillon-Mohr-Resume-Web-Digital-Experience.pdf,False,Ashby synthesia
362,Synthesia,Product Designer (Principal-Level),web-design,70,London Hybrid,FullTime,,ashby,https://jobs.ashbyhq.com/synthesia/3443ade4-e185-4dab-9b3f-7fdc27de72bf,,none,apply_first,Dillon-Mohr-Resume-Web-Digital-Experience.pdf,False,Ashby synthesia
363,Synthesia,"Product Designer, Enterprise (Staff-level / L6) ",web-design,70,London Hybrid,FullTime,,ashby,https://jobs.ashbyhq.com/synthesia/72144066-ff3f-4cdd-b648-743592e414ca,,none,apply_first,Dillon-Mohr-Resume-Web-Digital-Experience.pdf,False,Ashby synthesia
364,Vanta,"Staff Product Designer, Design Systems",web-design,70,Remote U.S. Remote,FullTime,,ashby,https://jobs.ashbyhq.com/Vanta/0fcbc935-76c7-4eac-b522-af421ed200c9,,already_contacted,already_emailed,Dillon-Mohr-Resume-Web-Digital-Experience.pdf,True,Ashby Vanta
365,Vetcove,Staff Product Designer,web-design,70,Remote  Remote,FullTime,"$120,000; $210,000; $130,000 - $190,000",ashby,https://jobs.ashbyhq.com/vetcove/5825a644-8a0c-4104-9d61-688a8d968108,,none,apply_first,Dillon-Mohr-Resume-Web-Digital-Experience.pdf,False,Ashby vetcove
366,Webflow,Staff Brand Designer,web-design,70,Remote,Full time,,weworkremotely,https://weworkremotely.com/remote-jobs/webflow-staff-brand-designer,,already_contacted,already_emailed,Dillon-Mohr-Resume-Web-Digital-Experience.pdf,True,WWR design
367,ClickUp,Lead Brand Designer,web-design,68,United States Remote,FullTime,,ashby,https://jobs.ashbyhq.com/ClickUp/7fb8d11f-7ff7-4f6d-a41e-46e2d12e8774,,already_contacted,already_emailed,Dillon-Mohr-Resume-Web-Digital-Experience.pdf,True,Ashby ClickUp
368,Enterpret,Lead Brand Designer,web-design,68,New York (Remote)  Remote (India),Full time,"$160,000 - $190,000",greenhouse,https://job-boards.greenhouse.io/enterpret/jobs/7801126003,,none,apply_first,Dillon-Mohr-Resume-Web-Digital-Experience.pdf,False,Greenhouse enterpret
369,Goody,Lead Product Designer,web-design,68,United States Canada Remote,FullTime,,ashby,https://jobs.ashbyhq.com/goody/baf72353-b209-42ae-86bc-eb13e56d1319,,none,apply_first,Dillon-Mohr-Resume-Web-Digital-Experience.pdf,False,Ashby goody
370,Maven Clinic,"Design Lead, Consumer",web-design,68,Flexible / Remote,Full time,"$195,000-$230,000",themuse,https://www.themuse.com/jobs/mavenclinic/design-lead-consumer,,already_contacted,already_emailed,Dillon-Mohr-Resume-Web-Digital-Experience.pdf,True,The Muse
371,Motive,"Brand Design Lead, Brand Studio (SF/Bay Area, CA - hybrid)",web-design,68,"United States - San Francisco, California United States",Full time,"$171,000; $236,000; $163,000",greenhouse,https://job-boards.greenhouse.io/gomotive/jobs/8701389002,,none,apply_first,Dillon-Mohr-Resume-Web-Digital-Experience.pdf,False,Greenhouse gomotive
372,Nash,Brand Design Lead,web-design,68,"UK,  USA",Full-Time,,jobicy,https://jobicy.com/jobs/151854-brand-design-lead,,none,apply_first,Dillon-Mohr-Resume-Web-Digital-Experience.pdf,False,Jobicy design
373,Prolific,Lead Product Designer,web-design,68,"Remote, UK Prolific - Remote UK",Full time,,greenhouse,https://job-boards.eu.greenhouse.io/prolific/jobs/4831281101,,none,apply_first,Dillon-Mohr-Resume-Web-Digital-Experience.pdf,False,Greenhouse prolific
374,Salesforce,"Lead Product Designer (LMTS) - Qualified, AI Products",web-design,68,Flexible / Remote,Full time,,themuse,https://www.themuse.com/jobs/salesforce/lead-product-designer-lmts-qualified-ai-products,,none,apply_first,Dillon-Mohr-Resume-Web-Digital-Experience.pdf,False,The Muse
375,Samsara Inc.,Lead Product Designer,web-design,68,Flexible / Remote,Full time,"$137,445 — $231,000",themuse,https://www.themuse.com/jobs/samsarainc/lead-product-designer,,none,apply_first,Dillon-Mohr-Resume-Web-Digital-Experience.pdf,False,The Muse
376,Systra,Senior Transit and Rail Signals Design Lead,web-design,68,Remote,Full time,,weworkremotely,https://weworkremotely.com/remote-jobs/systra-senior-transit-and-rail-signals-design-lead,,none,apply_first,Dillon-Mohr-Resume-Web-Digital-Experience.pdf,False,WWR design
377,HubSpot,Senior Design Manager - Growth Onboarding - East Coast US,web-design,66,Flexible / Remote,Full time,,themuse,https://www.themuse.com/jobs/hubspot/senior-design-manager-growth-onboarding-east-coast-us,,none,apply_first,Dillon-Mohr-Resume-Web-Digital-Experience.pdf,False,The Muse
378,Braze,Lifecycle Marketing Senior Specialist,marketing,64,São Paulo Sao Paulo,Full time,,greenhouse,https://job-boards.greenhouse.io/braze/jobs/8096677,,none,apply_first,Dillon-Mohr-Resume-Growth-Marketing-Leadership.pdf,False,Greenhouse braze
379,Directive,Senior Demand Generation Strategist (Remote Canada),marketing,64,"Remote - Canada Calgary, AB Ottawa, ON Toronto, ON Vancouver, BC Montreal, QC Remote",FullTime,,ashby,https://jobs.ashbyhq.com/directive/d2336399-ff6d-4ed5-95c4-85945c6dff88,,none,apply_first,Dillon-Mohr-Resume-Growth-Marketing-Leadership.pdf,False,Ashby directive
380,Terrahq,Senior SEO & AI Search Strategist,marketing,64,Remote (U.S.),Full-time,,lever,https://jobs.lever.co/terrahq/477546c2-1bac-4cef-b4e1-257deb168dd4,,none,apply_first,Dillon-Mohr-Resume-Remote-Marketing-SEO-AEO.pdf,False,Lever terrahq
381,Absorblms,Product Marketing Manager,marketing,62,Remote CAN Remote,FullTime,,ashby,https://jobs.ashbyhq.com/absorblms/9edd7351-fcf1-4673-9566-a4b3c869ddd6,,none,apply_first,Dillon-Mohr-Resume-Growth-Marketing-Leadership.pdf,False,Ashby absorblms
382,AccuWeather Careers,Go-to-Market & Industry Marketing Manager,marketing,62,"State College, PA or Remote Remote State College",Full time,,greenhouse,https://job-boards.greenhouse.io/accuweather/jobs/8096221,human.resources@accuweather.com,validated,send_ready,Dillon-Mohr-Resume-Growth-Marketing-Leadership.pdf,False,Greenhouse accuweather
383,"Acquia, Inc.","Sr. Product Marketing Manager, Acquia Source",marketing,62,USA,Full-Time,"$130,000—$150,000",jobicy,https://jobicy.com/jobs/151264-sr-product-marketing-manager-acquia-source,,none,apply_first,Dillon-Mohr-Resume-Growth-Marketing-Leadership.pdf,False,Jobicy marketing
384,"Acquia, Inc.","Senior Product Marketing Manager, Cloud Platform & Drupal",marketing,62,USA,Full-Time,"$130,000—$150,000",jobicy,https://jobicy.com/jobs/151261-senior-product-marketing-manager-cloud-platform-drupal,,none,apply_first,Dillon-Mohr-Resume-Growth-Marketing-Leadership.pdf,False,Jobicy marketing
385,Addepar,Ecosystem Marketing Manager,marketing,62,"New York, NY Remote - United States",Full time,"$94,000 - $148,000",greenhouse,https://job-boards.greenhouse.io/addepar1/jobs/8594227002,,none,apply_first,Dillon-Mohr-Resume-Growth-Marketing-Leadership.pdf,False,Greenhouse addepar1
386,Addepar,"Product Marketing Manager, International Markets & Family Offices",marketing,62,"Remote, USA Remote - United States",Full time,"$106,000 - $166,000",greenhouse,https://job-boards.greenhouse.io/addepar1/jobs/8744007002,,none,apply_first,Dillon-Mohr-Resume-Growth-Marketing-Leadership.pdf,False,Greenhouse addepar1
387,Addepar,Sr. Technical Product Marketing Manager,marketing,62,"New York, NY New York, NY",Full time,"$127,000 - $199,000",greenhouse,https://job-boards.greenhouse.io/addepar1/jobs/8556329002,,none,apply_first,Dillon-Mohr-Resume-Growth-Marketing-Leadership.pdf,False,Greenhouse addepar1
388,Addepar,Technical Product Marketing Manager,marketing,62,"New York, NY New York, NY",Full time,"$106,000 - $166,000",greenhouse,https://job-boards.greenhouse.io/addepar1/jobs/8734868002,,none,apply_first,Dillon-Mohr-Resume-Growth-Marketing-Leadership.pdf,False,Greenhouse addepar1
389,Affirm,Brand Marketing Manager,marketing,62,Remote US Remote Canada Remote US,Full time,"$165,000 - $225,000; $146,000 - $206,000",greenhouse,https://job-boards.greenhouse.io/affirm/jobs/7872406003,,none,apply_first,Dillon-Mohr-Resume-Growth-Marketing-Leadership.pdf,False,Greenhouse affirm
390,Affirm,Product Marketing Manager,marketing,62,Remote US Remote US,Full time,"$185,000 - $245,000; $164,000 - $224,000",greenhouse,https://job-boards.greenhouse.io/affirm/jobs/7773695003,,none,apply_first,Dillon-Mohr-Resume-Growth-Marketing-Leadership.pdf,False,Greenhouse affirm
391,Airops,Marketing & Sales Operations Manager ,marketing,62,"New York , San Francisco or US-Remote",FullTime,,ashby,https://jobs.ashbyhq.com/airops/447fd2a4-bac7-49b5-ba69-32d9b2837ed9,,none,apply_first,Dillon-Mohr-Resume-Growth-Marketing-Leadership.pdf,False,Ashby airops
392,ApartmentIQ,Digital Events Marketing Manager,marketing,62,Remote ApartmentIQ,Full time,,greenhouse,https://job-boards.greenhouse.io/apartmentiq/jobs/8040161,,none,apply_first,Dillon-Mohr-Resume-Growth-Marketing-Leadership.pdf,False,Greenhouse apartmentiq
393,Apollo.Io,Senior Content Marketing Manager,marketing,62,"Remote, United States United States",Full time,"$188,400; $235,400; $163,800",greenhouse,https://job-boards.greenhouse.io/apolloio/jobs/6001895004,,none,apply_first,Dillon-Mohr-Resume-Remote-Marketing-SEO-AEO.pdf,False,Greenhouse apolloio
394,Apollo.Io,Senior Direct Marketing Manager II,marketing,62,"Remote, United States United States",Full time,"$188,000; $230,000; $163,000",greenhouse,https://job-boards.greenhouse.io/apolloio/jobs/6129811004,,none,apply_first,Dillon-Mohr-Resume-Growth-Marketing-Leadership.pdf,False,Greenhouse apolloio
395,Arkestro,Digital Marketing Manager,marketing,62,Remote,Full time,"$100,000; $130,000",greenhouse,https://job-boards.greenhouse.io/arkestroinc/jobs/5186861007,,none,apply_first,Dillon-Mohr-Resume-Growth-Marketing-Leadership.pdf,False,Greenhouse arkestroinc
396,Arkestro,Field Marketing Manager,marketing,62,Remote,Full time,"$100,000; $125,000",greenhouse,https://job-boards.greenhouse.io/arkestroinc/jobs/5180940007,,none,apply_first,Dillon-Mohr-Resume-Growth-Marketing-Leadership.pdf,False,Greenhouse arkestroinc
397,Asana,Field Marketing Manager,marketing,62,San Francisco San Francisco,Full time,"$133,000 - $151,000",greenhouse,https://www.asana.com/jobs/apply/8113282?gh_jid=8113282,,none,apply_first,Dillon-Mohr-Resume-Growth-Marketing-Leadership.pdf,False,Greenhouse asana
398,Ashby,Marketing Strategy & Operations Manager,marketing,62,Remote - US Remote - Canada Remote,FullTime,,ashby,https://jobs.ashbyhq.com/Ashby/2c459f12-4a0b-4efa-ba07-a8bd9ac38260,,none,apply_first,Dillon-Mohr-Resume-Growth-Marketing-Leadership.pdf,False,Ashby Ashby
399,Ashby,"Sr. Product Marketing Manager, Enterprise",marketing,62,Remote - US Remote,FullTime,,ashby,https://jobs.ashbyhq.com/Ashby/1290fe74-72f6-4544-ad7d-562f89ecd780,,none,apply_first,Dillon-Mohr-Resume-Growth-Marketing-Leadership.pdf,False,Ashby Ashby
400,Ashby,Marketing Strategy & Planning Manager,marketing,62,Remote - US Remote - Canada Remote,FullTime,,ashby,https://jobs.ashbyhq.com/Ashby/2107ff75-aa4e-4097-aef6-a76c04df3103,,none,apply_first,Dillon-Mohr-Resume-Growth-Marketing-Leadership.pdf,False,Ashby Ashby
401,AssetWatch,B2B Marketing Manager,marketing,62,"Canada,  USA",Full-Time,"$100,000—$121,000",jobicy,https://jobicy.com/jobs/150922-b2b-marketing-manager,,none,apply_first,Dillon-Mohr-Resume-Growth-Marketing-Leadership.pdf,False,Jobicy marketing
402,"AssetWatch, Inc.",B2B Marketing Manager,marketing,62,United States United States,Full time,"$100,000; $121,000",greenhouse,https://job-boards.greenhouse.io/assetwatch/jobs/4715319005,,none,apply_first,Dillon-Mohr-Resume-Growth-Marketing-Leadership.pdf,False,Greenhouse assetwatch
403,"AssetWatch, Inc.",Field & Partner Marketing Manager,marketing,62,Remote United States,Full time,"$95,000; $100,000",greenhouse,https://job-boards.greenhouse.io/assetwatch/jobs/4729654005,,none,apply_first,Dillon-Mohr-Resume-Growth-Marketing-Leadership.pdf,False,Greenhouse assetwatch
404,"AssetWatch, Inc.",Integrated Marketing Campaign Manager,marketing,62,United States United States,Full time,"$100,000; $121,000",greenhouse,https://job-boards.greenhouse.io/assetwatch/jobs/4703524005,,none,apply_first,Dillon-Mohr-Resume-Growth-Marketing-Leadership.pdf,False,Greenhouse assetwatch
405,"AssetWatch, Inc.",Strategic Marketing Programs Manager,marketing,62,Remote United States,Full time,"$95,000; $100,000",greenhouse,https://job-boards.greenhouse.io/assetwatch/jobs/4699524005,,none,apply_first,Dillon-Mohr-Resume-Growth-Marketing-Leadership.pdf,False,Greenhouse assetwatch
406,Audiohook,Product Marketing Manager,marketing,62,United States Remote,FullTime,,ashby,https://jobs.ashbyhq.com/audiohook/5d8e16bb-6bc9-4294-9762-37419ad319fa,,none,apply_first,Dillon-Mohr-Resume-Growth-Marketing-Leadership.pdf,False,Ashby audiohook
407,Authentic8,Sr. Content Marketing Manager,marketing,62,Remote - United States,Full-time,,lever,https://jobs.lever.co/authentic8/adfd9fa8-f386-41a9-bdd3-b62ea4e5012d,,none,apply_first,Dillon-Mohr-Resume-Remote-Marketing-SEO-AEO.pdf,False,Lever authentic8
408,B12,Marketing Manager,marketing,62,Remote,Full time,,greenhouse,https://job-boards.greenhouse.io/b12/jobs/7987863,,none,apply_first,Dillon-Mohr-Resume-Growth-Marketing-Leadership.pdf,False,Greenhouse b12
409,Bestow,Integrated Marketing Manager,marketing,62,"Remote, US Remote",FullTime,,ashby,https://jobs.ashbyhq.com/bestow/d20b55ca-9ca7-4885-b94e-cb1baa02e983,,none,apply_first,Dillon-Mohr-Resume-Growth-Marketing-Leadership.pdf,False,Ashby bestow
410,Black Girl Ventures Foundation,Sr. Marketing Manager,marketing,62,Flexible / Remote,Full time,,themuse,https://www.themuse.com/jobs/blackgirlventuresfoundation/sr-marketing-manager,,none,apply_first,Dillon-Mohr-Resume-Growth-Marketing-Leadership.pdf,False,The Muse
411,Blueprint Technologies,Web & Marketing Analytics Manager,marketing,62,Remote Bellevue,Full time,,greenhouse,https://job-boards.greenhouse.io/bpcs/jobs/8082245,,none,apply_first,Dillon-Mohr-Resume-Growth-Marketing-Leadership.pdf,False,Greenhouse bpcs
412,Boulevard,"Senior Product Marketing Manager, Enterprise Segment ",marketing,62,Remote - USA Remote - USA,Full time,"$123,000-$154,000; $112,000 - $154,000",greenhouse,https://job-boards.greenhouse.io/boulevard/jobs/4700762006,,none,apply_first,Dillon-Mohr-Resume-Growth-Marketing-Leadership.pdf,False,Greenhouse boulevard
413,Brex,"Compliance Manager, Marketing",marketing,62,"San Francisco, California, United States San Francisco, CA",Full time,"$159,000 - $198,000",greenhouse,https://www.brex.com/careers/8544757002?gh_jid=8544757002,,none,apply_first,Dillon-Mohr-Resume-Growth-Marketing-Leadership.pdf,False,Greenhouse brex
414,Brex,Senior Partner Marketing Manager,marketing,62,"San Francisco, California, United States New York, NY San Francisco, CA Seattle, WA",Full time,"$131,080 - 163,850",greenhouse,https://www.brex.com/careers/8578101002?gh_jid=8578101002,,none,apply_first,Dillon-Mohr-Resume-Growth-Marketing-Leadership.pdf,False,Greenhouse brex
415,Canonical,Senior Marketing Automation Manager,marketing,62,EMEA,Full-Time,,jobicy,https://jobicy.com/jobs/146167-senior-marketing-automation-manager,,none,apply_first,Dillon-Mohr-Resume-Growth-Marketing-Leadership.pdf,False,Jobicy marketing
416,Canonical,Content Marketing Manager,marketing,62,EMEA,Full-Time,,jobicy,https://jobicy.com/jobs/148920-content-marketing-manager-3,,none,apply_first,Dillon-Mohr-Resume-Remote-Marketing-SEO-AEO.pdf,False,Jobicy marketing
417,Canonical,Marketing Manager,marketing,62,"EMEA,  LATAM,  Canada,  USA",Full-Time,,jobicy,https://jobicy.com/jobs/148814-marketing-manager,,none,apply_first,Dillon-Mohr-Resume-Growth-Marketing-Leadership.pdf,False,Jobicy marketing
418,Casechek,Solution Marketing Manager,marketing,62,Remote Remote,Full time,"$130,000 – $160,000",greenhouse,https://job-boards.greenhouse.io/casechek/jobs/4689225006,,none,apply_first,Dillon-Mohr-Resume-Growth-Marketing-Leadership.pdf,False,Greenhouse casechek
419,Chainguard,Sr. Field Marketing Manager - NY Metro,marketing,62,United States - Remote Remote - US,Full time,"$161,000 - $189,750; $140,000; $165,000",greenhouse,https://job-boards.greenhouse.io/chainguard/jobs/4688506006,,none,apply_first,Dillon-Mohr-Resume-Growth-Marketing-Leadership.pdf,False,Greenhouse chainguard
420,ChargePoint,ABM & Field Marketing Manager,marketing,62,USA,Full-Time,"$106,000 to $150,000",jobicy,https://jobicy.com/jobs/151724-abm-field-marketing-manager,,none,apply_first,Dillon-Mohr-Resume-Growth-Marketing-Leadership.pdf,False,Jobicy marketing
421,ChargePoint,Marketing Manager - Europe,marketing,62,"Europe,  France,  Germany,  Netherlands,  UK",Full-Time,,jobicy,https://jobicy.com/jobs/150931-marketing-manager-europe,,none,apply_first,Dillon-Mohr-Resume-Growth-Marketing-Leadership.pdf,False,Jobicy marketing
422,Cloudflare,Senior Marketing Systems and Automation Manager,marketing,62,"Hybrid Austin, TX New York, NY San Francisco, CA",Full time,"$134,000 - $184,000; $126,000 - $176,000",greenhouse,https://boards.greenhouse.io/cloudflare/jobs/8122101?gh_jid=8122101,hr@cloudflare.com,validated,send_ready,Dillon-Mohr-Resume-Growth-Marketing-Leadership.pdf,False,Greenhouse cloudflare
423,Coinbase,"Performance Marketing Manager, Global",marketing,62,Remote - USA US - Remote Zone 1 (Job Requisitions Only),Full time,"$140,080; $200,900",greenhouse,https://www.coinbase.com/careers/positions/8008372?gh_jid=8008372,,none,apply_first,Dillon-Mohr-Resume-Growth-Marketing-Leadership.pdf,False,Greenhouse coinbase
424,Coinbase,"Product Marketing Manager, Prediction Markets",marketing,62,Remote - USA US - Remote Zone 1 (Job Requisitions Only),Full time,"$140,080; $164,800",greenhouse,https://www.coinbase.com/careers/positions/7982771?gh_jid=7982771,,none,apply_first,Dillon-Mohr-Resume-Growth-Marketing-Leadership.pdf,False,Greenhouse coinbase
425,Coinbase,"Product Marketing Manager, Prime & Markets",marketing,62,Remote - USA US - Remote Zone 2 (Job Requisitions Only),Full time,"$140,080; $164,800",greenhouse,https://www.coinbase.com/careers/positions/7572514?gh_jid=7572514,,none,apply_first,Dillon-Mohr-Resume-Growth-Marketing-Leadership.pdf,False,Greenhouse coinbase
426,Coinbase,"Senior Enterprise Product  Marketing Manager, Base",marketing,62,Remote - USA US - Remote Zone 1 (Job Requisitions Only),Full time,"$170,765; $200,900",greenhouse,https://www.coinbase.com/careers/positions/8084049?gh_jid=8084049,,none,apply_first,Dillon-Mohr-Resume-Growth-Marketing-Leadership.pdf,False,Greenhouse coinbase
427,Coinbase,"Senior Product Marketing Manager, Trading ",marketing,62,Remote - USA US - Remote Zone 1 (Job Requisitions Only),Full time,"$170,765; $200,900",greenhouse,https://www.coinbase.com/careers/positions/8077090?gh_jid=8077090,,none,apply_first,Dillon-Mohr-Resume-Growth-Marketing-Leadership.pdf,False,Greenhouse coinbase
428,Customer.Io,Technical Marketing Operations Manager,marketing,62,Americas Remote Americas Remote,Full time,"$105,000-$125,000",greenhouse,https://job-boards.greenhouse.io/customerio/jobs/8054502,,already_contacted,already_emailed,Dillon-Mohr-Resume-Growth-Marketing-Leadership.pdf,True,Greenhouse customerio
429,DataGrail,Senior Product Marketing Manager,marketing,62,USA,Full-Time,"$150,000—$170,000",jobicy,https://jobicy.com/jobs/151531-senior-product-marketing-manager-3,,none,apply_first,Dillon-Mohr-Resume-Growth-Marketing-Leadership.pdf,False,Jobicy marketing
430,Dataiku,Product Marketing Manager,marketing,62,USA,Full-Time,"$100,000—$150,000",jobicy,https://jobicy.com/jobs/151480-product-marketing-manager-2,,none,apply_first,Dillon-Mohr-Resume-Growth-Marketing-Leadership.pdf,False,Jobicy marketing
431,DoiT,Customer Marketing Manager,marketing,62,Remote Canada Remote US,Full time,,greenhouse,https://job-boards.greenhouse.io/doitintl/jobs/7929235003,,none,apply_first,Dillon-Mohr-Resume-Growth-Marketing-Leadership.pdf,False,Greenhouse doitintl
432,DoiT,Data Platform Marketing Manager - SELECT by DoiT,marketing,62,Remote Canada Remote US,Full time,,greenhouse,https://job-boards.greenhouse.io/doitintl/jobs/7648546003,,none,apply_first,Dillon-Mohr-Resume-Growth-Marketing-Leadership.pdf,False,Greenhouse doitintl
433,DoiT,"Marketing Manager, Channel/Partners",marketing,62,Remote US Remote US,Full time,,greenhouse,https://job-boards.greenhouse.io/doitintl/jobs/7929657003,,none,apply_first,Dillon-Mohr-Resume-Growth-Marketing-Leadership.pdf,False,Greenhouse doitintl
434,Dropbox,Senior Account Based Marketing Manager,marketing,62,Remote - Canada: Select locations Canada US,Full time,,greenhouse,https://jobs.dropbox.com/listing/8096471?gh_jid=8096471,,none,apply_first,Dillon-Mohr-Resume-Growth-Marketing-Leadership.pdf,False,Greenhouse dropbox
435,Dropbox,"Senior Partner Marketing Manager, AI & ISV Ecosystem",marketing,62,Remote - US: Select locations Canada US,Full time,"$185,100; $250,500; $164,600",greenhouse,https://jobs.dropbox.com/listing/8109599?gh_jid=8109599,,none,apply_first,Dillon-Mohr-Resume-Growth-Marketing-Leadership.pdf,False,Greenhouse dropbox
436,Dropzone AI,Senior Product Marketing Manager,marketing,62,Remote - US United States - Remote,Full time,"$170,000; $180,000",greenhouse,https://job-boards.greenhouse.io/dropzoneai/jobs/4337212009,,none,apply_first,Dillon-Mohr-Resume-Growth-Marketing-Leadership.pdf,False,Greenhouse dropzoneai
437,Echodyne Corp,Marketing Manager,marketing,62,"Kirkland, WA Headquarters",Full time,"$104,030; $155,839",greenhouse,https://job-boards.greenhouse.io/echodynecorp/jobs/4701746006,,none,apply_first,Dillon-Mohr-Resume-Growth-Marketing-Leadership.pdf,False,Greenhouse echodynecorp
438,EnergyHub,Product Marketing Manager,marketing,62,"Remote - United States Brooklyn, NY",Full time,"$120,000; $145,000",greenhouse,https://job-boards.greenhouse.io/energyhub/jobs/8420232002,,none,apply_first,Dillon-Mohr-Resume-Growth-Marketing-Leadership.pdf,False,Greenhouse energyhub
439,Enformion,Marketing Operations Manager ,marketing,62,Remote Sacramento ,Full time,"$100k - $120k; $100,000– $120,000",greenhouse,https://job-boards.greenhouse.io/enformion/jobs/5203787007,,none,apply_first,Dillon-Mohr-Resume-Growth-Marketing-Leadership.pdf,False,Greenhouse enformion
440,Engine,"Senior Performance Marketing Manager, Travel",marketing,62,Remote - US Remote - US,Full time,"$130,050; $180,000",greenhouse,https://job-boards.greenhouse.io/engine/jobs/7778122003,,none,apply_first,Dillon-Mohr-Resume-Growth-Marketing-Leadership.pdf,False,Greenhouse engine
441,Eve,Performance Marketing Manager,marketing,62,Remote - US Remote - US,Full time,"$95,000; $110,000",greenhouse,https://job-boards.greenhouse.io/eve/jobs/4341646009,,none,apply_first,Dillon-Mohr-Resume-Growth-Marketing-Leadership.pdf,False,Greenhouse eve
442,Eve,Senior Product Marketing Manager - Competitive Intelligence,marketing,62,Remote - US Remote - US,Full time,"$160,000; $270,000",greenhouse,https://job-boards.greenhouse.io/eve/jobs/4308507009,,none,apply_first,Dillon-Mohr-Resume-Growth-Marketing-Leadership.pdf,False,Greenhouse eve
443,Eve,Senior Product Marketing Manager - Core,marketing,62,Remote - US Remote - US,Full time,"$160,000; $270,000",greenhouse,https://job-boards.greenhouse.io/eve/jobs/4362427009,,none,apply_first,Dillon-Mohr-Resume-Growth-Marketing-Leadership.pdf,False,Greenhouse eve
444,Fin,Senior Audience Marketing Manager,marketing,62,"London, England London, England",Full time,,greenhouse,https://job-boards.greenhouse.io/intercom/jobs/8069036,,none,apply_first,Dillon-Mohr-Resume-Growth-Marketing-Leadership.pdf,False,Greenhouse intercom
445,Flex,"Senior Product Marketing Manager, Flex",marketing,62,Remote / USA,Full-time,,lever,https://jobs.lever.co/Flex/39a67a76-74dc-494f-9890-bedf83788a01,,none,apply_first,Dillon-Mohr-Resume-Growth-Marketing-Leadership.pdf,False,Lever Flex
446,Fresh Prints,Account-Based Marketing Manager,marketing,62,Philippines,Full-Time,,jobicy,https://jobicy.com/jobs/150787-account-based-marketing-manager,,none,apply_first,Dillon-Mohr-Resume-Growth-Marketing-Leadership.pdf,False,Jobicy marketing
447,G-P,Sr Product Marketing Manager,marketing,62,United States (Remote-First) United States,Full time,"$152,000 - $190,000",greenhouse,https://job-boards.greenhouse.io/globalizationpartners/jobs/7791586003,,none,apply_first,Dillon-Mohr-Resume-Growth-Marketing-Leadership.pdf,False,Greenhouse globalizationpartners
448,GenScript/ProBio,Marketing Campaigns Manager,marketing,62,"Piscataway, New Jersey, United States USA- Piscataway, NJ",Full time,"$100,000 - $130,000",greenhouse,https://job-boards.greenhouse.io/genscript/jobs/5012082007,,none,apply_first,Dillon-Mohr-Resume-Growth-Marketing-Leadership.pdf,False,Greenhouse genscript
449,Glia,Field Marketing Manager,marketing,62,US-Remote,FullTime,,ashby,https://jobs.ashbyhq.com/glia/4cdacf7f-a3c1-45fc-8997-eb180c4de7b1,talent@glia.com,validated,send_ready,Dillon-Mohr-Resume-Growth-Marketing-Leadership.pdf,False,Ashby glia
450,GoFundMe,"Manager, Data Science (Marketing)",marketing,62,"San Francisco, CA San Francisco, California",Full time,"$202,000 - $303,000",greenhouse,https://job-boards.greenhouse.io/gofundme/jobs/7488758,,none,apply_first,Dillon-Mohr-Resume-Growth-Marketing-Leadership.pdf,False,Greenhouse gofundme
451,GoFundMe,Senior Marketing Events Manager,marketing,62,Remote Remote (United States),Full time,"$94,500; $141,500",greenhouse,https://job-boards.greenhouse.io/gofundme/jobs/7983992,,none,apply_first,Dillon-Mohr-Resume-Growth-Marketing-Leadership.pdf,False,Greenhouse gofundme
452,Grafana Labs,Regional Marketing Manager | West Coast | Remote,marketing,62,United States (Remote) USA (Remote),Full time,"$123,000 - $147,000",greenhouse,https://job-boards.greenhouse.io/grafanalabs/jobs/6150544004,,none,apply_first,Dillon-Mohr-Resume-Growth-Marketing-Leadership.pdf,False,Greenhouse grafanalabs
453,Grafana Labs,Regional Marketing Manager | Western Europe | Remote,marketing,62,United Kingdom (Remote) EMEA,Full time,,greenhouse,https://job-boards.greenhouse.io/grafanalabs/jobs/6150169004,,none,apply_first,Dillon-Mohr-Resume-Growth-Marketing-Leadership.pdf,False,Greenhouse grafanalabs
454,Gympass,Channel Marketing Manager,marketing,62,USA,Full-Time,"$96,000",jobicy,https://jobicy.com/jobs/144922-channel-marketing-manager,,none,apply_first,Dillon-Mohr-Resume-Growth-Marketing-Leadership.pdf,False,Jobicy marketing
455,Hightouch,"Product Marketing Manager, Competitive Intelligence",marketing,62,Remote (North America) Remote,Full time,"$135,000 - $165,000",greenhouse,https://job-boards.greenhouse.io/hightouch/jobs/6147286004,,none,apply_first,Dillon-Mohr-Resume-Growth-Marketing-Leadership.pdf,False,Greenhouse hightouch
456,Instrumentl,Marketing Ops Manager,marketing,62,Remote - USA,Full-time,,lever,https://jobs.lever.co/Instrumentl/a2c6c454-00a1-4ab0-9c02-cddfffec17b5,,none,apply_first,Dillon-Mohr-Resume-Growth-Marketing-Leadership.pdf,False,Lever Instrumentl
457,Instrumentl,Senior Content Marketing Manager,marketing,62,Remote - USA,Full-time,,lever,https://jobs.lever.co/Instrumentl/3340bc54-fd60-439d-bc37-ba302e8913ac,,none,apply_first,Dillon-Mohr-Resume-Remote-Marketing-SEO-AEO.pdf,False,Lever Instrumentl
458,Jensen Hughes,Field Marketing Manager ,marketing,62,"Remote - United States; Warwick, Rhode Island, United States Remote - United States",Full time,"$100,000; $120,000",greenhouse,https://job-boards.greenhouse.io/jensenhughes/jobs/5375224008,,none,apply_first,Dillon-Mohr-Resume-Growth-Marketing-Leadership.pdf,False,Greenhouse jensenhughes
459,Kalepa,Field Marketing Manager,marketing,62,"New York, NY Kalepa HQ Kalepa Remote",Full time,$180K,greenhouse,https://job-boards.greenhouse.io/kalepa/jobs/6146794004,,none,apply_first,Dillon-Mohr-Resume-Growth-Marketing-Leadership.pdf,False,Greenhouse kalepa
460,Keeper Security,Product Marketing Manager,marketing,62,"Remote, US Remote, US",Full time,,greenhouse,https://job-boards.greenhouse.io/keepersecurity/jobs/4332824009,,none,apply_first,Dillon-Mohr-Resume-Growth-Marketing-Leadership.pdf,False,Greenhouse keepersecurity
461,Klaviyo,"Marketing Manager Emerging Markets,Asia",marketing,62,Singapore Singapore,Full time,,greenhouse,https://www.klaviyo.com/careers/jobs/7818148003?gh_jid=7818148003,,none,apply_first,Dillon-Mohr-Resume-Growth-Marketing-Leadership.pdf,False,Greenhouse klaviyo
462,LTK USA,Paid Media Manager (Contractor),marketing,62,United States USA,Full time,,greenhouse,https://job-boards.greenhouse.io/shopltk/jobs/7979239003,,none,apply_first,Dillon-Mohr-Resume-Growth-Marketing-Leadership.pdf,False,Greenhouse shopltk
463,LastPass,Global Partner Marketing Manager,marketing,62,Remote - US US,Full time,"$119,200; $140,000",greenhouse,https://job-boards.greenhouse.io/lastpass/jobs/4728223005,,none,apply_first,Dillon-Mohr-Resume-Growth-Marketing-Leadership.pdf,False,Greenhouse lastpass
464,Later,Account Manager - Influencer Marketing,marketing,62,"Boston, MA; Chicago, Illinois, United States; Los Angeles, California, United States; New York, New York, United States; Remote; Toronto, Ontario, Canada; Vancouver, British Columbia, Canada Boston New York",Full time,"$90,000-105,000",greenhouse,https://job-boards.greenhouse.io/later/jobs/8006078002,,none,apply_first,Dillon-Mohr-Resume-Growth-Marketing-Leadership.pdf,False,Greenhouse later
465,Later,Paid Media Manager,marketing,62,"Boston, MA; Chicago, Illinois, United States; Los Angeles, California, United States; New York, New York, United States; Remote; Vancouver, British Columbia, Canada; Vancouver, Washington, United States Boston Chicago Los Angeles New York Remote Vancouver Washington",Full time,,greenhouse,https://job-boards.greenhouse.io/later/jobs/8696607002,,none,apply_first,Dillon-Mohr-Resume-Growth-Marketing-Leadership.pdf,False,Greenhouse later
466,Later,Senior Paid Media Manager (Social),marketing,62,"Boston, MA; Chicago, Illinois, United States; Los Angeles, California, United States; New York, New York, United States; Remote; Vancouver, British Columbia, Canada; Vancouver, Washington, United States Boston",Full time,,greenhouse,https://job-boards.greenhouse.io/later/jobs/8304022002,,none,apply_first,Dillon-Mohr-Resume-Growth-Marketing-Leadership.pdf,False,Greenhouse later
467,League,"Senior Marketing Manager, ABM",marketing,62,"Canada,  USA",Full-Time,"$119,400—$135,000",jobicy,https://jobicy.com/jobs/151613-senior-marketing-manager-abm,,none,apply_first,Dillon-Mohr-Resume-Growth-Marketing-Leadership.pdf,False,Jobicy marketing
468,Lumimeds,Marketing Manager,marketing,62,United States Remote,Full time,,greenhouse,https://job-boards.greenhouse.io/lumimeds/jobs/4387487009,,none,apply_first,Dillon-Mohr-Resume-Growth-Marketing-Leadership.pdf,False,Greenhouse lumimeds
469,Lyft,"Marketing Manager, Priority Verticals",marketing,62,"New York, NY New York Office San Francisco Office",Full time,"$118,000 - $147,500",greenhouse,https://app.careerpuck.com/job-board/lyft/job/8676330002?gh_jid=8676330002,,none,apply_first,Dillon-Mohr-Resume-Growth-Marketing-Leadership.pdf,False,Greenhouse lyft
470,Lyft,"Sr. Product Marketing Manager - Measurement, Data & Audiences",marketing,62,"San Francisco, CA New York Office San Francisco Office",Full time,"$143,000 - $178,750",greenhouse,https://app.careerpuck.com/job-board/lyft/job/8615416002?gh_jid=8615416002,,none,apply_first,Dillon-Mohr-Resume-Growth-Marketing-Leadership.pdf,False,Greenhouse lyft
471,Lyft,"Sr. Product Marketing Manager, Programmatic Ad Solutions",marketing,62,"San Francisco, CA New York Office San Francisco Office",Full time,"$143,000 - $178,750",greenhouse,https://app.careerpuck.com/job-board/lyft/job/8615412002?gh_jid=8615412002,,none,apply_first,Dillon-Mohr-Resume-Growth-Marketing-Leadership.pdf,False,Greenhouse lyft
472,Maven Clinic,Product Marketing Manager (Contractor),marketing,62,Remote Remote,Full time,,greenhouse,https://job-boards.greenhouse.io/mavenclinic/jobs/8632960002,,already_contacted,already_emailed,Dillon-Mohr-Resume-Growth-Marketing-Leadership.pdf,True,Greenhouse mavenclinic
473,Mercury,Senior Product Marketing Manager - Cards & Spend Management,marketing,62,"San Francisco, CA, New York, NY, Portland, OR, or Remote within Canada or United States Any Office or Remote",Full time,"$171,000; $213,700; $153,900",greenhouse,https://job-boards.greenhouse.io/mercury/jobs/6123795004,,already_contacted,already_emailed,Dillon-Mohr-Resume-Growth-Marketing-Leadership.pdf,True,Greenhouse mercury
474,Motive,Marketing Project Manager,marketing,62,Pakistan - Remote Pakistan,Full time,,greenhouse,https://job-boards.greenhouse.io/gomotive/jobs/8727511002,,none,apply_first,Dillon-Mohr-Resume-Growth-Marketing-Leadership.pdf,False,Greenhouse gomotive
475,Motive,Senior Product Marketing Manager,marketing,62,United States - Remote United States,Full time,"$138,000; $191,000; $120,000",greenhouse,https://job-boards.greenhouse.io/gomotive/jobs/8684528002,,none,apply_first,Dillon-Mohr-Resume-Growth-Marketing-Leadership.pdf,False,Greenhouse gomotive
476,Motivity,Product Marketing Manager,marketing,62,Remote - Work from Home Remote - work from home,Full time,,greenhouse,https://job-boards.greenhouse.io/motivity/jobs/4373005009,,none,apply_first,Dillon-Mohr-Resume-Growth-Marketing-Leadership.pdf,False,Greenhouse motivity
477,Mural,Corporate Marketing Manager,marketing,62,USA,Full-Time,,jobicy,https://jobicy.com/jobs/151719-corporate-marketing-manager,,none,apply_first,Dillon-Mohr-Resume-Growth-Marketing-Leadership.pdf,False,Jobicy marketing
478,Mural Health,Product Marketing Manager,marketing,62,Remote - US Remote,Full time,,greenhouse,https://job-boards.greenhouse.io/muralhealth/jobs/4178943009,,already_contacted,already_emailed,Dillon-Mohr-Resume-Growth-Marketing-Leadership.pdf,True,Greenhouse muralhealth
479,Myriad360,Field Marketing Manager- Boston (Advizex),marketing,62,Remote Remote - US ,Full time,"$100,000- $120,000",greenhouse,https://boards.greenhouse.io/myriad360/jobs/8675920002?gh_jid=8675920002,,none,apply_first,Dillon-Mohr-Resume-Growth-Marketing-Leadership.pdf,False,Greenhouse myriad360
480,Myriad360,Field Marketing Manager- Chicago,marketing,62,Remote Remote - US ,Full time,"$100,000",greenhouse,https://boards.greenhouse.io/myriad360/jobs/8682562002?gh_jid=8682562002,,none,apply_first,Dillon-Mohr-Resume-Growth-Marketing-Leadership.pdf,False,Greenhouse myriad360
481,Myriad360,Field Marketing Manager- Cincinnati ,marketing,62,Remote Remote - US ,Full time,"$100,000",greenhouse,https://boards.greenhouse.io/myriad360/jobs/8682574002?gh_jid=8682574002,,none,apply_first,Dillon-Mohr-Resume-Growth-Marketing-Leadership.pdf,False,Greenhouse myriad360
482,Myriad360,Field Marketing Manager- Columbus,marketing,62,Remote Remote - US ,Full time,"$100,000",greenhouse,https://boards.greenhouse.io/myriad360/jobs/8691971002?gh_jid=8691971002,,none,apply_first,Dillon-Mohr-Resume-Growth-Marketing-Leadership.pdf,False,Greenhouse myriad360
483,Myriad360,Field Marketing Manager- DC,marketing,62,Remote Remote - US ,Full time,"$100,000",greenhouse,https://boards.greenhouse.io/myriad360/jobs/8682568002?gh_jid=8682568002,,none,apply_first,Dillon-Mohr-Resume-Growth-Marketing-Leadership.pdf,False,Greenhouse myriad360
484,Myriad360,Field Marketing Manager- Detroit,marketing,62,Remote Remote - US ,Full time,"$100,000",greenhouse,https://boards.greenhouse.io/myriad360/jobs/8682576002?gh_jid=8682576002,,none,apply_first,Dillon-Mohr-Resume-Growth-Marketing-Leadership.pdf,False,Greenhouse myriad360
485,Myriad360,Field Marketing Manager- East  (Remote),marketing,62,Remote Remote - US ,Full time,"$100,000- $120,000",greenhouse,https://boards.greenhouse.io/myriad360/jobs/8676756002?gh_jid=8676756002,,none,apply_first,Dillon-Mohr-Resume-Growth-Marketing-Leadership.pdf,False,Greenhouse myriad360
486,Myriad360,Field Marketing Manager- Indianapolis ,marketing,62,Remote Remote - US ,Full time,"$100,000",greenhouse,https://boards.greenhouse.io/myriad360/jobs/8691972002?gh_jid=8691972002,,none,apply_first,Dillon-Mohr-Resume-Growth-Marketing-Leadership.pdf,False,Greenhouse myriad360
487,Myriad360,Field Marketing Manager- Midwest/OH Valley (Advizex),marketing,62,Remote Remote - US ,Full time,"$100,000",greenhouse,https://boards.greenhouse.io/myriad360/jobs/8634849002?gh_jid=8634849002,,none,apply_first,Dillon-Mohr-Resume-Growth-Marketing-Leadership.pdf,False,Greenhouse myriad360
488,Myriad360,Field Marketing Manager- Minneapolis ,marketing,62,Remote Remote - US ,Full time,"$100,000",greenhouse,https://boards.greenhouse.io/myriad360/jobs/8682579002?gh_jid=8682579002,,none,apply_first,Dillon-Mohr-Resume-Growth-Marketing-Leadership.pdf,False,Greenhouse myriad360
489,Myriad360,Field Marketing Manager- New Jersey (Advizex),marketing,62,Remote Remote - US ,Full time,"$100,000- $120,000",greenhouse,https://boards.greenhouse.io/myriad360/jobs/8676733002?gh_jid=8676733002,,none,apply_first,Dillon-Mohr-Resume-Growth-Marketing-Leadership.pdf,False,Greenhouse myriad360
490,Myriad360,Field Marketing Manager- New York (Advizex),marketing,62,Remote Remote - US ,Full time,"$100,000- $120,000",greenhouse,https://boards.greenhouse.io/myriad360/jobs/8622396002?gh_jid=8622396002,,none,apply_first,Dillon-Mohr-Resume-Growth-Marketing-Leadership.pdf,False,Greenhouse myriad360
491,Myriad360,Field Marketing Manager-Philadelphia (Advizex),marketing,62,"Philadelphia, PA Remote - US ",Full time,"$100,000- $120,000",greenhouse,https://boards.greenhouse.io/myriad360/jobs/8676668002?gh_jid=8676668002,,none,apply_first,Dillon-Mohr-Resume-Growth-Marketing-Leadership.pdf,False,Greenhouse myriad360
492,Myriad360,Partner Marketing Manager - Cloud & AI ,marketing,62,Remote - USA Remote - US ,Full time,"$110,000-$120,000",greenhouse,https://boards.greenhouse.io/myriad360/jobs/8767262002?gh_jid=8767262002,,none,apply_first,Dillon-Mohr-Resume-Growth-Marketing-Leadership.pdf,False,Greenhouse myriad360
493,Obsidian Security,Sr Technical Marketing Manager - Alliances & Competitive Strategy,marketing,62,USA,Full-Time,"$195,000—$212,000",jobicy,https://jobicy.com/jobs/151687-sr-technical-marketing-manager-alliances-competitive-strategy,,none,apply_first,Dillon-Mohr-Resume-Growth-Marketing-Leadership.pdf,False,Jobicy marketing
494,Obsidian Security,Senior Customer Marketing Manager,marketing,62,USA,Full-Time,"$148,000—$200,000",jobicy,https://jobicy.com/jobs/151648-senior-customer-marketing-manager-4,,none,apply_first,Dillon-Mohr-Resume-Growth-Marketing-Leadership.pdf,False,Jobicy marketing
495,Omega CRM,Salesforce Marketing Cloud Platform Manager (Pharmaceutical Sector),marketing,62,Spain,Full-Time,,jobicy,https://jobicy.com/jobs/145494-salesforce-marketing-cloud-platform-manager-pharmaceutical-sector,,none,apply_first,Dillon-Mohr-Resume-Growth-Marketing-Leadership.pdf,False,Jobicy marketing
496,Ondo Finance,Content Marketing Manager,marketing,62,Remote (US) Remote (US),Full time,,greenhouse,https://job-boards.greenhouse.io/ondofinance/jobs/4290688009,,none,apply_first,Dillon-Mohr-Resume-Remote-Marketing-SEO-AEO.pdf,False,Greenhouse ondofinance
497,OpenSesame,Partner Marketing Manager,marketing,62,Remote Remote,Full time,"$115,000 – $145,000",greenhouse,https://boards.greenhouse.io/opensesame/jobs/8163531?gh_jid=8163531,careers@opensesame.com,validated,send_ready,Dillon-Mohr-Resume-Growth-Marketing-Leadership.pdf,False,Greenhouse opensesame
498,OpenSesame,"Senior Marketing Manager, Brand & Content",marketing,62,Remote,Full time,"$135,000; $165,000",greenhouse,https://boards.greenhouse.io/opensesame/jobs/8063728?gh_jid=8063728,careers@opensesame.com,validated,duplicate_inbox,Dillon-Mohr-Resume-Growth-Marketing-Leadership.pdf,False,Greenhouse opensesame
499,OpenSesame,"Senior Marketing Manager, Brand Experience",marketing,62,Remote,Full time,"$135,000; $165,000",greenhouse,https://boards.greenhouse.io/opensesame/jobs/8063709?gh_jid=8063709,careers@opensesame.com,validated,duplicate_inbox,Dillon-Mohr-Resume-Growth-Marketing-Leadership.pdf,False,Greenhouse opensesame
500,OpenSesame,Senior Product Marketing Manager,marketing,62,Remote,Full time,"$140,000; $170,000",greenhouse,https://boards.greenhouse.io/opensesame/jobs/8063623?gh_jid=8063623,careers@opensesame.com,validated,duplicate_inbox,Dillon-Mohr-Resume-Growth-Marketing-Leadership.pdf,False,Greenhouse opensesame
501,Pendo,Sr. Product Marketing Manager,marketing,62,"Remote / San Francisco, CA /  New York, NY / Raleigh, NC  Raleigh, NC",Full time,"$145,400 - $175,000; $132,200 - $159,000",greenhouse,https://job-boards.greenhouse.io/pendo/jobs/8558208002,,none,apply_first,Dillon-Mohr-Resume-Growth-Marketing-Leadership.pdf,False,Greenhouse pendo
502,Ping Identity,Marketing Orchestration Manager,marketing,62,"USA - Remote USA - Remote - Denver, CO",Full time,"$100,000 - $120,000",greenhouse,https://job-boards.greenhouse.io/pingidentity/jobs/8652548002,,none,apply_first,Dillon-Mohr-Resume-Growth-Marketing-Leadership.pdf,False,Greenhouse pingidentity
503,Ping Identity,Senior Field Marketing Manager,marketing,62,"USA - Austin, TX - Remote USA - Remote - Denver, CO",Full time,"$119,000 to $160,000",greenhouse,https://job-boards.greenhouse.io/pingidentity/jobs/8609270002,,none,apply_first,Dillon-Mohr-Resume-Growth-Marketing-Leadership.pdf,False,Greenhouse pingidentity
504,PointClickCare,Customer Evidence Marketing Manager (Canada),marketing,62,Canada,Full-Time,,jobicy,https://jobicy.com/jobs/150222-customer-evidence-marketing-manager-canada,,none,apply_first,Dillon-Mohr-Resume-Growth-Marketing-Leadership.pdf,False,Jobicy marketing
505,PointClickCare,Sr. Customer Engagement Marketing Manager (Canada),marketing,62,Canada,Full-Time,,jobicy,https://jobicy.com/jobs/150033-sr-customer-engagement-marketing-manager-canada,,none,apply_first,Dillon-Mohr-Resume-Growth-Marketing-Leadership.pdf,False,Jobicy marketing
506,PointClickCare,Sr. Customer Engagement Marketing Manager (US),marketing,62,USA,Full-Time,,jobicy,https://jobicy.com/jobs/150032-sr-customer-engagement-marketing-manager-us,,none,apply_first,Dillon-Mohr-Resume-Growth-Marketing-Leadership.pdf,False,Jobicy marketing
507,Real Chemistry,"Manager, Communications and Marketing",marketing,62,London - UK; Manchester - UK London,Full time,,greenhouse,https://job-boards.greenhouse.io/realchemistry/jobs/5385857008,,none,apply_first,Dillon-Mohr-Resume-Growth-Marketing-Leadership.pdf,False,Greenhouse realchemistry
508,RevenueCat,Senior Product Marketing Manager,marketing,62,"APAC,  EMEA,  LATAM,  Canada,  USA",Full-Time,,jobicy,https://jobicy.com/jobs/149965-senior-product-marketing-manager-2,,none,apply_first,Dillon-Mohr-Resume-Growth-Marketing-Leadership.pdf,False,Jobicy marketing
509,Robinhood,"Product Marketing Manager, International",marketing,62,"Ljubljana, Slovenia Ljubljana, Slovenia London, UK Luxembourg , Remote",Full time,,greenhouse,https://boards.greenhouse.io/robinhood/jobs/8074057?t=gh_src=&gh_jid=8074057,,none,apply_first,Dillon-Mohr-Resume-Growth-Marketing-Leadership.pdf,False,Greenhouse robinhood
510,Salsify,B2B Content Marketing Manager,marketing,62,Remote - US Remote - US,Full time,"$106,250; $125,000",greenhouse,https://www.salsify.com/careers/current-listings?gh_jid=8622153002,,already_contacted,already_emailed,Dillon-Mohr-Resume-Remote-Marketing-SEO-AEO.pdf,True,Greenhouse salsify
511,Scopely,Product Marketing Manager - Star Trek,marketing,62,US - United States Remote - California,Full time,"$113,900; $168,000",greenhouse,https://job-boards.greenhouse.io/scopely/jobs/5380598008?gh_jid=5380598008,recruiting@scopely.com,validated,send_ready,Dillon-Mohr-Resume-Growth-Marketing-Leadership.pdf,False,Greenhouse scopely
512,Smartsheet,Marketing Platform Operations Manager,marketing,62,"-REMOTE, USA- United States",Full time,"$122,500; $160,000",greenhouse,https://job-boards.greenhouse.io/smartsheet/jobs/8142799,,none,apply_first,Dillon-Mohr-Resume-Growth-Marketing-Leadership.pdf,False,Greenhouse smartsheet
513,Smartsheet,Product Marketing Manager II - Horizontal Use Cases,marketing,62,"Bellevue, WA, USA United States",Full time,"$97,500; $127,500",greenhouse,https://job-boards.greenhouse.io/smartsheet/jobs/8070303,,none,apply_first,Dillon-Mohr-Resume-Growth-Marketing-Leadership.pdf,False,Greenhouse smartsheet
514,Smartsheet,"Sr Product Marketing Manager II — AI GTM Strategy, APJ",marketing,62,"Sydney, AU Australia",Full time,,greenhouse,https://job-boards.greenhouse.io/smartsheet/jobs/8050321,,none,apply_first,Dillon-Mohr-Resume-Growth-Marketing-Leadership.pdf,False,Greenhouse smartsheet
515,SoFi,"Senior Marketing Project Manager, Direct Mail",marketing,62,"San Francisco, CA CA - San Francisco",Full time,,greenhouse,https://sofi.com/careers/job/7822112003?gh_jid=7822112003,,none,apply_first,Dillon-Mohr-Resume-Growth-Marketing-Leadership.pdf,False,Greenhouse sofi
516,Sourcegraph,Senior Product Marketing Manager [IC4],marketing,62,Remote Remote ,Full time,"$180,000; $144,000",greenhouse,https://job-boards.greenhouse.io/sourcegraph91/jobs/6132206004,,none,apply_first,Dillon-Mohr-Resume-Growth-Marketing-Leadership.pdf,False,Greenhouse sourcegraph91
517,Superhuman Platform Inc,Senior Account Based Marketing Manager,marketing,62,Remote - United States Remote,FullTime,"$152,000 – $209,000; $137,000 – $188,000",ashby,https://jobs.ashbyhq.com/Superhuman%20Platform%20Inc/93031622-0101-4fde-93b2-b27e04793785,,none,apply_first,Dillon-Mohr-Resume-Growth-Marketing-Leadership.pdf,False,Ashby Superhuman Platform Inc
518,Superhuman Platform Inc,"Group Manager, Acquisition Marketing (B2B)",marketing,62,Remote - United States Remote,FullTime,,ashby,https://jobs.ashbyhq.com/Superhuman%20Platform%20Inc/fc8b025f-b105-46ae-9ec6-059dceef82ad,,none,apply_first,Dillon-Mohr-Resume-Growth-Marketing-Leadership.pdf,False,Ashby Superhuman Platform Inc
519,Tailscale,Product Marketing Manager,marketing,62,Remote (Canada) Remote (Canada) Remote (United States) ,Full time,"$190,280; $237,180",greenhouse,https://job-boards.greenhouse.io/tailscale/jobs/4718667005,,none,apply_first,Dillon-Mohr-Resume-Growth-Marketing-Leadership.pdf,False,Greenhouse tailscale
520,Teachable,Senior Customer Marketing Manager,marketing,62,Brazil,Full-Time,,jobicy,https://jobicy.com/jobs/150333-senior-customer-marketing-manager-3,,none,apply_first,Dillon-Mohr-Resume-Growth-Marketing-Leadership.pdf,False,Jobicy marketing
521,TeamSnap,Senior Marketing Manager,marketing,62,USA,Full-Time,"$115,000",jobicy,https://jobicy.com/jobs/151766-senior-marketing-manager,,none,apply_first,Dillon-Mohr-Resume-Growth-Marketing-Leadership.pdf,False,Jobicy marketing
522,TeamSnap,Product Marketing Manager (B2B),marketing,62,USA,Full-Time,"$100,000",jobicy,https://jobicy.com/jobs/151760-product-marketing-manager-b2b,,none,apply_first,Dillon-Mohr-Resume-Growth-Marketing-Leadership.pdf,False,Jobicy marketing
523,Tines,"Manager, Field & Channel Marketing - NAMER ",marketing,62,United States (Remote) United States - East (Remote),Full time,,greenhouse,https://job-boards.greenhouse.io/tines/jobs/6135630004,,none,apply_first,Dillon-Mohr-Resume-Growth-Marketing-Leadership.pdf,False,Greenhouse tines
524,Tines,Senior Performance Marketing Manager,marketing,62,"Boston, MA; Dublin, Dublin, Ireland; United States - Central (Remote); United States - East (Remote) Boston, MA Dublin, Ireland (Remote) United States - Central (Remote) United States - East (Remote)",Full time,"$210,000 - $240,000",greenhouse,https://job-boards.greenhouse.io/tines/jobs/6115399004,,none,apply_first,Dillon-Mohr-Resume-Growth-Marketing-Leadership.pdf,False,Greenhouse tines
525,Triple Whale,Creator Marketing Manager,marketing,62,Remote- US  Remote US,Full time,"$90,000 - $112,000",greenhouse,https://job-boards.greenhouse.io/triplewhale/jobs/5386428008,,none,apply_first,Dillon-Mohr-Resume-Growth-Marketing-Leadership.pdf,False,Greenhouse triplewhale
526,Twilio,"Field Marketing Manager, Japan",marketing,62,Remote - Japan Remote - Japan,Full time,,greenhouse,https://job-boards.greenhouse.io/twilio/jobs/8045297,,none,apply_first,Dillon-Mohr-Resume-Growth-Marketing-Leadership.pdf,False,Greenhouse twilio
527,Twilio,Marketing Strategy and Analytics Manager,marketing,62,Remote - India Remote - India,Full time,,greenhouse,https://job-boards.greenhouse.io/twilio/jobs/8104438,,none,apply_first,Dillon-Mohr-Resume-Growth-Marketing-Leadership.pdf,False,Greenhouse twilio
528,Twilio,Marketing Strategy & Planning Manager,marketing,62,Remote - US Remote - US,Full time,"$116,960 - $146,200; $123,760 - $154,700; $137,520 - $171,900",greenhouse,https://job-boards.greenhouse.io/twilio/jobs/8054764,,none,apply_first,Dillon-Mohr-Resume-Growth-Marketing-Leadership.pdf,False,Greenhouse twilio
529,Vanta,Group Product Marketing Manager,marketing,62,Remote U.S. Remote,FullTime,,ashby,https://jobs.ashbyhq.com/Vanta/403e14bd-0e69-49e7-a999-dcf26d93aae0,,already_contacted,already_emailed,Dillon-Mohr-Resume-Growth-Marketing-Leadership.pdf,True,Ashby Vanta
530,Veeam Software,Regional Field Marketing Manager - DACH,marketing,62,"Bucharest, Romania Romania",Full time,,greenhouse,https://job-boards.eu.greenhouse.io/veeamsoftware/jobs/4939485101,,none,apply_first,Dillon-Mohr-Resume-Growth-Marketing-Leadership.pdf,False,Greenhouse veeamsoftware
531,Veeam Software,Regional Field Marketing Manager - Southern Europe,marketing,62,"Paris, France France",Full time,,greenhouse,https://job-boards.eu.greenhouse.io/veeamsoftware/jobs/4939478101,,none,apply_first,Dillon-Mohr-Resume-Growth-Marketing-Leadership.pdf,False,Greenhouse veeamsoftware
532,Veeam Software,"Regional Marketing Manager, ASIA",marketing,62,"Singapore, Singapore Singapore",Full time,,greenhouse,https://job-boards.eu.greenhouse.io/veeamsoftware/jobs/4939472101,,none,apply_first,Dillon-Mohr-Resume-Growth-Marketing-Leadership.pdf,False,Greenhouse veeamsoftware
533,Veeam Software,"Senior Revenue Intelligence Operations Manager, Marketing",marketing,62,"Remote, United States United States of America",Full time,"$141,700; $263,000; $129,800",greenhouse,https://job-boards.eu.greenhouse.io/veeamsoftware/jobs/4850239101,,none,apply_first,Dillon-Mohr-Resume-Growth-Marketing-Leadership.pdf,False,Greenhouse veeamsoftware
534,Vercel,Marketing Operations Manager,marketing,62,"Hybrid - San Francisco, Austin AMER",Full time,"$140,000 - $210,000",greenhouse,https://job-boards.greenhouse.io/vercel/jobs/6144467004,,none,apply_first,Dillon-Mohr-Resume-Growth-Marketing-Leadership.pdf,False,Greenhouse vercel
535,Viral Nation Inc.,"Account Manager, Influencer Marketing ",marketing,62,United States Canada United States,Full time,,greenhouse,https://job-boards.greenhouse.io/viralnation/jobs/5058313007,,none,apply_first,Dillon-Mohr-Resume-Growth-Marketing-Leadership.pdf,False,Greenhouse viralnation
536,Viz.Ai,Marketing Operations Manager,marketing,62,United States - Remote Remote,FullTime,,ashby,https://jobs.ashbyhq.com/Viz.ai/e08d00b6-aea4-4003-8b1e-d6648f75c863,,none,apply_first,Dillon-Mohr-Resume-Growth-Marketing-Leadership.pdf,False,Ashby Viz.ai
537,Wellhub,Channel Marketing Manager,marketing,62,US (Remote) New York,Full time,"$96,000 - $106,000",greenhouse,https://job-boards.greenhouse.io/gympass/jobs/8563842002,,none,apply_first,Dillon-Mohr-Resume-Growth-Marketing-Leadership.pdf,False,Greenhouse gympass
538,"Wiz, Inc.",Global Marketing Programs Manager,marketing,62,Remote - USA USA - Remote,Full time,"$117,000; $159,000",greenhouse,https://www.wiz.io/careers/job/4707879006/:title?gh_jid=4707879006,,none,apply_first,Dillon-Mohr-Resume-Growth-Marketing-Leadership.pdf,False,Greenhouse wizinc
539,"Wiz, Inc.","Manager, Field Marketing",marketing,62,Remote - Japan Japan,Full time,,greenhouse,https://www.wiz.io/careers/job/4700382006/:title?gh_jid=4700382006,,none,apply_first,Dillon-Mohr-Resume-Growth-Marketing-Leadership.pdf,False,Greenhouse wizinc
540,"Wiz, Inc.",Partner Marketing Manager,marketing,62,Remote - USA USA - Remote,Full time,"$117,000; $159,000",greenhouse,https://www.wiz.io/careers/job/4671637006/:title?gh_jid=4671637006,,none,apply_first,Dillon-Mohr-Resume-Growth-Marketing-Leadership.pdf,False,Greenhouse wizinc
541,"Wiz, Inc.",Product Marketing Manager,marketing,62,Remote - USA USA - Remote,Full time,"$117,000; $159,000",greenhouse,https://www.wiz.io/careers/job/4665810006/:title?gh_jid=4665810006,,none,apply_first,Dillon-Mohr-Resume-Growth-Marketing-Leadership.pdf,False,Greenhouse wizinc
542,"Wiz, Inc.",Senior Product Marketing Manager,marketing,62,Remote - USA USA - Remote,Full time,"$142,000; $194,000",greenhouse,https://www.wiz.io/careers/job/4561216006/:title?gh_jid=4561216006,,none,apply_first,Dillon-Mohr-Resume-Growth-Marketing-Leadership.pdf,False,Greenhouse wizinc
543,"Wiz, Inc.",Senior Technical Product Marketing Manager,marketing,62,Remote - USA USA - Remote,Full time,"$142,000; $194,000",greenhouse,https://www.wiz.io/careers/job/4439983006/:title?gh_jid=4439983006,,none,apply_first,Dillon-Mohr-Resume-Growth-Marketing-Leadership.pdf,False,Greenhouse wizinc
544,WorkWave,Marketing Operations Manager (Pardot Administrator),marketing,62,USA,Full-Time,,jobicy,https://jobicy.com/jobs/151894-marketing-operations-manager-pardot-administrator,,none,apply_first,Dillon-Mohr-Resume-Growth-Marketing-Leadership.pdf,False,Jobicy marketing
545,XION,Project Manager - Marketing,marketing,62,"NYC, Europe - remote or hybrid New York City",Full time,,greenhouse,https://job-boards.greenhouse.io/burnt/jobs/4785200008,,none,apply_first,Dillon-Mohr-Resume-Growth-Marketing-Leadership.pdf,False,Greenhouse burnt
546,Zeta Global,"Manager, Partnership Marketing",marketing,62,"Remote - California; Remote - Chicago, IL; Remote - New York; Remote - United States Remote - United States",Full time,"$100,000 - $110,000",greenhouse,https://job-boards.greenhouse.io/zetaglobal/jobs/6149328004,,none,apply_first,Dillon-Mohr-Resume-Growth-Marketing-Leadership.pdf,False,Greenhouse zetaglobal
547,Superhuman Platform Inc,"Senior Product Designer, Growth",web-design,60,Hub - Berlin Hybrid,FullTime,,ashby,https://jobs.ashbyhq.com/Superhuman%20Platform%20Inc/b4889c28-ea63-4be7-b4a7-c1f66499f7cc,,none,apply_first,Dillon-Mohr-Resume-Web-Digital-Experience.pdf,False,Ashby Superhuman Platform Inc
548,Vercel,"Senior Product Designer, Growth",web-design,60,USA,Full-Time,"$172,000 - $258,000",jobicy,https://jobicy.com/jobs/150049-senior-product-designer-growth,,none,apply_first,Dillon-Mohr-Resume-Web-Digital-Experience.pdf,False,Jobicy design
549,Amplify,Product Design Manager,web-design,58,Remote - United States Remote,FullTime,,ashby,https://jobs.ashbyhq.com/amplify/f8384e75-98f9-48a4-985d-356ca3867418,,none,apply_first,Dillon-Mohr-Resume-Web-Digital-Experience.pdf,False,Ashby amplify
550,Canonical,Senior Design Manager (Infrastructure),web-design,58,EMEA,Full-Time,,jobicy,https://jobicy.com/jobs/149997-senior-design-manager-infrastructure,,none,apply_first,Dillon-Mohr-Resume-Web-Digital-Experience.pdf,False,Jobicy design
551,Canonical,Design Manager (Visual),web-design,58,EMEA,Full-Time,,jobicy,https://jobicy.com/jobs/149983-design-manager-visual,,none,apply_first,Dillon-Mohr-Resume-Web-Digital-Experience.pdf,False,Jobicy design
552,Flock Safety,CX Service Design Manager,web-design,58,Remote - USA Remote,FullTime,"$100,000; $120,000",ashby,https://jobs.ashbyhq.com/Flock%20Safety/17f902c9-5bbb-4649-9897-a288815c783d,,already_contacted,already_emailed,Dillon-Mohr-Resume-Web-Digital-Experience.pdf,True,Ashby Flock Safety
553,Limble,Digital Experience Manager,web-design,58,Remote Remote,FullTime,"$110,000 - $120,000",ashby,https://jobs.ashbyhq.com/limble/eaa421fc-c2a2-40a0-99fa-b0479ba90b80,,none,apply_first,Dillon-Mohr-Resume-Web-Digital-Experience.pdf,False,Ashby limble
554,Lyft,"Product Design Manager, Design Systems",web-design,58,"Toronto, Canada Toronto Coworking",Full time,"$172,000; $215,000",greenhouse,https://app.careerpuck.com/job-board/lyft/job/8609720002?gh_jid=8609720002,,none,apply_first,Dillon-Mohr-Resume-Web-Digital-Experience.pdf,False,Greenhouse lyft
555,Meta,Game Design Manager,web-design,58,Flexible / Remote,Full time,"$165,000; $231,000",themuse,https://www.themuse.com/jobs/meta/game-design-manager-83c928,,none,apply_first,Dillon-Mohr-Resume-Web-Digital-Experience.pdf,False,The Muse
556,Addepar,Sr. Product Designer - Data Management,web-design,52,"Remote, UK Remote - United Kingdom",Full time,,greenhouse,https://job-boards.greenhouse.io/addepar1/jobs/8387739002,,none,apply_first,Dillon-Mohr-Resume-Web-Digital-Experience.pdf,False,Greenhouse addepar1
557,Alight Solutions LLC,"Senior Product Designer, UI - Virtual",web-design,52,Flexible / Remote,Full time,,themuse,https://www.themuse.com/jobs/alightsolutionsllc/senior-product-designer-ui-virtual,,none,apply_first,Dillon-Mohr-Resume-Web-Digital-Experience.pdf,False,The Muse
558,Apollo.Io,Senior Product Designer,web-design,52,"Remote, United States United States",Full time,"$199,400; $249,300; $173,400",greenhouse,https://job-boards.greenhouse.io/apolloio/jobs/6112170004,,none,apply_first,Dillon-Mohr-Resume-Web-Digital-Experience.pdf,False,Greenhouse apolloio
559,Archy,Senior Product Designer,web-design,52,United States Remote,FullTime,,ashby,https://jobs.ashbyhq.com/Archy/2b158f2e-5202-4cea-a07e-e97e0df4a801,,none,apply_first,Dillon-Mohr-Resume-Web-Digital-Experience.pdf,False,Ashby Archy
560,Ashby,Senior Product Designer,web-design,52,USA,Full-Time,,jobicy,https://jobicy.com/jobs/150689-senior-product-designer,,none,apply_first,Dillon-Mohr-Resume-Web-Digital-Experience.pdf,False,Jobicy design
561,Brex,Senior Brand Designer,web-design,52,"New York, New York, United States New York, NY",Full time,"$147,000 - $187,000",greenhouse,https://www.brex.com/careers/8393510002?gh_jid=8393510002,,none,apply_first,Dillon-Mohr-Resume-Web-Digital-Experience.pdf,False,Greenhouse brex
562,Canals,Senior Product Designer ,web-design,52,New York Remote,FullTime,,ashby,https://jobs.ashbyhq.com/canals/4df5d8a8-6579-4418-9386-933601a50af0,,none,apply_first,Dillon-Mohr-Resume-Web-Digital-Experience.pdf,False,Ashby canals
563,Coinbase,"Senior Product Designer, Coinbase One",web-design,52,Remote - USA US - Remote Zone 1 (Job Requisitions Only),Full time,"$180,370; $212,200",greenhouse,https://www.coinbase.com/careers/positions/8114474?gh_jid=8114474,,none,apply_first,Dillon-Mohr-Resume-Web-Digital-Experience.pdf,False,Greenhouse coinbase
564,Coursera,Senior Product Designer,web-design,52,Canada Canada,Full time,"$124,000 - $155,000",greenhouse,https://job-boards.greenhouse.io/coursera/jobs/5721735004,recruiting@coursera.org,validated,send_ready,Dillon-Mohr-Resume-Web-Digital-Experience.pdf,False,Greenhouse coursera
565,Customer.Io,Senior Product Designer,web-design,52,Americas Remote Americas Remote,Full time,$171k–$193k,greenhouse,https://job-boards.greenhouse.io/customerio/jobs/8039027,,already_contacted,already_emailed,Dillon-Mohr-Resume-Web-Digital-Experience.pdf,True,Greenhouse customerio
566,Designit,Senior Experience Designer,web-design,52,Flexible / Remote,Full time,,themuse,https://www.themuse.com/jobs/designit/senior-experience-designer-c5af8f,,none,apply_first,Dillon-Mohr-Resume-Web-Digital-Experience.pdf,False,The Muse
567,Dispatch,Senior Product Designer,web-design,52,USA,Full-Time,,jobicy,https://jobicy.com/jobs/151797-senior-product-designer-8,,none,apply_first,Dillon-Mohr-Resume-Web-Digital-Experience.pdf,False,Jobicy design
568,Engine,"Senior Product Designer, Flights",web-design,52,Remote - US Remote - US,Full time,"$137,300; $218,500",greenhouse,https://job-boards.greenhouse.io/engine/jobs/7734784003,,none,apply_first,Dillon-Mohr-Resume-Web-Digital-Experience.pdf,False,Greenhouse engine
569,Epoch Ai,Senior Product Designer,web-design,52,Remote,Full Time,,lever,https://jobs.lever.co/epoch-ai/b71cd010-d3cf-446c-80fa-fa5737573e82,,none,apply_first,Dillon-Mohr-Resume-Web-Digital-Experience.pdf,False,Lever epoch-ai
570,Faculty,Senior Product Designer - Defence  ,web-design,52,UK - Remote Hybrid,FullTime,,ashby,https://jobs.ashbyhq.com/faculty/c119810d-e6f2-405e-a51f-9737529b5083,,none,apply_first,Dillon-Mohr-Resume-Web-Digital-Experience.pdf,False,Ashby faculty
571,Fieldguide,Senior Product Designer,web-design,52,Remote (USA) Remote,FullTime,,ashby,https://jobs.ashbyhq.com/fieldguide/ab7564c4-8fb2-4cf5-8e54-228e84874328,,none,apply_first,Dillon-Mohr-Resume-Web-Digital-Experience.pdf,False,Ashby fieldguide
572,Fin,Senior Product Designer,web-design,52,"London, England Dublin, Ireland London, England",Full time,,greenhouse,https://job-boards.greenhouse.io/intercom/jobs/7861866,,none,apply_first,Dillon-Mohr-Resume-Web-Digital-Experience.pdf,False,Greenhouse intercom
573,Fullscript,Senior Product Designer (Clinical Education Platform),web-design,52,Remote,Full time,,weworkremotely,https://weworkremotely.com/remote-jobs/fullscript-senior-product-designer-clinical-education-platform,,none,apply_first,Dillon-Mohr-Resume-Web-Digital-Experience.pdf,False,WWR design
574,Future PLC,Senior Product Designer,web-design,52,USA,Full-Time,"$155,000–$200,000",jobicy,https://jobicy.com/jobs/151702-senior-product-designer-2,,none,apply_first,Dillon-Mohr-Resume-Web-Digital-Experience.pdf,False,Jobicy design
575,GitLab,"Senior Product Designer, AI",web-design,52,"Remote, Canada; Remote, US",Full time,"$140,000; $200,000",greenhouse,https://job-boards.greenhouse.io/gitlab/jobs/8464608002,,already_contacted,already_emailed,Dillon-Mohr-Resume-Web-Digital-Experience.pdf,True,Greenhouse gitlab
576,Goteleport,Senior Product Designer,web-design,52,United States (Remote) Remote,FullTime,,ashby,https://jobs.ashbyhq.com/goteleport/d5eb4352-e857-4678-bcc1-ae176882afb6,,none,apply_first,Dillon-Mohr-Resume-Web-Digital-Experience.pdf,False,Ashby goteleport
577,Headway,"Senior Product Designer, New Channels",web-design,52,Flexible / Remote,Full time,"$180,000 - $225,000",themuse,https://www.themuse.com/jobs/headway/senior-product-designer-new-channels,,none,apply_first,Dillon-Mohr-Resume-Web-Digital-Experience.pdf,False,The Muse
578,Homebound,"Senior Product Designer, Mobile",web-design,52,USA,Full-Time,,jobicy,https://jobicy.com/jobs/151800-senior-product-designer-mobile,,none,apply_first,Dillon-Mohr-Resume-Web-Digital-Experience.pdf,False,Jobicy design
579,Hoxhunt,Senior Product Designer,web-design,52,"Helsinki, Finland Hybrid",FullTime,,ashby,https://jobs.ashbyhq.com/hoxhunt/419b4bac-2075-494e-ac41-64406c7a8e13,,none,apply_first,Dillon-Mohr-Resume-Web-Digital-Experience.pdf,False,Ashby hoxhunt
580,Humana,Senior Product Designer - Benefits Servicing,web-design,52,USA,Full-Time,"$86,300 - $118,700",jobicy,https://jobicy.com/jobs/150046-senior-product-designer-benefits-servicing,,none,apply_first,Dillon-Mohr-Resume-Web-Digital-Experience.pdf,False,Jobicy design
581,Ingenious.Build,Senior Product Designer,web-design,52,Remote,Full time,,weworkremotely,https://weworkremotely.com/remote-jobs/ingenious-build-senior-product-designer,,none,apply_first,Dillon-Mohr-Resume-Web-Digital-Experience.pdf,False,WWR design
582,Instrumentl,Senior Product Designer,web-design,52,Remote - USA,Full-time,,lever,https://jobs.lever.co/Instrumentl/ad8ecbe7-dbc1-474c-92f0-4fbf3ea4d9fd,,none,apply_first,Dillon-Mohr-Resume-Web-Digital-Experience.pdf,False,Lever Instrumentl
583,KeepTruckin,Senior Product Designer,web-design,52,Flexible / Remote,Full time,,themuse,https://www.themuse.com/jobs/keeptruckin/senior-product-designer-1572ee,,none,apply_first,Dillon-Mohr-Resume-Web-Digital-Experience.pdf,False,The Muse
584,Kyndryl,Senior Experience Designer,web-design,52,"Dallas, TX Flexible / Remote",Full time,"$115,080to$218,520; $138,120to$262,320; $126,600to$240,480",themuse,https://www.themuse.com/jobs/kyndryl/senior-experience-designer,,none,apply_first,Dillon-Mohr-Resume-Web-Digital-Experience.pdf,False,The Muse
585,LogicGate,Senior Product Designer,web-design,52,Flexible / Remote,Full time,"$125,000 - $155,000",themuse,https://www.themuse.com/jobs/logicgate/senior-product-designer-d8ed6d,,none,apply_first,Dillon-Mohr-Resume-Web-Digital-Experience.pdf,False,The Muse
586,Lyft,Senior Operations Technology Product Designer ,web-design,52,"Montreal, Canada Montreal Office",Full time,"$112,000; $140,000",greenhouse,https://app.careerpuck.com/job-board/lyft/job/8594126002?gh_jid=8594126002,,none,apply_first,Dillon-Mohr-Resume-Web-Digital-Experience.pdf,False,Greenhouse lyft
587,Maven Clinic,Senior Brand Designer,web-design,52,Flexible / Remote,Full time,"$125,000 - $140,000",themuse,https://www.themuse.com/jobs/mavenclinic/senior-brand-designer,,already_contacted,already_emailed,Dillon-Mohr-Resume-Web-Digital-Experience.pdf,True,The Muse
588,Meadow,Senior Product Designer,web-design,52,"New York, NY United States (Remote) San Mateo, CA Remote",FullTime,"$124,950-$206,000",ashby,https://jobs.ashbyhq.com/Meadow/c7f826e0-8518-4902-8bda-95c1c9fd54e8,,none,apply_first,Dillon-Mohr-Resume-Web-Digital-Experience.pdf,False,Ashby Meadow
589,Mercury,Senior Product Designer - Accounting Integrations,web-design,52,"San Francisco, CA, New York, NY, Portland, OR, or Remote within Canada or United States Any Office or Remote",Full time,"$189,000; $236,200; $178,600",greenhouse,https://job-boards.greenhouse.io/mercury/jobs/6137654004,,already_contacted,already_emailed,Dillon-Mohr-Resume-Web-Digital-Experience.pdf,True,Greenhouse mercury
590,Mercury,Senior Product Designer - Cards & Credit,web-design,52,"San Francisco, CA, New York, NY, Portland, OR, or Remote within Canada or United States Any Office or Remote",Full time,"$189,000; $236,200; $178,600",greenhouse,https://job-boards.greenhouse.io/mercury/jobs/6143552004,,already_contacted,already_emailed,Dillon-Mohr-Resume-Web-Digital-Experience.pdf,True,Greenhouse mercury
591,"NovoEd,  Inc.",Sr. UX Designer,web-design,52,Remote - Canada Remote,Full time,,greenhouse,https://job-boards.greenhouse.io/novoed/jobs/8165028,,none,apply_first,Dillon-Mohr-Resume-Web-Digital-Experience.pdf,False,Greenhouse novoed
592,Okta,Senior Product Designer,web-design,52,"Bengaluru, India Bengaluru ",Full time,,greenhouse,https://www.okta.com/company/careers/opportunity/8152681?gh_jid=8152681,,none,apply_first,Dillon-Mohr-Resume-Web-Digital-Experience.pdf,False,Greenhouse okta
593,Ping Identity,Senior UX Designer/Developer,web-design,52,UK - Remote GBR - Remote - London,Full time,,greenhouse,https://job-boards.greenhouse.io/pingidentity/jobs/8700665002,,none,apply_first,Dillon-Mohr-Resume-Web-Digital-Experience.pdf,False,Greenhouse pingidentity
594,Pixel One,Senior Visual designer,web-design,52,Remote,Full time,,weworkremotely,https://weworkremotely.com/remote-jobs/pixel-one-senior-visual-designer,,none,apply_first,Dillon-Mohr-Resume-Web-Digital-Experience.pdf,False,WWR design
595,Pixel One,Senior Product Designer,web-design,52,Remote,Full time,,weworkremotely,https://weworkremotely.com/remote-jobs/pixel-one-senior-product-designer,,none,apply_first,Dillon-Mohr-Resume-Web-Digital-Experience.pdf,False,WWR design
596,Remote,Senior Product Designer,web-design,52,EMEA,Full-Time,"$149,750 to $168,500; $149,750—$168,500",jobicy,https://jobicy.com/jobs/146024-senior-product-designer-6,,none,apply_first,Dillon-Mohr-Resume-Web-Digital-Experience.pdf,False,Jobicy design
597,TeamSnap,Senior Product Designer,web-design,52,USA,Full-Time,"$145,000",jobicy,https://jobicy.com/jobs/151771-senior-product-designer-3,,none,apply_first,Dillon-Mohr-Resume-Web-Digital-Experience.pdf,False,Jobicy design
598,Tremendous,Senior Product Designer,web-design,52,United States Remote,FullTime,"$200,000 - $265,000",ashby,https://jobs.ashbyhq.com/Tremendous/61534849-aa96-450b-b3a6-0ea9d14d8753,,none,apply_first,Dillon-Mohr-Resume-Web-Digital-Experience.pdf,False,Ashby Tremendous
599,Truelogic,Senior UX/UI Designer (UX focused) - Advertising,web-design,52,LATAM,Full-Time,,jobicy,https://jobicy.com/jobs/152027-senior-ux-ui-designer-ux-focused-advertising,,none,apply_first,Dillon-Mohr-Resume-Web-Digital-Experience.pdf,False,Jobicy design
600,Truelogic,Senior Product Designer - Technology,web-design,52,LATAM,Full-Time,,jobicy,https://jobicy.com/jobs/152026-senior-product-designer-technology,,none,apply_first,Dillon-Mohr-Resume-Web-Digital-Experience.pdf,False,Jobicy design
