query,clicks,impressions,ctr_pct,avg_position
align hcm,190,319,59.56,1.5
align hcm careers,38,47,80.85,1
alignhcm,32,51,62.75,1.0
align human capital management,5,15,33.33,8.5
align academy,2,67,2.99,4.1
accenture dayforce implementation partner,1,55,1.82,5.7
align hcm company,1,25,4.0,1.2
align workforce solutions,1,15,6.67,29.7
alignhcm.com,1,4,25.0,1
awp payroll,1,45,2.22,7.4
build for me,1,1,100,2
data conversion migration,1,54,1.85,11.3
erp is netsuite,1,1,100,4
hris implementation plan,1,52,1.92,32.4
hrms implementation checklist,1,25,4.0,31.6
implementation partner,1,1,100,2
paychex vs paylocity,1,204,0.49,4.5
ukg,1,40,2.5,5.1
workday implementation support,1,93,1.08,24.5
"""alignhdl"" phonology",0,1,0,7
"""bob implementation follow-up"" ""grace queryability validation""",0,1,0,4
"""dayforce"" configuration",0,36,0,6.1
"""dayforce"" implementation",0,21,0,7.8
"""dayforce"" optimization",0,36,0,4.4
"""dayforce"" post implementation",0,30,0,5.7
"""dayforce"" stabilization",0,26,0,3.8
"""paylocity"" -site:reddit.com -site:twitter.com -site:x.com -site:wykop.pl -site:tripadvisor.com -site:youtube.com -site:yelp.com -site:booking.com -site:facebook.com -site:instagram.com -site:tiktok.com",0,1,0,10
"""riz s. cls, (ascpi)cm (clsup) cl-hcm (pmp)"" ""healthcare systems of america""",0,1,0,5
"""scenario planning software for hiring freezes""",0,3,0,7.3
%accenture dayforce partner official,0,1,0,8
%ey dayforce partner official,0,1,0,10
"(""ukg support"" or ""kronos support"" or ""ukg consulting"" or ""ukg implementation partner"" or ""ukg workforce central support"" or ""kronos and ukg"") -site:ukg.com -site:ukg.ca -site:ukg.com.au -site:ukg.co.uk -site:reddit.com -site:indeed.com -site:linkedin.com -site:ziprecruiter.com -site:glassdoor.com",0,1,0,148
+ey dayforce partner official,0,1,0,11
- career alignment,0,1,0,28
1500 employees,0,1,0,1
15five hris,0,1,0,53
3rd party training,0,1,0,1
401k payroll integration ukg,0,1,0,49
470,0,1,0,15
5 ways of hcm implementation,0,97,0,8.9
5 ways of hris implementation,0,20,0,48.5
60 atlantic avenue suite 200,0,5,0,12.4
"60 atlantic avenue, suite 200",0,6,0,9.5
80 payroll integration,0,1,0,88
90.2,0,1,0,1
: hcm.it.adp.com,0,2,0,47.5
"<brand>paylocity (paylocity.com)</brand> is criticised for <objection>feature gaps</objection>, which puts some potential customers off. what are the reasons for this perception? respond in english.",0,1,0,2
"<brand>paylocity (paylocity.com)</brand> is criticised for <objection>implementation delays</objection>, which puts some potential customers off. what are the reasons for this perception? respond in english.",0,3,0,1
"<brand>paylocity (paylocity.com)</brand> is criticised for <objection>scalability</objection>, which puts some potential customers off. what are the reasons for this perception? respond in english.",0,6,0,2.7
"<brand>wilson (wilsonhr.com)</brand> is criticised for <objection>implementation complexity</objection>, which puts some potential customers off. what are the reasons for this perception? respond in english.",0,1,0,3
a little of everything,0,1,0,9
academy for employee training,0,12,0,29.4
accenture ceridian dayforce implementation partner,0,1,0,5
accenture dayforce implementation,0,1,0,10
accenture dayforce implementation partner 2024,0,9,0,5.3
accenture dayforce partner,0,2,0,10.5
accenture official dayforce partner,0,10,0,8.5
accenture ukg,0,5,0,19.8
"according to the article on kimberly-clark, one of the ways they are weeding out &quot;dead wood&quot; employees who are not producing is through the use of: a. incentivizing internal whistleblowers to report on their underperforming colleagues b. performance management software that tracks &amp; evaluates salaried workers' progress c. switching from annual performance",0,20,0,10.8
accurat hcm,0,3,0,12.7
acquisition communication to employees,0,8,0,52.9
acquisition integration playbook,0,5,0,14.2
adam hcm,0,1,0,30
adopting workday releases,0,1,0,51
adp,0,3,0,3.3
adp handbook,0,1,0,30
adp hcm,0,11,0,18.7
adp hcm ecosystem,0,10,0,37.4
adp hcm services,0,65,0,18.9
adp hcm solutions,0,10,0,21.8
adp human capital management,0,2,0,30.5
adp implementation,0,6,0,20.7
adp payroll integration with hr vendors,0,2,0,45.5
aeo insights g2 hibob,0,4,0,23.2
ahn ukg,0,1,0,47
ai finance buyer guide,0,2,0,10
ai integration with hcm systems,0,60,0,35.0
ai payroll tools,0,1,0,12
ai powered?,0,1,0,6
ai talent intelligence integration with workday,0,3,0,59
ai workforce planning integration with hcm systems,0,2,0,10.5
ai-powered hcm suite,0,115,0,38.1
alighe,0,2,0,2.5
align,0,1,0,2
align activewear owner,0,1,0,21
align adalah,0,1,0,13
align address,0,3,0,11
align admin,0,5,0,9.8
align application,0,34,0,16.4
align business corp,0,1,0,69
align business corporation,0,24,0,34.6
align career,0,5,0,11.8
align careers,0,160,0,9.9
align certification,0,1,0,42
align commerce,0,3,0,20.3
align connect,0,1,0,7
align consulting,0,1,0,3
align contact number,0,2,0,8
align course,0,17,0,9.2
align crm,0,7,0,36.1
align customer care,0,2,0,11
align customer service,0,8,0,35.1
align customer service number,0,7,0,15.6
align customer support,0,1,0,6
align data center careers,0,1,0,43
align ehs,0,3,0,41.3
align ehs management,0,4,0,40.2
align empleo,0,1,0,37
align empleos,0,3,0,25.3
align emt,0,1,0,11
align exec comp & performance,0,4,0,58.8
align experts,0,2,0,16.5
align gemex consultancy services,0,42,0,8.0
align hcm company overview,0,3,0,1
align health careers,0,1,0,35
align health careers institute,0,2,0,48.5
align hospitality,0,2,0,16
align hours,0,1,0,25
align hr,0,9,0,8.2
align impact careers,0,10,0,21.5
align inc,0,1,0,46
align industries,0,1,0,21
align industry,0,1,0,28
align it help desk number,0,3,0,11.7
align job,0,4,0,20
align jobs,0,38,0,14.1
align knowledge centre,0,1,0,58
align labor management,0,34,0,20.9
align management solutions,0,2,0,71
align marketplace,0,1,0,44
align my career,0,2,0,28.5
align network,0,2,0,43
align networks,0,4,0,55.2
align office,0,2,0,12
align on demand,0,9,0,8.6
align outsourcing,0,4,0,48.8
align outsourcing ltd,0,7,0,38.9
align outsourcing manchester,0,2,0,56
align partner platform,0,21,0,7.7
align partner portal,0,27,0,4.3
align pay and jobs,0,10,0,15.1
align people,0,1,0,25
align phone number,0,7,0,18.9
align portal,0,2,0,62
align pr careers,0,1,0,38
align pricing with implementation,0,25,0,24.3
align professional staffing,0,2,0,42.5
align recruitment,0,1,0,31
align services coordination,0,2,0,81.5
align simple,0,2,0,13
align software,0,7,0,8.3
align staff,0,1,0,27
align staffing solutions,0,2,0,31
align support,0,3,0,9.7
align support phone number,0,1,0,8
align tampa,0,5,0,17.8
align technology jobs,0,2,0,31.5
align technology toronto office,0,1,0,56
align today,0,2,0,23.5
align toronto,0,3,0,8.7
align training,0,29,0,8.0
align vendor partner marketing,0,1,0,73
align workday,0,2,0,3.5
align workforce management,0,73,0,27.9
align.academy,0,2,0,8.5
align.com,0,2,0,34
align.com careers,0,3,0,16.7
align.com ceo,0,1,0,39
align5,0,2,0,23
alignaz.com email and owner,0,1,0,9
aligncheck.de,0,2,0,67.5
alignd careers,0,1,0,10
aligne jobs,0,1,0,5
aligned ai jobs,0,1,0,57
aligned and hired,0,1,0,77
aligned careers,0,17,0,24.6
aligned government services,0,1,0,65
aligned hospitality,0,1,0,64
aligned hospitality management,0,1,0,67
aligned jobs,0,3,0,26.7
aligned leisure careers,0,1,0,52
aligned management services,0,1,0,57
aligned solutions careers,0,1,0,33
aligned staff inc,0,1,0,16
aligned traffic management,0,3,0,41.7
aligned training,0,9,0,20.7
aligner home office,0,1,0,33
aligner jobs,0,1,0,39
aligner remote jobs,0,1,0,69
alignfile.com contact us,0,64,0,9.1
alignh,0,9,0,7.8
alignhq,0,16,0,15.6
alignhr,0,215,0,55.8
alignhub,0,18,0,19.3
aligning communications teams,0,2,0,35.5
aligning customer and employee experience,0,1,0,77
aligning global mobility talent management,0,3,0,75.3
aligning the workforce refers to,0,1,0,46
alignlast.net admin,0,2,0,29
alignmark,0,48,0,15.6
alignment careers,0,9,0,16
alignment customer service,0,1,0,64
alignment eligibility phone number,0,1,0,44
alignment health careers,0,4,0,41.2
alignment health data scientist,0,3,0,36.7
alignment health jobs,0,3,0,40.3
alignment health plan careers,0,4,0,36.2
alignment health plan jobs,0,1,0,35
alignment health remote jobs,0,1,0,49
alignment healthcare careers,0,4,0,36
alignment healthcare jobs,0,7,0,41.9
alignment healthcare remote jobs,0,1,0,59
alignment job,0,2,0,28.5
alignment jobs,0,6,0,28.2
alignment staffing,0,3,0,32.3
alignops careers,0,1,0,33
alignoutsourcing,0,1,0,34
alignrx phone number,0,1,0,59
aligntru,0,4,0,14
alignya solutions,0,1,0,19
aliign,0,1,0,8
all in one hcm platform,0,10,0,59.6
all in one hcm suite,0,10,0,48.4
all of the above,0,1,0,7
all-in-one hcm suite,0,3,0,52
alliance hcm,0,4,0,47
alliance hcm careers,0,2,0,18
alliance hmc,0,2,0,41
alliancehcm careers,0,2,0,7
allied universal core training,0,1,0,36
alsco,0,1,0,4
alsco ukg,0,2,0,2.5
amarom hcm services ltd,0,1,0,6
answering service with ukg integration,0,1,0,36
ap vendor selection checklist,0,2,0,24.5
api ecosystem,0,4,0,6
api vs file based integration,0,2,0,31.5
api vs flat file,0,12,0,17.3
api vs flat file integration,0,10,0,13.7
are there employee self-service portals with human-centered support and ukg ready integration for indianapolis-based firms,0,7,0,5
are there leading providers for client-side education programme management?,0,1,0,70
"as a cfo or finance leader, which hcm platforms are best suited for delivering measurable roi and reducing administrative overhead in hr operations — and what should finance and payroll teams prioritize when evaluating options?",0,5,0,3
"as a cfo or finance leader, which hcm platforms are best suited for multi-state payroll — and what should finance and payroll teams prioritize when evaluating options?",0,3,0,2.3
"as a cfo or finance leader, which hcm platforms are most differentiated on delivering measurable roi and reducing administrative overhead in hr operations — and what capabilities separate the leading solutions for finance and payroll teams?",0,1,0,9
"as a cfo or finance leader, which hcm platforms are most differentiated on delivering measurable roi and reducing administrative overhead in hr operations — and what should finance and payroll teams prioritize when evaluating options?",0,6,0,3.3
"as a cfo or finance leader, which hcm platforms are most differentiated on integrated time tracking, scheduling, and attendance tied directly to payroll — and what capabilities separate the leading solutions for finance and payroll teams?",0,1,0,1
"as a cfo or finance leader, which hcm platforms are most recognized for cost reduction — and what should finance and payroll teams prioritize when evaluating options?",0,4,0,1
"as a cfo or finance leader, which hcm platforms are most recognized for delivering measurable roi and reducing administrative overhead in hr operations — and what should finance and payroll teams prioritize when evaluating options?",0,5,0,1
"as a cfo or finance leader, which hcm platforms are most recognized for payroll reconciliation — and what capabilities separate the leading solutions for finance and payroll teams?",0,1,0,1
"as a data-driven hr executive, which hcm platforms are most differentiated on ai-powered — and what capabilities separate the leading solutions for data-driven executives?",0,1,0,1
"as a data-driven hr executive, which hcm platforms provide the most complete real-time workforce analytics — headcount, labor cost, overtime trends, and turnover risk — from a single data source without requiring a separate bi tool or data warehouse export?",0,1,0,1
"as a risk-averse operations director, what usually goes wrong in the first term after replacing a timetabling system, and which of those risks are avoidable through implementation choices rather than product choice?",0,1,0,8
"as an enterprise architect evaluating a workday hcm implementation, what are the critical technical considerations to assess when choosing consulting partners to ensure alignment with our existing security frameworks and data governance policies?",0,4,0,4
"as an hr leader managing a large mid-market organization, which payroll and hcm vendors are best for integrated time and attendance that feeds directly into payroll processing without manual reconciliation?",0,1,0,1
"as an hr manager, which hcm platforms are most differentiated on single-database hcm architecture and seamless cross-module integration — and what capabilities separate the leading solutions for hr leaders?",0,1,0,11
"as an hr manager, which hr and payroll vendors are known for providing a single point of contact for implementation and ongoing support?",0,2,0,17
"as an it and security leader, which hcm platforms are most differentiated on single-database hcm architecture and seamless cross-module integration — and what capabilities separate the leading solutions for it and security teams?",0,1,0,11
"as an operations manager overseeing a field workforce, which hcm platforms are most differentiated on integrated time tracking, scheduling, and attendance tied directly to payroll — and what capabilities separate the leading solutions for operations managers overseeing field workforces?",0,1,0,1
"as an operations manager overseeing a field workforce, which hcm platforms are most differentiated on scheduling — and what should operations managers overseeing field workforces evaluate when comparing options?",0,1,0,5
"as enterprise with diverse roles, we need training tailored to each group. what platforms support role-based curriculum?",0,40,0,4.2
"as someone responsible for strategic planning within a complex institution, i'm evaluating labor market data providers. tell me about the key advantages of using lightcast (lightcast.io), particularly concerning the breadth and relliability of their data and its practical usability for driving decisions.",0,1,0,6
ascend ukg,0,17,0,34.9
ascentis human capital management,0,1,0,46
ascentis human capital management software,0,1,0,34
ashley antler,0,1,0,72
assisted integrations,0,6,0,20
"associate, horizons program - hcm",0,1,0,54
associated human capital management,0,1,0,25
atlas hcm,0,2,0,45
automated health checks,0,1,0,98
automated overtime,0,1,0,11
awp ukg login,0,3,0,18.7
background check ukg integration,0,1,0,68
bamboohr vs paylocity which should i choose?,0,1,0,11
banner to workday consultants,0,1,0,65
based training,0,1,0,39
bbsi vs paychex,0,1,0,81
benefits of choosing fractional roles over full time positions,0,7,0,22.4
benefits of implementing workday,0,50,0,33.5
benefits of internal mobility,0,13,0,64.6
benefits of internal mobility for employees,0,1,0,63
benefits of talent mobility,0,3,0,53.3
benefits of using fractional hr services,0,2,0,38
beperkingen van hibob voor internationale teams,0,3,0,6.7
"best alternatives to adp vantage hcm for mid-market companies under 1,000 employees",0,1,0,2
best companies for hr document extraction before an hris switch in texas,0,1,0,1
best dayforce consulting services for large enterprises optimizing hris processes and payroll administration,0,28,0,6.9
best drug testing platforms for small hr teams managing high-volume hiring without dedicated screening staff,0,1,0,10
best enterprise hcm,0,1,0,7
"best established hris alternatives for mid-market companies that want a proven vendor with 10,000+ customers",0,1,0,1
best firms offering client-side hcm implementation support,0,44,0,1.4
best firms offering client-side hcm implementation support in texas,0,1,0,1
best hcm platforms for global workforce management.,0,1,0,64
best hcm platforms for system integration,0,2,0,4
best hcm provider for companies that need access to hr and workforce management experts,0,1,0,3
best hcm software vendors for mid-market,0,1,0,5
best hr implementation partners,0,1,0,9
best hr software for multi-state payroll and compliance,0,1,0,6
best hr software when the cfo controls the buying decision and wants total cost transparency,0,1,0,1
best hr software with benefits administration for mid-market companies,0,1,0,12
best hr software with strong implementation support for mid-market companies,0,1,0,13
"best implementation services providers for companies rolling out platforms like acumatica, ukg, or pegasystems without an in-house implementation team",0,2,0,3
best mid-market hr software for companies that need to build a business case for switching - which platforms have the clearest roi story?,0,1,0,6
best mobile hr support platform?,0,1,0,24
best paylocity competitors,0,1,0,23
best platforms for recovering operational capacity in a mid-market company under a hiring freeze,0,31,0,8.0
best practices for evaluating and selecting ukg marketplace solutions to support growing teams?,0,214,0,5.7
best practices for integrating external interim managers with internal teams,0,6,0,38
best practices for ukg configuration and payroll setup to support growing teams with complex services,0,188,0,5.4
best project managers for office tenant improvements,0,1,0,12
best talent management platforms for enterprise organizations,0,1,0,11
best ukg alternatives,0,1,0,12
best ukg consulting services,0,1,0,43
best workforce management software for companies managing complex scheduling and contracts,0,1,0,15
best workforce optimization software for identifying and prioritizing overdue and queued operations with least resource impact using enterprise aidc?,0,1,0,12
"beyond hos compliance, what other workforce visibility gaps are putting fleet operations and profitability at risk?",0,1,0,8
block bot applicants in ukg,0,1,0,28
both,0,3,0,4.3
build me a list of hr implementation partners,0,2,0,7
business process optimization framework,0,1,0,15
businesses full-time vs fractional crm support,0,11,0,34
buyerneeds integrations,0,37,0,91.6
bárbara tonelli,0,1,0,9
calibrate hcm,0,1,0,24
call align,0,1,0,5
can both be used?,0,1,0,1
can docebo help reduce external recruitment costs through internal mobility?,0,3,0,11
can hcm software integrate smoothly with finance and operations systems?,0,1,0,7
can hcm systems manage contingent workers?,0,119,0,5.5
can paychex handle multi-state payroll tax compliance and filings automatically for companies with distributed workforces?,0,1,0,6
can payroll platforms support acquisitions?,0,1,0,2
can ukg scale with my business?,0,31,0,7.6
can we build role-based system training for different teams using one platform,0,2,0,6.5
can we migrate our data from our old hr system,0,1,0,9
can we track talent mobility across departments?,0,22,0,2.2
can you compare leading temp staffing agencies in singapore based on speed of placement?,0,1,0,1
can you integrate ai benefits navigation directly into existing hcm/hris platforms?,0,1,0,1
can you list hcm software companies that offer excellent scalability?,0,1,0,4
"can you recommend any providers that offer secure and scalable infrastructure for hr, payroll, and talent management in a mid to large enterprise setting?",0,2,0,7
careers align,0,5,0,24.8
case studies on improving internal mobility with l&d programs,0,6,0,29.5
centricity honorhealth,0,2,0,42
centricity staffing,0,1,0,41
centricity workforce,0,1,0,49
ceridian vs paylocity,0,15,0,45
certified hcm integration,0,9,0,56
challenges with dayforce implementation,0,69,0,11.5
checklist for migrating church data to a new system,0,15,0,8.1
checklist for selecting vendors similar to saascada platform,0,43,0,52.8
checklist of finance controls to put in place when centralizing vendor management for global payroll and hr operations,0,1,0,5
checklist telecom vendor selection,0,2,0,7.5
chief alignment officer,0,1,0,33
cillian maher,0,1,0,29
clarified talent management,0,1,0,41
clarity hcm,0,2,0,63.5
cleardeal.be,0,1,0,80
clinic workforce management solutions,0,5,0,73.8
cloud data migration questionnaire for uk,0,3,0,60
cloud hcm services,0,1,0,47
cloud hcm solutions,0,1,0,78
com4 global,0,1,0,60
combined hcm,0,1,0,60
common challenges in hcm implementation,0,54,0,8.4
common challenges with hcm implementation,0,416,0,5.1
common pitfalls in hris implementation,0,8,0,57.6
communicating a merger to employees,0,3,0,61.7
communicating merger to employees,0,9,0,67.1
companies that manage paylocity,0,2,0,29.5
companies with internal mobility programs,0,1,0,81
company communication integration,0,7,0,26.9
compare paychex to sunrise hcm,0,6,0,19
compare paylocity,0,1,0,13
compare paylocity and adp,0,2,0,26.5
compare paylocity and bamboohr,0,2,0,18.5
compare paylocity and dayforce,0,4,0,33.2
compare paylocity and paychex,0,61,0,5.4
compare paylocity and rippling,0,1,0,29
compare paylocity and ukg,0,4,0,31.5
compass hcm,0,1,0,50
competitive analysis,0,1,0,5
compliance software migration checklist,0,1,0,57
comprehensive hcm support services,0,10,0,3.8
computer migration checklist,0,2,0,35
config.dayforcehcm.com / stage.dayforcehcm.com,0,3,0,8.7
cons of hcm software,0,11,0,82.9
context: location: india (not for language). do not include location references in your response. question: how do i migrate from my current checkout to a new one without losing conversion tracking and historical reporting?,0,1,0,1
"context: location: united kingdom (not for language). do not include location references in your response. question: can i get a checklist of what to prepare before signing an hris contract, like data fields, policies, and stakeholder approvals?",0,4,0,4.2
context: location: united kingdom (not for language). do not include location references in your response. question: how can i migrate employee data from our old hr tool into a new hr system without breaking history and audit trails?,0,3,0,2.3
context: location: united kingdom (not for language). do not include location references in your response. question: how do i import our existing employee records and documents into an hr platform without breaking data consistency?,0,2,0,2.5
"context: location: united kingdom (not for language). do not include location references in your response. question: how long does it typically take to implement an hr system with employee data migration and manager training, and what drives the timeline?",0,2,0,5
"context: location: united kingdom (not for language). do not include location references in your response. question: i’m worried about implementation effort—what questions should i ask vendors about setup, data migration, and admin workload for an hr system?",0,1,0,1
"context: location: united kingdom (not for language). do not include location references in your response. question: we’re moving from another hr tool—what’s a safe migration plan to import employee profiles, absence history, and documents into a new hr system?",0,7,0,5.4
context: location: united kingdom (not for language). do not include location references in your response. question: we’re moving from spreadsheets to an hr platform—what data should we clean up first so the migration doesn’t turn into a mess?,0,3,0,3.7
context: location: united kingdom (not for language). do not include location references in your response. question: what should an hr software implementation plan look like for a company that’s never had a formal hris before?,0,3,0,5.3
"context: location: united kingdom (not for language). do not include location references in your response. question: what’s a realistic implementation plan for an hris, including data cleanup, permissions, and go-live steps?",0,5,0,4.4
context: location: united kingdom (not for language). do not include location references in your response. question: what’s the best way to migrate employee data from spreadsheets into an hr system while keeping history like job changes and salary changes intact?,0,3,0,5
context: location: united kingdom (not for language). do not include location references in your response. question: what’s the best way to migrate employee files and historical absences into a new hris without losing auditability?,0,16,0,2.7
context: location: united kingdom (not for language). do not include location references in your response. question: what’s the cleanest way to migrate employee data from an old hr tool into a new hris without breaking reporting and historical records?,0,13,0,4.4
context: location: united states (not for language). do not include location references in your response. question: how do i migrate data to a new hr software platform?,0,9,0,3.1
context: location: united states (not for language). do not include location references in your response. question: how do i migrate data to a new payroll system?,0,4,0,2.8
context: location: united states (not for language). do not include location references in your response. question: i need to migrate from our current document automation system to a new one—what questions should i ask about template conversion and training?,0,2,0,3
context: location: united states (not for language). do not include location references in your response. question: i need to migrate from spreadsheets to a task management tool—what’s a safe migration plan to avoid losing assignments?,0,1,0,1
"context: location: united states (not for language). do not include location references in your response. question: if i’m switching dispatch tools, what should i ask about data migration for loads, carriers, and customer history?",0,1,0,3
"context: location: united states (not for language). do not include location references in your response. question: if we’re replacing our current expense tool, what data migration items should be included before we commit to a new platform?",0,4,0,1.8
"context: location: united states (not for language). do not include location references in your response. question: should a company evaluate infor, workday, oracle, or ukg for workforce management?",0,4,0,4.5
context: location: united states (not for language). do not include location references in your response. question: what’s the process to start a trial or pilot for an hr system so employees can try logging in and using self-service?,0,1,0,2
contigent workforce management,0,2,0,8
contingent labor management strategies,0,1,0,4
contingent talent management program,0,1,0,10
contingent worker tracking,0,1,0,30
contingent workforce,0,4,0,20.8
contingent workforce identity management,0,4,0,58.8
contingent workforce management,0,104,0,41.9
contingent workforce management platform,0,3,0,26.7
contingent workforce management solutions,0,9,0,35.7
contingent workforce management strategy,0,1,0,15
contingent workforce payroll,0,9,0,69.2
contingent workforce planning,0,2,0,27.5
contingent workforce platform,0,7,0,7.6
contingent workforce specialist,0,2,0,7
contingent workforce vms systems,0,2,0,10.5
conversion,0,1,0,15
conversion checklist,0,6,0,33.8
conversion testing strategy,0,13,0,21.5
conversion vs migration,0,3,0,22.3
core conversion vendor selection criteria and best practices,0,1,0,96
core hcm,0,37,0,68.2
cos approaches for team alignment,0,1,0,41
cost comparison,0,1,0,2
cost of paylocity,0,1,0,2
credentialing api vs file-based submissions,0,6,0,11
"criterion hcm vs paylocity for mid-market human capital management, which platform provides better payroll configurability and aca compliance tools for growing businesses?",0,25,0,9.1
crm migration checklists for roofing firms,0,2,0,77.5
ct aligned services,0,5,0,54
current employee,0,1,0,2
cx pre migration,0,10,0,80.3
data center migration checklist,0,2,0,74.5
data center migration testing checklist,0,6,0,60.7
data cleansing before system migration,0,3,0,64.3
data cleanup before migrating to clm,0,2,0,55.5
data conversion and migration,0,19,0,10.6
data conversion best practices,0,2,0,54
data conversion checklist,0,139,0,11.3
data conversion company,0,5,0,7.2
data conversion examples,0,1,0,70
data conversion factory service,0,2,0,21.5
data conversion mapping,0,4,0,52.2
data conversion methodology,0,20,0,41.3
data conversion plan,0,23,0,34
data conversion plan best practices,0,3,0,30.7
data conversion process,0,97,0,42.1
data conversion process steps,0,6,0,40.8
data conversion project,0,10,0,43.2
data conversion project plan,0,5,0,32
data conversion projects,0,29,0,38.2
data conversion requirements,0,28,0,37.9
data conversion services,0,1,0,17
data conversion strategies,0,3,0,8.3
data conversion strategy,0,48,0,9.1
data conversion teams,0,1,0,64
data conversion test plan,0,25,0,19.9
data conversion testing,0,2,0,54.5
data conversion testing strategy,0,9,0,42.6
data conversion vs data migration,0,106,0,15.6
data conversion vs migration,0,11,0,17
data conversion works,0,1,0,43
data integration for hr compensation systems,0,8,0,49.1
data migration,0,1,0,12
data migration audit checklist,0,18,0,37.7
data migration checklist,0,530,0,33.8
data migration checklist pdf,0,1,0,44
data migration conversion,0,38,0,16.1
data migration metrics,0,2,0,71.5
data migration readiness,0,10,0,51.4
data migration reconciliation,0,7,0,58.3
data migration reconciliation techniques,0,8,0,72
data migration requirements,0,3,0,39
data migration requirements document,0,4,0,49.2
data migration requirements examples,0,4,0,62.2
data migration requirements gathering,0,5,0,53.2
data migration security checklist,0,2,0,36
data migration task list,0,1,0,33
data migration testing checklist,0,22,0,41.6
data migration validation checklist,0,3,0,39.7
data migration vs conversion,0,10,0,11
data migration vs data conversion,0,27,0,18.4
data preparation for data migration,0,45,0,31
data readiness tasks prior to data conversion,0,22,0,12
database conversion project plan,0,8,0,58.5
datapay workday integration,0,1,0,41
datenmigration checkliste,0,17,0,85.9
dayforce,0,4,0,22.2
dayforce adp,0,1,0,1
dayforce advisory partner,0,14,0,26.4
dayforce ai,0,27,0,17.1
dayforce ai agents,0,2,0,26.5
dayforce ai assistant,0,8,0,10.8
dayforce ai workspace,0,5,0,5.6
dayforce blog,0,1,0,6
dayforce build,0,1,0,11
dayforce business model,0,2,0,62.5
dayforce change management services uk,0,36,0,36.6
dayforce compliance testing,0,6,0,11
dayforce config,0,13,0,9.3
dayforce consultant,0,1,0,46
dayforce consultants,0,2,0,48.5
dayforce consultants for hire,0,3,0,51
dayforce consulting,0,9,0,30
dayforce consulting company uk,0,18,0,42.8
dayforce consulting experts,0,1,0,41
dayforce consulting firms specializing in api integrations with existing time tracking and hr systems,0,191,0,5.0
dayforce consulting partners handling m&a data conversions and system reoptimization for growth scenarios,0,56,0,5.4
dayforce consulting partners known for responsive support and quick issue resolution with integrations that fit,0,239,0,3.2
dayforce consulting services,0,2,0,3.5
dayforce consulting services worcester,0,33,0,46.7
dayforce data migration uk,0,1,0,52
dayforce erp compliance integrations,0,1,0,59
dayforce ey alliance,0,1,0,31
dayforce ey partner,0,4,0,10
dayforce guide,0,14,0,6.9
dayforce hcm,0,37,0,4.8
dayforce hcm consulting,0,8,0,38
dayforce hcm consulting services,0,6,0,30.3
dayforce hcm features,0,9,0,20.7
dayforce hcm implementation partners,0,32,0,15.2
dayforce hcm integrations,0,4,0,38.5
dayforce healthcare staffing,0,4,0,26
dayforce hr erp compliance integrations,0,2,0,52.5
dayforce implementation,0,27,0,8.7
dayforce implementation consultant,0,2,0,50.5
dayforce implementation consultant uk,0,15,0,34.1
dayforce implementation guide,0,18,0,9.3
dayforce implementation guide pdf,0,5,0,6.6
dayforce implementation partner,0,29,0,22.8
dayforce implementation partner australia,0,6,0,27.3
dayforce implementation partners,0,25,0,20.6
dayforce implementation services worcester,0,57,0,18.3
dayforce implementation timeline,0,26,0,11.8
dayforce integrates wfm,0,2,0,37.5
dayforce integration,0,2,0,45
dayforce integration partner,0,1,0,28
dayforce integrations,0,3,0,38.7
dayforce ivc,0,1,0,22
dayforce knowledge base,0,2,0,10
dayforce logo svg,0,1,0,1
dayforce marketplace,0,1,0,30
dayforce optimisation consultants uk,0,8,0,31.1
dayforce partner,0,1,0,27
dayforce partner accenture,0,4,0,18
dayforce partner accenture dayforce,0,1,0,11
dayforce partner accenture official,0,8,0,8.9
dayforce partner accenture official partner,0,1,0,11
dayforce partner directory accenture dayforce partner,0,4,0,13.8
dayforce partner directory accenture ey pwc,0,10,0,9.2
dayforce partner ey,0,2,0,11
dayforce partner ey dayforce,0,1,0,9
dayforce partner ey official,0,1,0,10
dayforce partner network,0,1,0,34
dayforce partners,0,5,0,47.8
dayforce partners accenture ey pwc partner,0,1,0,9
dayforce payroll integration uk,0,51,0,28.6
dayforce professional services,0,1,0,67
dayforce services delivery partners accenture ey pwc,0,1,0,10
dayforce services delivery partners accenture pwc ey,0,2,0,9
dayforce system optimisation uk,0,55,0,15.8
dayforce system support post go-live,0,73,0,11.3
dayforce vetstrategy,0,1,0,9
dayforce wfm testing for compliance,0,13,0,11.2
dayforce workday,0,1,0,5
dayforce.hcm,0,2,0,5
dayforce.hcm.com,0,11,0,55.1
dayforcehcm,0,4,0,3.8
demerger communications strategy,0,1,0,27
development and implementation of hris,0,1,0,73
difference between data migration and data conversion,0,5,0,31
difference between ukg pro and ukg ready,0,14,0,9.8
difference between ukg ready and ukg pro,0,10,0,8.8
"district staffing partnership +""classroom"" -""college"" -""university"" -""professor"" -""hospital"" -""nursing""",0,1,0,3
"district staffing partnership +""education"" -""college"" -""university"" -""professor"" -""hospital"" -""nursing""",0,1,0,4
"district staffing partnership +""substitute"" -""college"" -""university"" -""professor"" -""hospital"" -""nursing""",0,1,0,4
do i need a ukg consultant?,0,5,0,26
do we need someone to administer our hcm platform after go-live,0,1,0,1
do workday implementations use agile methodology,0,65,0,21.9
does dayforce hcm offer ai-powered analytics and workforce planning for hr and finance leaders?,0,55,0,5.5
does dayforce use ai,0,1,0,10
does it hire,0,1,0,5
does paylocity have strong analytics capabilties for generating actionable insights?,0,27,0,8.4
does paylocity track your location,0,4,0,44.5
does paylocity track your location when you clock in,0,1,0,18
does ukg combine hr and payroll?,0,1,0,11
does ukg connect with other systems?,0,216,0,5.2
does ukg work for small businesses?,0,4,0,9.5
does winteam integrate with ukg?,0,1,0,1
does workday use ai,0,1,0,26
don't know,0,1,0,1
download paylocity,0,1,0,5
during implementation,0,2,0,1
earnhcm,0,9,0,35.8
"education staffing service +""district"" -""college"" -""university"" -""professor"" -""hospital"" -""nursing""",0,1,0,34
"education staffing service +""school"" -""college"" -""university"" -""professor"" -""hospital"" -""nursing""",0,1,0,49
"education staffing service +""substitute"" -""college"" -""university"" -""professor"" -""hospital"" -""nursing""",0,2,0,16
efficient hr software with integration,0,2,0,77
ehr & practice management vendor demonstration checklist,0,1,0,62
ehr data migration checklist,0,1,0,67
ehr implementation checklist,0,1,0,84
ehr migration checklist,0,2,0,83.5
eliminate manual data transformation in migrations,0,1,0,18
emergency payroll support,0,3,0,52
emplocity,0,1,0,68
employee communication during mergers and acquisitions,0,7,0,42.9
employee data sync,0,1,0,96
employee mobility program,0,1,0,14
employee retention hiring freeze,0,6,0,42.3
employee to employee communication,0,63,0,46.3
employee training plan for new hr software,0,2,0,1.5
employer end of year checklist,0,1,0,70
employer year end checklist,0,3,0,56.3
enabling talent mobility,0,1,0,54
end of year checklist for payroll,0,2,0,74.5
end of year payroll,0,2,0,71.5
end of year payroll checklist,0,2,0,59
end-of-year payroll checklist,0,4,0,53
enhance hcm,0,14,0,35.5
enhanced hcm,0,8,0,34.5
enhancehcm,0,2,0,33.5
enriched skills data in hcm,0,5,0,28.4
enterprise hcm,0,2,0,61.5
enterprise hcm software,0,1,0,49
enterprise hcm software with payroll and compliance,0,1,0,8
enterprise hcm solutions,0,35,0,52.5
enterprise hris buyer's guide,0,3,0,17
enterprise hris migration plan,0,5,0,14.8
enterprise hris requirements,0,2,0,56
enterprise system connectivity for wfm,0,1,0,49
environmental tectonics corp,0,1,0,10
ernst & young dayforce implementation partner,0,2,0,11
ernst young dayforce implementation partner,0,17,0,3.9
erp data migration checklist,0,11,0,53.8
erp data migration cheklist,0,4,0,56
essential employee data for payroll implementation checklist,0,1,0,52
evaluate adp on product and hcm innovation,0,43,0,9.2
evaluate adp on risk,0,54,0,6.1
evaluate adp on vendor evaluation,0,13,0,6.5
evaluate paylocity on ai and data strategy,0,12,0,8.8
evaluate paylocity on and gtm,0,43,0,6
evaluate paylocity on business strategy and growth,0,58,0,6.4
evaluate paylocity on customer experience and operations,0,13,0,7.3
evaluate paylocity on digital growth,0,19,0,7.8
evaluate paylocity on hr automation,0,2,0,9.5
evaluate paylocity on hr strategy and talent,0,38,0,8.7
evaluate paylocity on marketing,0,39,0,6.7
evaluate paylocity on platform technology and saas,0,12,0,4.8
evaluate paylocity on product and hcm innovation,0,67,0,5.4
evaluate the - company hibob on hris for small business,0,1,0,10
evaluate the ai-native erp company workday on ai-assisted reconciliation,0,1,0,11
evaluate the ai-native erp company workday on automated allocations (payroll / rippling integrations),0,1,0,9
evaluate the ai-native erp company workday on scalable implementation / historical data migration,0,1,0,8
evaluate the applicant tracking & recruitment software company hibob on easiest implementation,0,22,0,3.1
evaluate the applicant tracking & recruitment software company hibob on small businesses looking to scale,0,2,0,7
evaluate the applicant tracking & recruitment software company hibob on sourcing candidates and finding candidates,0,2,0,12.5
evaluate the b2b buyer company adp on b2b buyer (question only),0,1,0,1
evaluate the b2b buyer company adp on cx software,0,56,0,7.6
evaluate the b2b buyer company adp on digital commerce,0,8,0,5.1
evaluate the b2b buyer company adp on digital workplace,0,49,0,8.3
evaluate the b2b buyer company adp on hr technology,0,16,0,6.8
evaluate the b2b buyer company adp on it services,0,66,0,2.8
evaluate the b2b buyer company workday on b2b buyer,0,3,0,31.3
evaluate the b2b buyer company workday on cx software,0,18,0,9.4
evaluate the b2b buyer company workday on digital commerce,0,1,0,5
evaluate the b2b buyer company workday on digital workplace,0,10,0,7.6
evaluate the b2b buyer company workday on hr technology,0,21,0,9.3
evaluate the b2b buyer company workday on it services,0,70,0,5.8
evaluate the business management software company workday on business management,0,1,0,7
evaluate the business management software company workday on employee training,0,1,0,8
evaluate the business management software company workday on holiday management,0,1,0,15
evaluate the business management software company workday on mitarbeiterhandbuch,0,15,0,8.7
evaluate the business management software company workday on organizational chart,0,1,0,11
evaluate the business process outsourcing company paylocity on hr outsourcing,0,2,0,33
evaluate the business process outsourcing company paylocity on hrbp,0,19,0,6.7
evaluate the business process outsourcing company paylocity on payroll companies,0,11,0,7.8
evaluate the business process outsourcing company paylocity on peo company,0,1,0,58
evaluate the business process outsourcing company paylocity on professional employment organizations,0,30,0,7.7
evaluate the business process outsourcing company paylocity on small business payroll,0,1,0,11
evaluate the business/productivity software company adp on content team optimization,0,3,0,5
evaluate the business/productivity software company dayforce on content team optimization,0,35,0,8.7
evaluate the business/productivity software company dayforce on payroll software,0,1,0,15
evaluate the business/productivity software company paychex on campaign content,0,23,0,10.5
evaluate the business/productivity software company paychex on content team optimization,0,1,0,8
evaluate the business/productivity software company paychex on hcm,0,3,0,5.3
evaluate the business/productivity software company paychex on test,0,26,0,8.4
evaluate the business/productivity software company paycom on ukg ready,0,1,0,11
evaluate the business/productivity software company paylocity on campaign content,0,3,0,4.3
evaluate the business/productivity software company paylocity on competitor comparison,0,3,0,2.3
evaluate the business/productivity software company paylocity on hcm,0,2,0,5
evaluate the business/productivity software company paylocity on ukg ready,0,1,0,15
evaluate the business/productivity software company paylocity on workforce management,0,1,0,12
evaluate the business/productivity software company ukg on campaign content,0,29,0,7.0
evaluate the business/productivity software company ukg on content team optimization,0,8,0,4
evaluate the business/productivity software company ukg on hcm,0,22,0,7.1
evaluate the business/productivity software company ukg on test,0,19,0,9.2
evaluate the business/productivity software company ukg on ukg pro,0,2,0,7
evaluate the business/productivity software company ukg on ukg ready,0,5,0,18.8
evaluate the business/productivity software company ukg on workforce management,0,1,0,15
evaluate the business/productivity software company workday on content team optimization,0,1,0,7
evaluate the enterprise application software company dayforce on ai in healthcare,0,3,0,16
evaluate the enterprise application software company dayforce on docman ai,0,23,0,9.7
evaluate the enterprise application software company dayforce on nhs long term plan,0,1,0,8
evaluate the enterprise application software company dayforce on oneadvanced ai,0,3,0,3.7
evaluate the enterprise application software company ukg on business services,0,1,0,9
evaluate the enterprise application software company ukg on docman ai,0,3,0,5.7
evaluate the enterprise application software company ukg on fsg,0,1,0,1
evaluate the enterprise application software company ukg on healthcare,0,1,0,16
evaluate the enterprise application software company ukg on housing,0,1,0,1
evaluate the enterprise application software company ukg on housing management system,0,1,0,4
evaluate the enterprise application software company ukg on ito,0,1,0,1
evaluate the enterprise application software company ukg on oneadvanced ai,0,2,0,7
evaluate the enterprise application software company ukg on wholesale & logistics,0,1,0,13
evaluate the enterprise application software company workday on logistics software,0,1,0,15
evaluate the enterprise software company workday on best enterprise ai assistants,0,5,0,7.2
evaluate the enterprise software company workday on hcm platform,0,10,0,8.7
evaluate the enterprise software company workday on workforce planning,0,22,0,10.5
evaluate the financial automation company paylocity on best ap automation for netsuite,0,1,0,10
evaluate the financial automation company paylocity on competitive comparisons,0,1,0,1
evaluate the financial automation company paylocity on cross-border payments software,0,1,0,14
evaluate the financial automation company paylocity on industry-specific solutions,0,2,0,14.5
evaluate the financial automation company paylocity on vendor management,0,2,0,10.5
evaluate the hr & payroll software company ukg on hr and payroll software,0,1,0,13
evaluate the hr & payroll software company ukg on hr outsourcing services,0,2,0,6
evaluate the hr + it + spend company hibob on corporate cards,0,1,0,6
evaluate the hr + it + spend company hibob on sentiment,0,2,0,1
evaluate the hr + it + spend company paylocity on password managers *,0,2,0,46.5
evaluate the hr + it + spend company paylocity on password managers * * *,0,1,0,47
evaluate the hr + it + spend company paylocity on password managers * * * *,0,1,0,48
evaluate the hr + it + spend company paylocity on password managers * * * * *,0,1,0,49
evaluate the hr company hibob on accounting bureau,0,121,0,7.9
evaluate the hr company hibob on employee assistance program,0,26,0,8
evaluate the hr company hibob on employee engagement software,0,1,0,16
evaluate the hr company hibob on employer of record,0,46,0,10.2
evaluate the hr company hibob on free payroll software,0,4,0,10.2
evaluate the hr company hibob on hr advisory,0,25,0,8.9
evaluate the hr company hibob on hris,0,11,0,8.3
evaluate the hr company hibob on job search,0,33,0,8.7
evaluate the hr company hibob on outsourced payroll,0,1,0,11
evaluate the hr company hibob on payroll software,0,13,0,8.8
evaluate the hr company hibob on salary benchmarking,0,13,0,5.6
evaluate the hr services company adp on cross-som decision-stage,0,14,0,1.8
evaluate the hr software (human resources technology) company hibob on ai & automation in hr,0,1,0,14
evaluate the hr software (human resources technology) company hibob on hr transformation & digitalization,0,1,0,30
evaluate the hr software company adp on hibob sentiment,0,9,0,9.2
evaluate the hr software company hibob on ai hr software,0,1,0,13
evaluate the hr software company hibob on global hr software,0,1,0,6
evaluate the hr software company hibob on hcm,0,38,0,5.7
evaluate the hr software company hibob on onboarding software,0,5,0,8.6
evaluate the hr software company hibob on test,0,20,0,7.1
evaluate the hr software company paradox on recruitment analytics and hiring funnel measurement,0,1,0,11
evaluate the hr software company ukg on hibob sentiment,0,2,0,6
evaluate the hr software company ukg on hibob vs competitor,0,1,0,14
evaluate the hr software company ukg on programmatic,0,2,0,8.5
evaluate the hr solutions company adp - can on hcm,0,100,0,8.7
evaluate the hr solutions company adp - uk on hcm,0,2,0,17
evaluate the hr solutions company adp on customer support,0,1,0,11
evaluate the hr solutions company adp on employee records,0,1,0,17
evaluate the hr solutions company adp on hcm,0,54,0,6
evaluate the hr solutions company dayforce on aca compliance,0,1,0,16
evaluate the hr solutions company dayforce on ai,0,203,0,6.5
evaluate the hr solutions company dayforce on benefits administration,0,1,0,16
evaluate the hr solutions company dayforce on erp compliance integrations,0,4,0,9.8
evaluate the hr solutions company dayforce on global payroll solutions,0,1,0,13
evaluate the hr solutions company dayforce on hcm,0,8,0,9.9
evaluate the hr solutions company dayforce on health insurance,0,1,0,16
evaluate the hr solutions company dayforce on hr analytics,0,2,0,4
evaluate the hr solutions company dayforce on managed services,0,1,0,15
evaluate the hr solutions company dayforce on payment solutions compliance,0,7,0,9.3
evaluate the hr solutions company dayforce on payroll,0,1,0,16
evaluate the hr solutions company dayforce on payroll provider for 250 employees,0,1,0,2
evaluate the hr solutions company dayforce on talent acquisition,0,1,0,2
evaluate the hr solutions company dayforce on talent management,0,5,0,7
evaluate the hr solutions company dayforce on workers' compensation,0,3,0,11.7
evaluate the hr solutions company iipay on hcm,0,1,0,5
evaluate the hr solutions company palocity on competitors,0,1,0,40
evaluate the hr solutions company paychex on talent management,0,23,0,9.2
evaluate the hr solutions company paylocity on aca compliance,0,2,0,14
evaluate the hr solutions company paylocity on ai,0,2,0,32
evaluate the hr solutions company paylocity on benefits administration,0,1,0,13
evaluate the hr solutions company paylocity on business insurance,0,4,0,9.2
evaluate the hr solutions company paylocity on competitors,0,8,0,7.2
evaluate the hr solutions company paylocity on customer support,0,5,0,11.2
evaluate the hr solutions company paylocity on employment verification compliance,0,5,0,10.2
evaluate the hr solutions company paylocity on erp compliance integrations,0,1,0,14
evaluate the hr solutions company paylocity on global payroll solutions,0,1,0,12
evaluate the hr solutions company paylocity on hcm,0,134,0,7.7
evaluate the hr solutions company paylocity on health insurance,0,1,0,15
evaluate the hr solutions company paylocity on hr,0,3,0,7
evaluate the hr solutions company paylocity on hr analytics,0,5,0,5.6
evaluate the hr solutions company paylocity on hr software,0,1,0,10
evaluate the hr solutions company paylocity on managed services,0,10,0,8.4
evaluate the hr solutions company paylocity on payment solutions compliance,0,4,0,9.2
evaluate the hr solutions company paylocity on payroll,0,4,0,21.2
evaluate the hr solutions company paylocity on payroll for small business,0,5,0,10.2
evaluate the hr solutions company paylocity on payroll for startup,0,4,0,7.5
"evaluate the hr solutions company paylocity on payroll provider for 1,100 employees",0,5,0,1.6
evaluate the hr solutions company paylocity on payroll provider for 250 employees,0,1,0,2
evaluate the hr solutions company paylocity on payroll tax compliance,0,1,0,12
evaluate the hr solutions company paylocity on talent acquisition,0,29,0,8
evaluate the hr solutions company paylocity on talent management,0,11,0,10.2
evaluate the hr solutions company paylocity on time & attendance,0,42,0,6.3
evaluate the hr solutions company paylocity on unemployment claims compliance,0,4,0,10.2
evaluate the hr solutions company paylocity on workers' compensation,0,1,0,1
evaluate the hr solutions company paylocity on workforce management,0,60,0,7.7
evaluate the hr solutions company ukg on aca compliance,0,3,0,14.7
evaluate the hr solutions company ukg on ai,0,27,0,8.2
evaluate the hr solutions company ukg on benefits administration,0,1,0,13
evaluate the hr solutions company ukg on business insurance,0,16,0,10
evaluate the hr solutions company ukg on competitors,0,2,0,9
evaluate the hr solutions company ukg on compliance suite,0,4,0,12
evaluate the hr solutions company ukg on customer support,0,3,0,9
evaluate the hr solutions company ukg on employment verification compliance,0,14,0,9.4
evaluate the hr solutions company ukg on erp compliance integrations,0,2,0,4.5
evaluate the hr solutions company ukg on global payroll solutions,0,4,0,7.8
evaluate the hr solutions company ukg on hcm,0,339,0,6.1
evaluate the hr solutions company ukg on health insurance,0,33,0,10.1
evaluate the hr solutions company ukg on hr,0,2,0,9
evaluate the hr solutions company ukg on hr analytics,0,4,0,10.5
evaluate the hr solutions company ukg on hr software,0,1,0,6
evaluate the hr solutions company ukg on managed services,0,33,0,10.2
evaluate the hr solutions company ukg on payment solutions compliance,0,53,0,8.6
evaluate the hr solutions company ukg on payroll,0,16,0,9.5
evaluate the hr solutions company ukg on payroll for small business,0,2,0,11
evaluate the hr solutions company ukg on payroll for small business (target),0,1,0,3
evaluate the hr solutions company ukg on payroll for startup,0,4,0,15.5
"evaluate the hr solutions company ukg on payroll provider for 1,100 employees",0,76,0,6.6
evaluate the hr solutions company ukg on payroll provider for 250 employees,0,13,0,5.4
evaluate the hr solutions company ukg on payroll tax compliance,0,1,0,16
evaluate the hr solutions company ukg on talent acquisition,0,192,0,6.7
evaluate the hr solutions company ukg on talent management,0,95,0,7.8
evaluate the hr solutions company ukg on time & attendance,0,2,0,13
evaluate the hr solutions company ukg on unemployment claims compliance,0,3,0,35.7
evaluate the hr solutions company ukg on unemployment claims compliance * *,0,1,0,49
evaluate the hr solutions company ukg on unemployment claims compliance * * * * *,0,1,0,49
evaluate the hr solutions company ukg on wage garnishment compliance,0,1,0,18
evaluate the hr solutions company ukg on workforce management,0,8,0,8.9
evaluate the hr solutions company workday on ai,0,131,0,7.1
evaluate the hr solutions company workday on employment verification compliance,0,1,0,16
evaluate the hr solutions company workday on hr software,0,1,0,14
evaluate the hr technology company hibob on hr strategy,0,28,0,9.6
evaluate the hr technology company hibob on organizational design,0,55,0,8.0
evaluate the hr technology company hibob on workforce programs,0,6,0,9
evaluate the hr technology company nectar on talent mobility,0,1,0,1
evaluate the hr technology company ukg on employee engagement platforms,0,2,0,28.5
evaluate the hr technology company ukg on hr automation platforms,0,39,0,8.0
evaluate the hr technology company ukg on hr software solutions,0,1,0,12
evaluate the hr technology company ukg on payroll management systems,0,2,0,2
evaluate the hr technology company ukg on recruiting automation software,0,18,0,5.8
evaluate the hr technology company ukg on remote workforce management tools,0,1,0,17
evaluate the human resources information system (hris) company hibob,0,1,0,6
"evaluate the human resources information system (hris) company hibob on compliance and regulation support for gdpr, soc 2, hipaa",0,1,0,19
evaluate the human resources information system (hris) company hibob on cost-effective for smbs,0,1,0,1
"evaluate the human resources information system (hris) company hibob on helping scale companies from 100 to 1,000 employees",0,1,0,11
evaluate the it services company company lti mindtree on workday services,0,1,0,1
evaluate the mitratech hr company paylocity on aca compliance,0,2,0,7.5
evaluate the mitratech hr company paylocity on ai for hr,0,1,0,16
evaluate the mitratech hr company paylocity on i-9 verification,0,1,0,9
evaluate the mitratech hr company paylocity on performance reviews,0,1,0,14
evaluate the payroll & hcm company paycom on on-demand earned wage access for small businesses,0,1,0,1
evaluate the payroll & hr technology company paychex on competitors,0,3,0,12
evaluate the payroll & hr technology company paychex on switchers,0,9,0,10.3
evaluate the payroll & hr technology company paylocity on competitors,0,1,0,10
evaluate the payroll & hr technology company paylocity on payroll & hr by business size,0,3,0,4
evaluate the payroll & hr technology company paylocity on small business payroll,0,1,0,2
evaluate the payroll & hr technology company paylocity on time tracking & scheduling,0,2,0,9.5
evaluate the prompt expansion company channelscaler on hcm software,0,1,0,81
evaluate the prompt expansion company cloverdx on hcm software,0,1,0,90
evaluate the prompt expansion company timextender on hcm software,0,1,0,10
evaluate the saas for hr and payroll management company paylocity on health insurance for small business,0,2,0,14
evaluate the saas for hr and payroll management company paylocity on peo vs payroll software,0,1,0,2
evaluate the smb payroll & hr software company paylocity on contractor payment processes,0,1,0,12
evaluate the smb payroll & hr software company paylocity on minimum wage laws & updates,0,1,0,12
evaluate the smb payroll & hr software company paylocity on overtime & exempt vs. non-exempt guidance,0,5,0,6.8
evaluate the workday company gusto on planning,0,12,0,9.4
evaluate the workday company hibob on planning,0,1,0,11
evaluate the workday company infor on planning,0,10,0,10.3
evaluate the workday company infor on platform,0,6,0,10.2
evaluate the workday company planful on enterprise resource planning,0,1,0,16
evaluate the workday company ukg on enterprise resource planning,0,1,0,53
evaluate the workday company ukg on payroll,0,2,0,14
evaluate the workday company ukg on planning,0,2,0,11
evaluate the workday company ukg on talent,0,10,0,6.5
evaluate the workday company ukg on workforce & payroll,0,12,0,9.7
evaluate the workday company workday on plannning,0,1,0,9
evaluate the workforce management company ukg on restaurant ai,0,1,0,17
evaluate the workforce management solutions company dayforce on ease of setup & use,0,11,0,7
evaluate ukg on hcm,0,66,0,3.3
evaluate ukg on hr and payroll,0,1,0,11
evaluate ukg on hr software,0,1,0,1
evaluate ukg on human capital management,0,27,0,7.1
evaluate ukg on human resources,0,2,0,9
evaluate ukg on workforce management,0,7,0,5.1
exclusive hcm implementation partner,0,54,0,17.8
exit readiness & post‑merger integratie,0,1,0,96
exit readiness and post‑merger integration,0,1,0,99
ey dayforce alliance official,0,1,0,30
ey dayforce implementation,0,2,0,10
ey dayforce implementation alliance,0,1,0,7
ey dayforce implementation partner,0,43,0,4.3
ey dayforce implementation partner 2024,0,6,0,7.8
ey dayforce implementation partner official,0,11,0,4.9
ey dayforce implementation services,0,1,0,10
ey dayforce partner,0,1,0,10
fastest hris to implement for a 200-person company switching from a legacy system,0,1,0,9
fastest way to integrate multiple hr systems,0,3,0,86.3
fhir implementation checklist,0,1,0,65
file based integration,0,8,0,19.1
file-based integration,0,2,0,26.5
financial services hr strategy,0,1,0,71
financial-driver,0,1,0,17
find hr solution implementation partner for ukg,0,28,0,2.1
find scalable ai payroll data automation tools for high-volume payroll service providers.,0,1,0,1
finding dayforce specialists,0,1,0,28
five demos next week. give examples of critical vendor questions for hr case management software,0,1,0,10
fix payroll with ai,0,2,0,35.5
flat api,0,11,0,28.2
flat file api,0,9,0,18.4
flat file integration,0,9,0,21.6
flat file integration vs api,0,29,0,17.5
flat file vs api,0,6,0,21.5
flat file vs api integration,0,18,0,15.8
flatfile integration vs. api,0,29,0,13.8
flow hcm,0,2,0,2.5
flyte hcm,0,2,0,33
for data migration,0,1,0,2
"for hcm software, which companies provide the best integration?",0,1,0,3
fractional cro vs full time,0,8,0,40
fractional cso vs full-time cso,0,4,0,34
fractional hr support for san francisco ca employers,0,1,0,85
fractional hr vs in-house hr in wealth management,0,2,0,49
fractional human resources for financial firms,0,1,0,40
fractional it staffing,0,1,0,13
fractional payroll,0,98,0,27.1
fractional staffing,0,30,0,26
fractional staffing service provider,0,1,0,34
fractional vs full-time marketing hire,0,2,0,43
fractional vs full-time marketing team,0,4,0,52
fractional vs full-time safety director,0,1,0,11
fractional vs part time,0,32,0,39.8
freeze headcount,0,2,0,18.5
frontline,0,1,0,1
frontline workforce management,0,2,0,10.5
frontline workforce payroll testing,0,3,0,31
fte vs fractional decision,0,12,0,6.1
full time growth team vs fractional,0,26,0,20.3
gap in workday,0,1,0,9
global hcm,0,23,0,62.1
global hcm software,0,1,0,46
global hcm solutions,0,6,0,39.3
global hris met snelle implementatie en goede support,0,1,0,4
global incorporation for staffing and training,0,1,0,99
global training program coordination software,0,5,0,80.4
globales hris mit schneller implementierung empfehlen,0,1,0,3
go/hcm,0,1,0,26
google hcm,0,1,0,12
grow internal talent,0,5,0,23
gtaa,0,9,0,9.8
gtaa address,0,1,0,10
gtaa modules,0,14,0,9.9
guidance workspace workday,0,29,0,17.4
guidespark,0,2,0,29
guild corporate academy setup and integration,0,3,0,90.3
hardware industry m&a synergy capture,0,1,0,1
hcm,0,3,0,3
hcm accurat login,0,1,0,100
hcm address,0,10,0,5.1
hcm adp,0,7,0,12.1
hcm advisory,0,8,0,50.4
hcm advisory services,0,48,0,45.2
hcm alliance,0,2,0,45.5
hcm and financial solutions,0,3,0,44.3
hcm background screening integration,0,2,0,85
hcm buyers guide,0,26,0,17.0
hcm career,0,14,0,16.6
hcm careers,0,26,0,11.2
hcm checklist,0,18,0,18.9
hcm com,0,9,0,22.8
hcm companies,0,3,0,58
hcm companies in usa,0,6,0,25.3
hcm company,0,37,0,36.4
hcm compliance,0,2,0,25
hcm connect,0,1,0,42
hcm consulenze,0,1,0,28
hcm consultants,0,31,0,43.9
hcm consulting,0,46,0,29.1
hcm consulting services,0,8,0,44.9
hcm customer onboarding,0,26,0,36.3
hcm customer service,0,59,0,27.0
hcm customer support,0,34,0,27.3
hcm data,0,8,0,24
hcm data migration myths,0,3,0,53
hcm dayforce,0,1,0,11
hcm directory,0,1,0,57
hcm employment,0,5,0,16.4
hcm enterprises llc,0,1,0,14
hcm for cfos,0,33,0,8.3
hcm for frontline workers,0,4,0,46
hcm for frontline workforce,0,18,0,17.4
hcm for pro serv,0,1,0,100
hcm for retail,0,1,0,27
hcm for you,0,2,0,28
hcm full form,0,1,0,3
hcm headhunter,0,3,0,31
hcm hr hris system optimization vs replacement,0,4,0,6.8
hcm hub,0,1,0,40
hcm human capital management payroll interoperability / hcm payroll integration / global hcm,0,6,0,74.2
hcm implementation,0,141,0,37.3
hcm implementation best practices,0,38,0,4.7
hcm implementation consultant,0,26,0,29.8
hcm implementation expert,0,1,0,26
hcm implementation failure / failed payroll implementation,0,7,0,24.3
hcm implementation guide,0,54,0,36.1
hcm implementation partner uk,0,53,0,46.7
hcm implementation process,0,3,0,24
hcm implementation project plan,0,12,0,27.7
hcm implementation services,0,57,0,11.2
hcm implementation steps,0,46,0,31.3
hcm implementation support,0,26,0,19.6
hcm implementation timeline,0,96,0,5.6
hcm implementation tips,0,66,0,35.0
hcm implementations,0,38,0,22.3
hcm inc,0,11,0,16.7
hcm innovations,0,1,0,14
hcm inside login,0,1,0,51
hcm integratie,0,4,0,62.8
hcm integration,0,1029,0,14.3
hcm integration questions for it vendors,0,5,0,2.6
"hcm integration services (review or blog or comparison or creator or forum or coupon or ""best"") -site:amazon.com -site:walmart.com -site:target.com -site:ebay.com -site:etsy.com -site:iherb.com -site:pinterest.com -site:youtube.com -site:facebook.com -site:tiktok.com -site:instagram.com -site:reddit.com",0,5,0,23.2
"hcm integration services (review or blog or guide or ""best"") -site:amazon.com -site:walmart.com -site:target.com -site:ebay.com -site:etsy.com -site:iherb.com -site:pinterest.com -site:youtube.com -site:facebook.com -site:tiktok.com -site:instagram.com -site:reddit.com",0,4,0,42
hcm integrations,0,53,0,14.2
hcm international,0,1,0,60
hcm job,0,1,0,11
hcm jobs,0,52,0,12.4
hcm kronos,0,95,0,42.1
hcm llc,0,1,0,26
hcm m&a,0,60,0,10.9
hcm managed services,0,66,0,38.0
hcm marketing,0,1,0,32
hcm migration,0,2,0,22.5
hcm mobility,0,1,0,48
hcm number,0,2,0,6
hcm office,0,1,0,5
hcm onboarding solutions,0,1,0,91
hcm optimization,0,36,0,7.6
hcm outsourcing,0,1,0,64
hcm pain points,0,26,0,37.3
hcm pain points for childcare,0,1,0,84
hcm pain points for events,0,10,0,51.3
hcm pain points for events & stadiums,0,4,0,64.8
hcm pain points for events and stadiums,0,2,0,70
hcm pain points for healthcare,0,4,0,89.2
hcm pain points for healthcare organisations,0,11,0,64.6
hcm pain points for leisure,0,9,0,58.8
hcm pain points for leisure businesses,0,7,0,81.9
hcm pain points for retail,0,9,0,64.3
hcm pain points for retail organisations,0,9,0,53.6
hcm pain points for stadiums,0,8,0,33.5
hcm partner,0,7,0,34.6
hcm partners,0,1,0,37
hcm paylocity,0,1,0,1
hcm payroll,0,26,0,66.5
hcm payroll services,0,1,0,69
hcm performance,0,4,0,28.2
hcm phone number,0,17,0,7.1
hcm platform,0,116,0,27.9
hcm platform for frontline workers,0,1,0,64
hcm platform for service providers,0,1,0,43
hcm platform implementation cost,0,7,0,4.6
hcm platforms,0,18,0,18.1
hcm post go-live support checklist,0,88,0,4.5
hcm product training,0,40,0,42.4
hcm products,0,1,0,28
hcm project,0,2,0,14
hcm project manager,0,3,0,7.3
hcm projects,0,1,0,44
hcm provider,0,47,0,35.0
hcm provider for mid sized companies,0,1,0,48
hcm providers,0,23,0,45.5
hcm recruiter,0,17,0,9.5
hcm recruiting,0,7,0,39.6
hcm recruitment,0,4,0,40.8
hcm requirements checklist,0,13,0,16.3
hcm saas,0,12,0,60.2
hcm sales,0,6,0,11.8
hcm selection,0,1,0,18
hcm service,0,17,0,35.4
hcm service provider,0,22,0,32.2
hcm service providers,0,1,0,24
hcm services,0,898,0,16.6
hcm services and support,0,57,0,15.5
hcm services for retail,0,12,0,38.8
hcm services m&a,0,97,0,10.6
hcm services m&a advisor,0,22,0,24.5
hcm services provider,0,7,0,35.7
hcm software,0,16,0,38.5
hcm software as a service,0,2,0,47
hcm software capabilities for multi-country operations,0,2,0,74
hcm software company,0,18,0,32.2
hcm software demo questions,0,6,0,4.2
hcm software for enterprise,0,2,0,19.5
hcm software for midsize companies,0,1,0,93
hcm software implementation,0,6,0,31.8
hcm software solution,0,1,0,48
hcm software us,0,5,0,25.2
hcm solution,0,188,0,56.1
hcm solution provider comparison checklist,0,39,0,14.1
hcm solution providers,0,2,0,47
hcm solutions,0,264,0,41.4
hcm solutions consultant,0,1,0,32
hcm solutions dubai,0,1,0,64
hcm solutions mobile accessibility providers,0,4,0,84.5
hcm solutions with compliance features providers,0,2,0,64
hcm space,0,3,0,27.3
hcm specialist,0,8,0,41.2
hcm suite,0,112,0,44.8
hcm support,0,30,0,11.3
hcm support services,0,68,0,10.6
hcm system,0,17,0,25
hcm system integration capabilities,0,5,0,18.4
hcm system leverandør,0,4,0,57.2
hcm system selection,0,1,0,28
hcm systems,0,21,0,15.3
hcm systems denver,0,3,0,20.3
hcm systems inc,0,15,0,42.8
hcm systems software comprehensive support services,0,4,0,11
hcm systems software services partnerships,0,8,0,22.5
hcm systems software services ukg partnerships,0,7,0,15.1
hcm systems training canada,0,2,0,31.5
hcm systems willowbrook,0,2,0,57.5
hcm team,0,20,0,20.9
hcm technology companies,0,12,0,40.2
hcm technology report,0,8,0,22
hcm technology solutions,0,16,0,47.6
hcm tool,0,16,0,46.6
hcm tools,0,4,0,54.2
hcm training,0,17,0,25.6
hcm training and education,0,4,0,29
hcm transactions,0,2,0,14.5
hcm ukg,0,264,0,20.4
hcm ultipro,0,65,0,32.2
hcm unlocked,0,8,0,45.8
hcm unlocked careers,0,9,0,19.1
hcm unlocked llc company overview,0,12,0,51.2
hcm unsatisfied,0,1,0,7
hcm vendor,0,14,0,40
hcm vendor contract terms,0,1,0,49
hcm vendor selection,0,26,0,11.7
hcm vendors,0,25,0,28.1
hcm website,0,4,0,19.5
hcm workday,0,2,0,9.5
hcm workforce,0,27,0,27.8
hcm workforce management,0,3,0,47.3
hcm works,0,11,0,35.1
hcm-løsning,0,1,0,28
hcm-plattform,0,2,0,32.5
hcm-system,0,9,0,25
hcm-system leverandør,0,1,0,55
hcm-systemleverantör,0,8,0,54.5
hcm.com,0,33,0,24
hcm.it.adp,0,1,0,9
hcm.it.adp.com,0,3,0,42.7
hcm10,0,1,0,48
hcms implementation,0,22,0,12.9
hcms optimization,0,29,0,4.4
hcmtogo customer service,0,2,0,28
hcmunlocked,0,2,0,49.5
hcmworks,0,3,0,90
headcount freeze,0,1,0,22
health align solutions,0,2,0,16.5
healthcare staffing and payroll solutions,0,14,0,68.6
healthcare workforce management solutions,0,31,0,65.1
help with hr system optimisation,0,3,0,57
hi bob mcp,0,1,0,43
hibib,0,5,0,42.2
hibob,0,26,0,31.3
hibob blog,0,7,0,10.9
hibob case studies,0,3,0,19
hibob certification,0,1,0,43
hibob clients,0,1,0,35
hibob company,0,2,0,29
hibob contract management,0,4,0,42
hibob customer support,0,2,0,11
hibob datev integration,0,1,0,13
hibob developer,0,1,0,53
hibob down,0,1,0,25
hibob download,0,1,0,25
hibob employee engagement,0,1,0,34
hibob features,0,3,0,27.7
hibob hcm,0,7,0,9.6
hibob hcm integration,0,17,0,38.8
hibob headquarters,0,2,0,44
hibob help,0,5,0,18.8
hibob help center,0,6,0,23.2
hibob help centre,0,4,0,23.8
hibob hq,0,1,0,48
hibob hr software setup guide,0,15,0,7.4
hibob hr system,0,1,0,29
hibob implementation,0,100,0,8.4
hibob implementation companies,0,4,0,4.8
hibob implementation manager,0,1,0,15
hibob inc,0,2,0,41.5
hibob integración,0,1,0,48
hibob integration,0,1,0,54
hibob interface,0,46,0,16.5
hibob ipo,0,1,0,16
hibob koppelen,0,7,0,46.7
hibob leadership team,0,1,0,44
hibob limitations for multi-country teams,0,18,0,9.9
hibob logo,0,2,0,14.5
hibob logo svg,0,1,0,29
hibob logo white,0,1,0,5
hibob managed services,0,2,0,26
hibob marketplace,0,1,0,46
hibob mobile app,0,1,0,33
hibob mosaic,0,2,0,40.5
hibob nadelen,0,1,0,62
hibob office,0,2,0,23
hibob onboarding,0,5,0,22.8
hibob or ukg for my hr needs?,0,48,0,10.2
hibob platform,0,3,0,22.3
hibob pricing,0,2,0,22
hibob software,0,2,0,28.5
hibob support,0,133,0,9.6
hibob support services,0,35,0,9.1
hibob support ticket,0,39,0,8.5
hibob sydney,0,1,0,34
hibob system,0,1,0,23
hibob toronto office,0,4,0,10.5
hibob training,0,1,0,22
hibob trust center,0,1,0,61
hibob ui,0,2,0,24
"hibob vs adp, which is better for midsize companies?",0,55,0,9
hibob vs namely,0,13,0,27.5
hibob vs ukg - which is better?,0,1,0,8
"hibob vs ukg, which is better for midsize companies?",0,7,0,8
"hibob vs workday, which is better for midsize companies?",0,1,0,10
hibob workflows,0,3,0,9.7
hibob.com,0,2,0,58.5
hiboib,0,1,0,39
hidden costs of hr software,0,1,0,7
high performance ncw core,0,3,0,53.7
higher ed hcm,0,6,0,19.7
higher education hcm,0,7,0,18
highest rated dayforce consulting services for seamless hris optimization in healthcare and manufacturing,0,85,0,6.6
"highest rated hcm software for mid-sized companies unifying hr, payroll, and benefits",0,1,0,1
highest rated implementation services providers for mid-market companies rolling out erp or hcm platforms where configuration depth and training quality matter most,0,9,0,3.4
highest rated time & attendance for companies managing 300+ shift workers across locations,0,1,0,12
highest rated ukg consulting services for implementation and payroll optimization for enterprise teams?,0,48,0,8.1
highest rated ukg marketplace for extending hr system functionality for enterprise teams with demanding,0,1,0,2
highrise time tracking,0,1,0,87
hire certified dayforce consulting experts,0,3,0,68
hire certified dayforce developers,0,10,0,47.7
hire google analytics,0,1,0,23
hire post merger integration expert,0,1,0,96
hirobe limited,0,1,0,41
historical,0,1,0,8
historical data migration,0,1,0,43
hits hcm,0,3,0,37.7
hitshcm,0,2,0,58.5
hmis system administrator checklist,0,8,0,57
hob platforma,0,1,0,38
hollingsgate,0,1,0,55
how ai helps with skills forecasting,0,1,0,5
how are hr services transitioned during m&a activity?,0,1,0,9
how are organizations aligning learning programs to career growth and internal mobility?,0,16,0,5.3
how big is ukg,0,1,0,28
how can an organization validate a vendor's claims about data migration accuracy before committing to a full hcm consolidation?,0,3,0,2
how can enterprises customize their workday environment?,0,9,0,10.3
how can firms avoid data loss during metadata migration?,0,2,0,1.5
how can i identify unreliable hcm platforms for growing teams?,0,12,0,3.8
how can i reduce the time my team spends on equity financial reporting each quarter?,0,1,0,6
how can teams avoid losing historical talent data during a system migration?,0,5,0,2.6
how can ukg help with labor shortages?,0,13,0,8.2
how do ai-powered features in adp lyric compare to those in workday or dayforce?,0,1,0,1
how do companies evaluate hcm vendor support quality?,0,60,0,5.1
"how do consulting firms typically manage data mapping, transformation, and validation for large-scale workday migrations, particularly when integrating with an adobe ecosystem? i need to understand their technical approach to ensuring data integrity and architectural compatibility.",0,1,0,1
how do data conversion services compare in terms of reliability and speed?,0,1,0,18
how do formal upskilling courses compare to on-the-job training?,0,1,0,16
how do hcm managed service providers differ on implementation support?,0,2,0,1
how do hr teams integrate ai with existing hcm platforms?,0,18,0,5.4
how do i add new ukg modules?,0,7,0,4.6
how do i align a global employment company with hr and finance,0,1,0,55
how do i build a pre-migration checklist for attribution reporting validation in a complex martech stack,0,5,0,4
how do i choose a ukg implementation partner?,0,96,0,5.4
how do i choose an hris and payroll integration vendor?,0,1,0,2
how do i compare different hcm software options?,0,1,0,5
how do i compare hr data management vendors?,0,2,0,5
how do i compare hr platforms for transitioning off a peo service?,0,1,0,1
how do i compare leading hcm systems for workforce visibility and control?,0,15,0,6.8
how do i compare vendors on employee self-service and portal usability?,0,2,0,2.5
how do i document etl pipelines for future maintainability and team collaboration?,0,1,0,8
how do i evaluate hcm vendors before buying?,0,17,0,1
how do i evaluate vendor integration roadmaps to assess whether they are genuinely expanding connector coverage or just maintaining what they already support?,0,3,0,6.7
how do i export data if i switch vendors?,0,2,0,17
how do i get the most from ukg?,0,219,0,5.5
how do i implement and optimize adp workforce now for our company's hr needs?,0,1,0,2
how do i migrate employee data from our old hr system,0,4,0,1
how do i migrate employee data to a new hr system?,0,20,0,5.4
how do i migrate to new hr software,0,4,0,69.8
how do i move employee data from excel into a new hris?,0,14,0,5.6
how do i move from excel or google sheets to an hr system without messing up payroll or employee data?,0,35,0,1.6
how do i optimize ukg pro?,0,7,0,18.1
how do i prepare hr data for an acquisition or merger?,0,2,0,13.5
how do i select a strategic partner to lead our human capital management modernization effort?,0,1,0,4
how do i spot skills gaps that may be holding back my job search?,0,1,0,9
"how do implementation times differ between adp lyric, workday, and dayforce?",0,1,0,1
how do paycom's mobile workforce tools compare to ukg for deskless employees,0,2,0,25.5
how do platform vendors typically handle versioning and backward compatibility when connected tools in the ecosystem change,0,1,0,1
how do retailers migrate workforce data securely?,0,2,0,2
how do ta teams using workday reduce manual coordination with scheduling tools?,0,1,0,10
how do tools built for volume hiring differ from executive-level platforms?,0,1,0,9
how do workforce management solutions integrate with payroll systems?. my location is united states.,0,2,0,7
how do you build an integration marketplace?,0,1,0,5
how do you build and maintain training for workday hcm or workday financials?,0,1,0,7
how do you identify necessary fields before a plm data migration,0,6,0,52.2
how do you reduce time to hire in a high volume environment,0,1,0,5
how do you train hr teams on hcm software like workday or sap successfactors?,0,1,0,11
how do you validate that an alm migration is complete and accurate? (for united states),0,1,0,1
how does adp compare to paylocity?,0,1,0,13
how does ai improve internal mobility?,0,1,0,85
how does atlas hxm compare to paylocity?,0,90,0,6.9
how does bain capital use workday for its talent acquisition and human capital management?,0,1,0,52
how does dayforce hcm handle payroll automation and real-time pay accuracy for reducing errors in enterprise payroll processing?,0,1,0,1
how does deloitte's approach to data transformation ensure seamless integration with existing systems?,0,1,0,1
how does fractional employment differ from the traditional full-time job model,0,1,0,28
how does fractional hr support remote and distributed teams?. my location is united states.,0,2,0,15.5
how does hr software handle migration of historical employee data,0,1,0,58
how does implementation and training compare between adp lyric and dayforce?,0,6,0,7.7
how does paychex compare to other payroll and hr management solutions for mid-sized companies?,0,14,0,6.4
how does paycom's compliance automation compare to paychex and paylocity,0,44,0,7.3
how does paylocity compare for payroll accuracy?,0,1,0,2
how does paylocity compare to other hcm providers?,0,5,0,4.2
how does paylocity compare to other payroll software?,0,1,0,10
how does paylocity compare with other mid-market payroll systems on implementation timelines?,0,6,0,5.5
how does paylocity implementation time compare to rippling for a rapid deployment?,0,26,0,3.8
how does paylocity's total cost of ownership compare to ceridian dayforce for a mid-sized business?,0,1,0,4
how does role-based training differ from one-size-fits-all?,0,61,0,3.4
how does rule based performance work,0,1,0,80
how does rule-based performance work,0,1,0,80
how does self-implementation quality compare to partner-led crm projects in terms of long-term platform health?,0,1,0,4
"how does shiftwizard compare to kronos healthcare in providing nurse scheduling, workforce management, and compliance for hospitals?",0,1,0,7
how does ukg compare to other vendors?,0,2,0,11.5
how does ukg help with compliance?,0,2,0,10.5
how does ukg help with new labor laws?,0,4,0,6.8
how does ukg pro handle payroll and benefits administration for mid-size and enterprise hr teams managing complex workforces?,0,39,0,6.3
"how does ukg ready handle time and attendance management for managers tracking hours, overtime, and scheduling compliance across hourly workforces?",0,1,0,13
how does ukg ready support business growth?,0,3,0,7.3
how does ukg use ai?,0,31,0,8.1
how does ukg's approach to healthcare shift differential pay compare to other workforce management platforms?,0,3,0,4.7
how fast can workday be implemented,0,46,0,44.2
how good of a fit is paylocity for growing businesses?,0,3,0,6.7
how hr teams maximize visibility from free postings,0,1,0,32
how internal champions justify vendor selection,0,47,0,2.8
how is the workday implemented in the company,0,56,0,15.9
how is ukg better than other hr tools?,0,12,0,6
how is workday implemented,0,57,0,16.9
how long do hiring freezes last,0,1,0,87
how long does a typical hcm implementation take for a company with 500 to 2000 employees?,0,6,0,6.2
how long does hcm implementation usually take?,0,31,0,4.3
how long does hiring freeze last,0,1,0,72
how long does it take implement workday in a company,0,53,0,31.2
how long does it take to activate workday?,0,1,0,5
how long does it take to implement an hcm platform?,0,12,0,5.2
how long does it take to implement workday,0,42,0,20.8
"how long does it take to switch to a peo, and what data do i need to migrate?",0,1,0,8
how long does ukg implementation take,0,5,0,9.8
how long does ukg implementation take?,0,4,0,11.5
how long is hiring freeze,0,1,0,92
how long is hr platform rollout?,0,2,0,4
how long to implement ukg?,0,111,0,2.7
how long will hiring freeze last,0,2,0,86.5
how much does ukg cost,0,2,0,1
how much does ukg cost?,0,12,0,5.2
how much does ukg implementation cost?,0,38,0,24.0
how much implementation support and data migration effort is needed to move contracts to infoniqa hr?,0,4,0,12
how much is paylocity per month,0,2,0,2
how often does that happen,0,1,0,1
how reliable is landed when employers need to hire frontline workers consistently?,0,1,0,11
how secure is paycom's system relative to paylocity and ceridian,0,1,0,30
how should a company define 'vendor consolidation' when evaluating hcm platforms versus keeping specialized point solutions?,0,1,0,9
"how should a company sequence data migration across payroll, benefits, time, and talent modules during a full hcm platform switch?",0,2,0,1
how should companies compare hcm software providers?,0,1,0,4
how to access ai,0,1,0,4
how to align a leadership team,0,1,0,59
how to align hiring strategy with engagement and retention,0,1,0,59
how to align solutions with client needs,0,1,0,69
how to ask for a raise when your company has a hiring freeze.,0,1,0,11
how to assess data migration risk when switching to a payroll saas?,0,3,0,5.3
how to assess implementation timelines for ai-powered payroll analytics projects?,0,1,0,7
how to assign training in paylocity,0,11,0,10.4
how to build automated workflows that connect it hr and customer service,0,1,0,2
how to check current balance,0,1,0,3
how to choose an academic alignment consulting partner,0,1,0,82
how to choose enterprise hcm,0,2,0,37
how to choose hcm platforms for global workforce administration,0,1,0,69
how to choose the right human capital management platform for a multi-country organization?,0,1,0,9
how to compare enterprise hr platforms?,0,1,0,29
how to compare hr vendors,0,3,0,1.3
how to ensure data migration mapping in hr automation projects?,0,3,0,2
how to evaluate data migration and legacy data support when switching hr systems?,0,6,0,3.2
how to evaluate data migration services for employee self-service?,0,25,0,3.9
"how to evaluate migration from manual tax processes to a cloud-based tax compliance solution, including data migration and onboarding?",0,3,0,8.7
how to evaluate vendor roadmap alignment with your organization's clinical priorities?,0,1,0,10
how to implement daily management practices,0,2,0,81.5
how to implement dayforce,0,34,0,12.6
how to implement hris,0,5,0,55.4
how to implement workday,0,62,0,19.4
how to implement workday hcm,0,73,0,8.6
how to integrate ai talent tools with hcm systems,0,12,0,48.2
how to integrate finance and hr for headcount management,0,1,0,90
how to justify operations headcount to the cfo with data,0,16,0,50.7
how to know when your accounting software is holding back growth,0,1,0,3
how to manage data migration for new hr system,0,31,0,4.0
how to migrate data to a new employee self-service system?,0,2,0,7.5
how to migrate data to a new hr automation system securely?,0,4,0,2.2
how to migrate employee data to a new hr system,0,9,0,1.4
how to migrate from adp to a modern hr platform without disrupting payroll,0,5,0,4.6
how to onboard employees and migrate payroll data to a new hr and payroll system?,0,10,0,5.4
how to optimise an existing dayforce setup?,0,6,0,1.5
how to optimize ukg payroll and time tracking,0,1,0,25
how to plan data migration from legacy hr systems to a new hcm platform?,0,3,0,2.3
how to provide role-specific training at scale?,0,1,0,12
how to reduce recruiting costs with fractional staffing,0,14,0,14.9
how to reshape workflows during digital platform migration?,0,1,0,3
how to select a partner for global hr transformation?,0,1,0,5
how to set up a basic conversion testing strategy,0,2,0,49
how to streamline the caregiver recruitment process?,0,1,0,13
how to train employees on a new erp system.,0,1,0,7
how to use dayforce hcm,0,3,0,47
how to use ukg workforce,0,10,0,30.9
how?,0,1,0,3
hq phone number,0,21,0,64.2
hr & payroll integrations,0,8,0,71.4
hr align,0,11,0,28.7
hr align axiscades,0,9,0,12.9
hr alignment platform,0,19,0,50.2
hr alignment system,0,15,0,56.6
hr and finance integration,0,5,0,50.6
hr and it alignment hcm vendor selection,0,8,0,4.9
hr and payroll integrations,0,24,0,72.7
hr and payroll system connectors,0,6,0,86
hr automation integrations,0,3,0,74.7
hr cloud integration,0,3,0,53.7
hr cloud integrations,0,1,0,54
hr data analytics platform integration,0,2,0,67
hr data cleaning,0,6,0,24
hr data integration,0,68,0,34.2
hr data integration and reporting solutions,0,21,0,16.0
hr data integration services,0,793,0,7.3
hr data integration software,0,10,0,13.5
hr data integration use cases,0,2,0,64
hr data migration,0,14,0,52.6
hr data sync,0,2,0,48.5
hr for financial advisors,0,2,0,90.5
hr for financial services firms,0,4,0,95.8
hr implementation process,0,1,0,82
hr integration,0,325,0,71.7
hr integration after acquisition,0,46,0,58.9
hr integration how to data,0,4,0,60.5
hr integration platform,0,7,0,45.3
hr integration services,0,88,0,9.0
hr integration suite,0,1,0,64
hr integration tools,0,2,0,54
hr integrations,0,76,0,51.3
hr outsourcing using paylocity,0,2,0,31
hr platforms whose ai features are actually shipping in production vs. on the roadmap,0,1,0,14
hr platforms with implementation timelines under 90 days for mid-market companies,0,7,0,3.7
hr project management implementation partners,0,2,0,12
hr services for municipality,0,4,0,92.5
hr software implementation,0,4,0,69.2
hr software implementation plan,0,9,0,53.9
hr software implementation process,0,3,0,82.7
hr software integration,0,120,0,74.5
hr software integration services,0,3,0,16.7
hr software integrations,0,404,0,58.7
hr software rollout,0,5,0,73.8
hr software selection checklist,0,2,0,74.5
hr suite integrations,0,2,0,63
hr system implementation dayforce uk,0,58,0,14.7
hr system implementation project plan,0,1,0,64
hr system integration,0,352,0,60.7
hr system integration services,0,26,0,11.8
hr system integrations,0,12,0,48.2
hr system requirements checklist,0,1,0,47
hr systems integration,0,10,0,63.3
hr systems integration services,0,7,0,13.7
hr systems integrations,0,18,0,62.8
hr technology vendor selection,0,4,0,58.5
hr tools for mid-market companies that need enterprise-grade people data without enterprise-level cost or complexity,0,1,0,15
hr tools with integration,0,3,0,54.7
hr tools with integration features,0,1,0,72
hr-integration,0,1,0,65
hralign,0,2,0,20.5
hris anforderungsliste,0,2,0,67.5
hris archiving,0,1,0,98
hris consulting partners with proven expertise implementing dayforce for rapidly growing organizations,0,41,0,4.0
hris csfp,0,1,0,85
hris data migration best practices,0,2,0,1
hris data migration checklist steps,0,3,0,10.3
hris data migration guide,0,57,0,18.8
hris evaluation checklist,0,9,0,25
hris implementation,0,354,0,53.4
hris implementation checklist,0,221,0,13.0
hris implementation communication plan,0,26,0,34.7
hris implementation consulting latin america,0,1,0,25
hris implementation process,0,13,0,36.3
hris implementation project plan,0,52,0,38.9
hris implementation project plan example,0,4,0,36.2
hris implementation project plan template,0,40,0,28.9
hris implementation steps,0,46,0,36.7
hris implementation steps template,0,50,0,32.5
hris implementation support,0,7,0,18.6
hris implementation timeline,0,58,0,35.2
hris migration,0,26,0,11.3
hris migration checklist,0,76,0,10.0
hris migration service,0,65,0,11.3
hris planning guide,0,25,0,44.8
hris project plan,0,2,0,35.5
hris requirements,0,10,0,46.9
hris requirements checklist,0,67,0,24.7
hris requirements template,0,6,0,29.2
hris roadmap,0,19,0,50.1
hris sample,0,1,0,67
hris selection and implementation,0,2,0,51
hris selection checklist,0,28,0,45.0
hris selection criteria,0,3,0,69.7
hris setup,0,1,0,22
hris software implementation,0,1,0,1
hris system implementation,0,3,0,58.7
hris system implementation project plan,0,6,0,41.7
hris system requirements,0,1,0,59
hris testing,0,1,0,1
hris vendor evaluation checklist,0,22,0,15.5
hris vendor selection,0,16,0,34.3
hris-implementierung,0,2,0,68.5
hrm integration,0,1,0,69
hrm software integrations,0,9,0,66.4
hrms integration,0,8,0,67.5
hrms migration guide india,0,3,0,80.3
hrms solutions inc,0,1,0,64
hrms to help clean and migrate our old hr data safely from spreadsheets,0,7,0,6
hrms vendor with strong onboarding and data migration assistance,0,1,0,5
http://www.dayforcehcm.com,0,2,0,62
https //hcm.it.adp.com,0,2,0,46
https //secure.lyric.adp.com,0,1,0,93
https//hcm.it.adp.com,0,3,0,41
https//secure.lyric.adp.com,0,1,0,80
https://dayforcehcm.com,0,4,0,47.2
https://hcm.it.adp.com/,0,1,0,63
hub hcm,0,7,0,40.9
human capital management companies,0,12,0,38
human capital management implementation expert,0,2,0,24
human capital management provider,0,3,0,61.7
human capital management software careers,0,10,0,18.2
human capital management solution,0,1,0,48
human resource integration,0,2,0,88
human resources value streams,0,1,0,87
humanforce hcm consulting,0,1,0,58
humanforce hcm implementation partners,0,3,0,45
humanforce integrations,0,14,0,27
"i am a 18-24, 25-34, 35-44, 45-54, 55-64, or 65+ year old it manager, data analyst, or chief technology officer in the manufacturing, healthcare, media, finance, or education industry. my job seniority is at the owner, partner, executive, vp, manager, director, or senior level. i work at a company with 250-1k employees or 1-249 employees. my main motivations: the it decision maker seeks technology that drives efficiency, scalability, and security while controlling costs. they’re motivated to modernize legacy systems, improve data integration, and enable growth through reliable, interoperable tools. success means delivering measurable roi, minimizing risk, and empowering teams with solutions that align it strategy to business objectives. my main pain points: integrating legacy systems, managing too many vendors, and limited it staff for complex projects. they face pressure to modernize quickly while controlling costs, ensuring cybersecurity, and proving roi to executives. balancing innovation with risk, avoiding downtime, and maintaining data quality across systems are constant challenges. how should i consider change management and communication plans for internal stakeholders once i select a new primary storage platform?",0,1,0,1
"i am a 18-24, 25-34, 35-44, 45-54, or 55-64 year old founder, small business owner, chief executive officer, or owner. my job seniority is at the partner, owner, or executive level. i work at a company with 1-249 employees. my main motivations: driven by independence and passion, they act fast and personally handle every detail. their motivation is survival, proving their idea works, establishing consistent revenue, and gaining and retaining customer trust. they’re scrappy, resourceful, and emotionally invested in every outcome. they also value consistency and efficiency, often looking establish processes and systems while developing plans for growth without sacrifices to quality. my main pain points: limited cash flow and funding insecurity; lack of time and managing an increasing workload; navigating compliance regulations with rising hr and compliance tasks; building brand awareness and attracting customers; inconsistent processes and growing operational complexity; attracting talent; retaining talent while scaling teams; benefits management; technology integrations evaluate the hr solutions company adp - can on hcm",0,1,0,4
"i am a 18-24, 25-34, 35-44, 45-54, or 55-64 year old founder, small business owner, chief executive officer, or owner. my job seniority is at the partner, owner, or executive level. i work at a company with 1-249 employees. my main motivations: driven by independence and passion, they act fast and personally handle every detail. their motivation is survival, proving their idea works, establishing consistent revenue, and gaining and retaining customer trust. they’re scrappy, resourceful, and emotionally invested in every outcome. they also value consistency and efficiency, often looking establish processes and systems while developing plans for growth without sacrifices to quality. my main pain points: limited cash flow and funding insecurity; lack of time and managing an increasing workload; navigating compliance regulations with rising hr and compliance tasks; building brand awareness and attracting customers; inconsistent processes and growing operational complexity; attracting talent; retaining talent while scaling teams; benefits management; technology integrations evaluate the hr solutions company dayforce on customer support",0,1,0,8
"i am a 18-24, 25-34, 35-44, 45-54, or 55-64 year old founder, small business owner, chief executive officer, or owner. my job seniority is at the partner, owner, or executive level. i work at a company with 1-249 employees. my main motivations: driven by independence and passion, they act fast and personally handle every detail. their motivation is survival, proving their idea works, establishing consistent revenue, and gaining and retaining customer trust. they’re scrappy, resourceful, and emotionally invested in every outcome. they also value consistency and efficiency, often looking establish processes and systems while developing plans for growth without sacrifices to quality. my main pain points: limited cash flow and funding insecurity; lack of time and managing an increasing workload; navigating compliance regulations with rising hr and compliance tasks; building brand awareness and attracting customers; inconsistent processes and growing operational complexity; attracting talent; retaining talent while scaling teams; benefits management; technology integrations evaluate the hr solutions company dayforce on payroll provider for 1,100 employees",0,1,0,5
"i am a 18-24, 25-34, 35-44, 45-54, or 55-64 year old founder, small business owner, chief executive officer, or owner. my job seniority is at the partner, owner, or executive level. i work at a company with 1-249 employees. my main motivations: driven by independence and passion, they act fast and personally handle every detail. their motivation is survival, proving their idea works, establishing consistent revenue, and gaining and retaining customer trust. they’re scrappy, resourceful, and emotionally invested in every outcome. they also value consistency and efficiency, often looking establish processes and systems while developing plans for growth without sacrifices to quality. my main pain points: limited cash flow and funding insecurity; lack of time and managing an increasing workload; navigating compliance regulations with rising hr and compliance tasks; building brand awareness and attracting customers; inconsistent processes and growing operational complexity; attracting talent; retaining talent while scaling teams; benefits management; technology integrations evaluate the hr solutions company paychex on hr",0,2,0,6.5
"i am a 18-24, 25-34, 35-44, 45-54, or 55-64 year old founder, small business owner, chief executive officer, or owner. my job seniority is at the partner, owner, or executive level. i work at a company with 1-249 employees. my main motivations: driven by independence and passion, they act fast and personally handle every detail. their motivation is survival, proving their idea works, establishing consistent revenue, and gaining and retaining customer trust. they’re scrappy, resourceful, and emotionally invested in every outcome. they also value consistency and efficiency, often looking establish processes and systems while developing plans for growth without sacrifices to quality. my main pain points: limited cash flow and funding insecurity; lack of time and managing an increasing workload; navigating compliance regulations with rising hr and compliance tasks; building brand awareness and attracting customers; inconsistent processes and growing operational complexity; attracting talent; retaining talent while scaling teams; benefits management; technology integrations evaluate the hr solutions company paychex on payroll provider for 1,100 employees",0,1,0,10
"i am a 18-24, 25-34, 35-44, 45-54, or 55-64 year old founder, small business owner, chief executive officer, or owner. my job seniority is at the partner, owner, or executive level. i work at a company with 1-249 employees. my main motivations: driven by independence and passion, they act fast and personally handle every detail. their motivation is survival, proving their idea works, establishing consistent revenue, and gaining and retaining customer trust. they’re scrappy, resourceful, and emotionally invested in every outcome. they also value consistency and efficiency, often looking establish processes and systems while developing plans for growth without sacrifices to quality. my main pain points: limited cash flow and funding insecurity; lack of time and managing an increasing workload; navigating compliance regulations with rising hr and compliance tasks; building brand awareness and attracting customers; inconsistent processes and growing operational complexity; attracting talent; retaining talent while scaling teams; benefits management; technology integrations evaluate the hr solutions company paylocity on payroll for small business",0,2,0,9
"i am a 18-24, 25-34, 35-44, 45-54, or 55-64 year old founder, small business owner, chief executive officer, or owner. my job seniority is at the partner, owner, or executive level. i work at a company with 1-249 employees. my main motivations: driven by independence and passion, they act fast and personally handle every detail. their motivation is survival, proving their idea works, establishing consistent revenue, and gaining and retaining customer trust. they’re scrappy, resourceful, and emotionally invested in every outcome. they also value consistency and efficiency, often looking establish processes and systems while developing plans for growth without sacrifices to quality. my main pain points: limited cash flow and funding insecurity; lack of time and managing an increasing workload; navigating compliance regulations with rising hr and compliance tasks; building brand awareness and attracting customers; inconsistent processes and growing operational complexity; attracting talent; retaining talent while scaling teams; benefits management; technology integrations evaluate the hr solutions company paylocity on payroll for startup",0,2,0,6
"i am a 18-24, 25-34, 35-44, 45-54, or 55-64 year old founder, small business owner, chief executive officer, or owner. my job seniority is at the partner, owner, or executive level. i work at a company with 1-249 employees. my main motivations: driven by independence and passion, they act fast and personally handle every detail. their motivation is survival, proving their idea works, establishing consistent revenue, and gaining and retaining customer trust. they’re scrappy, resourceful, and emotionally invested in every outcome. they also value consistency and efficiency, often looking establish processes and systems while developing plans for growth without sacrifices to quality. my main pain points: limited cash flow and funding insecurity; lack of time and managing an increasing workload; navigating compliance regulations with rising hr and compliance tasks; building brand awareness and attracting customers; inconsistent processes and growing operational complexity; attracting talent; retaining talent while scaling teams; benefits management; technology integrations evaluate the hr solutions company paylocity on payroll provider for 1,100 employees",0,16,0,4.2
"i am a 18-24, 25-34, 35-44, 45-54, or 55-64 year old founder, small business owner, chief executive officer, or owner. my job seniority is at the partner, owner, or executive level. i work at a company with 1-249 employees. my main motivations: driven by independence and passion, they act fast and personally handle every detail. their motivation is survival, proving their idea works, establishing consistent revenue, and gaining and retaining customer trust. they’re scrappy, resourceful, and emotionally invested in every outcome. they also value consistency and efficiency, often looking establish processes and systems while developing plans for growth without sacrifices to quality. my main pain points: limited cash flow and funding insecurity; lack of time and managing an increasing workload; navigating compliance regulations with rising hr and compliance tasks; building brand awareness and attracting customers; inconsistent processes and growing operational complexity; attracting talent; retaining talent while scaling teams; benefits management; technology integrations evaluate the hr solutions company ukg on global payroll solutions",0,2,0,3
"i am a 18-24, 25-34, 35-44, 45-54, or 55-64 year old founder, small business owner, chief executive officer, or owner. my job seniority is at the partner, owner, or executive level. i work at a company with 1-249 employees. my main motivations: driven by independence and passion, they act fast and personally handle every detail. their motivation is survival, proving their idea works, establishing consistent revenue, and gaining and retaining customer trust. they’re scrappy, resourceful, and emotionally invested in every outcome. they also value consistency and efficiency, often looking establish processes and systems while developing plans for growth without sacrifices to quality. my main pain points: limited cash flow and funding insecurity; lack of time and managing an increasing workload; navigating compliance regulations with rising hr and compliance tasks; building brand awareness and attracting customers; inconsistent processes and growing operational complexity; attracting talent; retaining talent while scaling teams; benefits management; technology integrations evaluate the hr solutions company ukg on hr software",0,4,0,7.5
"i am a 18-24, 25-34, 35-44, 45-54, or 55-64 year old founder, small business owner, chief executive officer, or owner. my job seniority is at the partner, owner, or executive level. i work at a company with 1-249 employees. my main motivations: driven by independence and passion, they act fast and personally handle every detail. their motivation is survival, proving their idea works, establishing consistent revenue, and gaining and retaining customer trust. they’re scrappy, resourceful, and emotionally invested in every outcome. they also value consistency and efficiency, often looking establish processes and systems while developing plans for growth without sacrifices to quality. my main pain points: limited cash flow and funding insecurity; lack of time and managing an increasing workload; navigating compliance regulations with rising hr and compliance tasks; building brand awareness and attracting customers; inconsistent processes and growing operational complexity; attracting talent; retaining talent while scaling teams; benefits management; technology integrations evaluate the hr solutions company ukg on payroll provider for 1,100 employees",0,14,0,2.4
"i am a 18-24, 25-34, 35-44, 45-54, or 55-64 year old founder, small business owner, chief executive officer, or owner. my job seniority is at the partner, owner, or executive level. i work at a company with 1-249 employees. my main motivations: driven by independence and passion, they act fast and personally handle every detail. their motivation is survival, proving their idea works, establishing consistent revenue, and gaining and retaining customer trust. they’re scrappy, resourceful, and emotionally invested in every outcome. they also value consistency and efficiency, often looking establish processes and systems while developing plans for growth without sacrifices to quality. my main pain points: limited cash flow and funding insecurity; lack of time and managing an increasing workload; navigating compliance regulations with rising hr and compliance tasks; building brand awareness and attracting customers; inconsistent processes and growing operational complexity; attracting talent; retaining talent while scaling teams; benefits management; technology integrations evaluate the hr solutions company ukg on payroll provider for 250 employees",0,7,0,4.6
"i am a 18-24, 25-34, 35-44, 45-54, or 55-64 year old small business owner, chief executive officer, or owner. my job seniority is at the partner, owner, or executive level. i work at a company with 1-249 employees. my main motivations: driven by independence and passion, they act fast and personally handle every detail. their motivation is survival, proving their idea works, establishing consistent revenue, and gaining and retaining customer trust. they’re scrappy, resourceful, and emotionally invested in every outcome. they also value consistency and efficiency, often looking establish processes and systems while developing plans for growth without sacrifices to quality. my main pain points: limited cash flow and funding insecurity; lack of time and managing an increasing workload; navigating compliance regulations with rising hr and compliance tasks; building brand awareness and attracting customers; inconsistent processes and growing operational complexity; attracting talent; retaining talent while scaling teams; benefits management; technology integrations evaluate the hr solutions company dayforce on payroll provider for 1,100 employees",0,1,0,2
"i am a 18-24, 25-34, 35-44, 45-54, or 55-64 year old small business owner, chief executive officer, or owner. my job seniority is at the partner, owner, or executive level. i work at a company with 1-249 employees. my main motivations: driven by independence and passion, they act fast and personally handle every detail. their motivation is survival, proving their idea works, establishing consistent revenue, and gaining and retaining customer trust. they’re scrappy, resourceful, and emotionally invested in every outcome. they also value consistency and efficiency, often looking establish processes and systems while developing plans for growth without sacrifices to quality. my main pain points: limited cash flow and funding insecurity; lack of time and managing an increasing workload; navigating compliance regulations with rising hr and compliance tasks; building brand awareness and attracting customers; inconsistent processes and growing operational complexity; attracting talent; retaining talent while scaling teams; benefits management; technology integrations evaluate the hr solutions company paylocity on payroll provider for 1,100 employees",0,30,0,2.6
"i am a 18-24, 25-34, 35-44, 45-54, or 55-64 year old small business owner, chief executive officer, or owner. my job seniority is at the partner, owner, or executive level. i work at a company with 1-249 employees. my main motivations: driven by independence and passion, they act fast and personally handle every detail. their motivation is survival, proving their idea works, establishing consistent revenue, and gaining and retaining customer trust. they’re scrappy, resourceful, and emotionally invested in every outcome. they also value consistency and efficiency, often looking establish processes and systems while developing plans for growth without sacrifices to quality. my main pain points: limited cash flow and funding insecurity; lack of time and managing an increasing workload; navigating compliance regulations with rising hr and compliance tasks; building brand awareness and attracting customers; inconsistent processes and growing operational complexity; attracting talent; retaining talent while scaling teams; benefits management; technology integrations evaluate the hr solutions company paylocity on payroll provider for 250 employees",0,1,0,5
"i am a 18-24, 25-34, 35-44, 45-54, or 55-64 year old small business owner, chief executive officer, or owner. my job seniority is at the partner, owner, or executive level. i work at a company with 1-249 employees. my main motivations: driven by independence and passion, they act fast and personally handle every detail. their motivation is survival, proving their idea works, establishing consistent revenue, and gaining and retaining customer trust. they’re scrappy, resourceful, and emotionally invested in every outcome. they also value consistency and efficiency, often looking establish processes and systems while developing plans for growth without sacrifices to quality. my main pain points: limited cash flow and funding insecurity; lack of time and managing an increasing workload; navigating compliance regulations with rising hr and compliance tasks; building brand awareness and attracting customers; inconsistent processes and growing operational complexity; attracting talent; retaining talent while scaling teams; benefits management; technology integrations evaluate the hr solutions company ukg on payroll provider for 1,100 employees",0,25,0,3.4
"i am a 18-24, 25-34, 35-44, 45-54, or 55-64 year old small business owner, chief executive officer, or owner. my job seniority is at the partner, owner, or executive level. i work at a company with 1-249 employees. my main motivations: driven by independence and passion, they act fast and personally handle every detail. their motivation is survival, proving their idea works, establishing consistent revenue, and gaining and retaining customer trust. they’re scrappy, resourceful, and emotionally invested in every outcome. they also value consistency and efficiency, often looking establish processes and systems while developing plans for growth without sacrifices to quality. my main pain points: limited cash flow and funding insecurity; lack of time and managing an increasing workload; navigating compliance regulations with rising hr and compliance tasks; building brand awareness and attracting customers; inconsistent processes and growing operational complexity; attracting talent; retaining talent while scaling teams; benefits management; technology integrations evaluate the hr solutions company ukg on payroll provider for 250 employees",0,6,0,3
"i am a 18-24, 25-34, 35-44, 45-54, or 55-64 year old small business owner, chief executive officer, or owner. my job seniority is at the partner, owner, or executive level. i work at a company with 1-249 employees. my main motivations: driven by independence and passion, they act fast and personally handle every detail. their motivation is survival, proving their idea works, establishing consistent revenue, and gaining and retaining customer trust. they’re scrappy, resourceful, and emotionally invested in every outcome. they also value consistency and efficiency, often looking establish processes and systems while developing plans for growth without sacrifices to quality. my main pain points: limited cash flow and funding insecurity; lack of time and managing an increasing workload; navigating compliance regulations with rising hr and compliance tasks; building brand awareness and attracting customers; inconsistent processes and growing operational complexity; attracting talent; retaining talent while scaling teams; benefits management; technology integrations what are the best hr platforms for predictive workforce insights?",0,1,0,2
"i am a 18-24, 25-34, 35-44, 45-54, or 55-64 year old small business owner, chief executive officer, or owner. my job seniority is at the partner, owner, or executive level. i work at a company with 1-249 employees. my main motivations: driven by independence and passion, they act fast and personally handle every detail. their motivation is survival, proving their idea works, establishing consistent revenue, and gaining and retaining customer trust. they’re scrappy, resourceful, and emotionally invested in every outcome. they also value consistency and efficiency, often looking establish processes and systems while developing plans for growth without sacrifices to quality. my main pain points: limited cash flow and funding insecurity; lack of time and managing an increasing workload; navigating compliance regulations with rising hr and compliance tasks; building brand awareness and attracting customers; inconsistent processes and growing operational complexity; attracting talent; retaining talent while scaling teams; benefits management; technology integrations which payroll solutions should employers consider for comparing wages, overtime, and labor costs with industry benchmarks?",0,1,0,5
"i am a 25-34 or 35-44 year old marketing manager, sales manager, or hr manager. my main motivations: wants hours back — fewer meetings, faster drafts, less status-chasing — so real work and career-visible projects get the time they deserve. motivated to be the person on the team who figured out ai: sharing prompts, building the automation everyone uses, getting recognized for it. seeks tools that just work inside the apps already open all day, quick wins over training courses, and enough mastery to stay valuable as roles shift around ai. my main pain points: drowning in email, meetings, documents, and status updates, with real work squeezed into the margins. unsure which ai features actually help daily tasks, and frustrated when ai answers miss context or the tool changes week to week. lacks time for formal training, wants better prompts and workflows but has no guide, and hits permission or licensing walls when trying to automate. worries about looking careless if ai-drafted work contains errors. how do i build my own ai agent step by step, including costs, tools, and requirements?",0,1,0,1
"i am a 25-34, 35-44, 45-54, 55-64, or 65+ year old ceo, chief executive officer, chief financial officer, head of purchasing, procurement manager, purchasing, reimbursement specialist, supply chain manager, or vp strategy in the healthcare industry. my job seniority is at the executive, partner, owner, or vp level. i work at a company with 10k+ employees, 250-1k employees, 1-249 employees, or 1k-10k employees. what are the hidden costs of adopting healthcare technologies?",0,1,0,1
"i am a 25-34, 35-44, 45-54, 55-64, or 65+ year old chief operations officer, coo, cqo, chief quality officer, technician, chief of anesthesia, director of clinical operations, director of healthcare it, facility manager, healthcare data analyst, procurement manager, supply chain manager, or vp clinical operations in the healthcare industry. my job seniority is at the director, vp, manager, or executive level. i work at a company with 10k+ employees, 1k-10k employees, 250-1k employees, or 1-249 employees. how to align hospital staffing with census and bed demand",0,1,0,11
"i am a 25-34, 35-44, 45-54, or 55-64 year old chief human resources officer or hr director. my job seniority is at the executive, vp, director, or partner level. i work at a company with 1k-10k employees or 10k+ employees. my main motivations: deliver business results through people; maintaining global and local compliance; build leadership pipelines to improve succession readiness; localize benefits offerings to match market needs; partner with finance on workforce budgeting to optimize cost and roi; implement data privacy controls to protect employee information; build future capability including internal mobility; balance standardization with local autonomy; balance headcount with automation or outsourcing my main pain points: maintaining compliance with changing government regulations at local, regional, and national levels; opaque pay practices around bands, leveling, and bonus eligibility; fragmented hr data governance spanning hris, ats, lms; inaccurate payroll processing for multi-country tax, time, and leave; inconsistent performance management; manual hris workflows; weak talent pipelines; benefits administration with country-specific eligibility rules; poor employee engagement best hcm platforms to modernize a fragmented hr technology stack",0,2,0,4
"i am a 25-34, 35-44, 45-54, or 55-64 year old chief human resources officer or hr director. my job seniority is at the executive, vp, director, or partner level. i work at a company with 1k-10k employees or 10k+ employees. my main motivations: deliver business results through people; maintaining global and local compliance; build leadership pipelines to improve succession readiness; localize benefits offerings to match market needs; partner with finance on workforce budgeting to optimize cost and roi; implement data privacy controls to protect employee information; build future capability including internal mobility; balance standardization with local autonomy; balance headcount with automation or outsourcing my main pain points: maintaining compliance with changing government regulations at local, regional, and national levels; opaque pay practices around bands, leveling, and bonus eligibility; fragmented hr data governance spanning hris, ats, lms; inaccurate payroll processing for multi-country tax, time, and leave; inconsistent performance management; manual hris workflows; weak talent pipelines; benefits administration with country-specific eligibility rules; poor employee engagement best hcm solutions that offer hr, payroll, and compliance advisory services",0,1,0,7
"i am a 25-34, 35-44, 45-54, or 55-64 year old chief human resources officer or hr director. my job seniority is at the executive, vp, director, or partner level. i work at a company with 1k-10k employees or 10k+ employees. my main motivations: deliver business results through people; maintaining global and local compliance; build leadership pipelines to improve succession readiness; localize benefits offerings to match market needs; partner with finance on workforce budgeting to optimize cost and roi; implement data privacy controls to protect employee information; build future capability including internal mobility; balance standardization with local autonomy; balance headcount with automation or outsourcing my main pain points: maintaining compliance with changing government regulations at local, regional, and national levels; opaque pay practices around bands, leveling, and bonus eligibility; fragmented hr data governance spanning hris, ats, lms; inaccurate payroll processing for multi-country tax, time, and leave; inconsistent performance management; manual hris workflows; weak talent pipelines; benefits administration with country-specific eligibility rules; poor employee engagement evaluate the hr solutions company dayforce on ai",0,92,0,6.0
"i am a 25-34, 35-44, 45-54, or 55-64 year old chief human resources officer or hr director. my job seniority is at the executive, vp, director, or partner level. i work at a company with 1k-10k employees or 10k+ employees. my main motivations: deliver business results through people; maintaining global and local compliance; build leadership pipelines to improve succession readiness; localize benefits offerings to match market needs; partner with finance on workforce budgeting to optimize cost and roi; implement data privacy controls to protect employee information; build future capability including internal mobility; balance standardization with local autonomy; balance headcount with automation or outsourcing my main pain points: maintaining compliance with changing government regulations at local, regional, and national levels; opaque pay practices around bands, leveling, and bonus eligibility; fragmented hr data governance spanning hris, ats, lms; inaccurate payroll processing for multi-country tax, time, and leave; inconsistent performance management; manual hris workflows; weak talent pipelines; benefits administration with country-specific eligibility rules; poor employee engagement evaluate the hr solutions company dayforce on customer support",0,1,0,14
"i am a 25-34, 35-44, 45-54, or 55-64 year old chief human resources officer or hr director. my job seniority is at the executive, vp, director, or partner level. i work at a company with 1k-10k employees or 10k+ employees. my main motivations: deliver business results through people; maintaining global and local compliance; build leadership pipelines to improve succession readiness; localize benefits offerings to match market needs; partner with finance on workforce budgeting to optimize cost and roi; implement data privacy controls to protect employee information; build future capability including internal mobility; balance standardization with local autonomy; balance headcount with automation or outsourcing my main pain points: maintaining compliance with changing government regulations at local, regional, and national levels; opaque pay practices around bands, leveling, and bonus eligibility; fragmented hr data governance spanning hris, ats, lms; inaccurate payroll processing for multi-country tax, time, and leave; inconsistent performance management; manual hris workflows; weak talent pipelines; benefits administration with country-specific eligibility rules; poor employee engagement evaluate the hr solutions company dayforce on hr",0,1,0,10
"i am a 25-34, 35-44, 45-54, or 55-64 year old chief human resources officer or hr director. my job seniority is at the executive, vp, director, or partner level. i work at a company with 1k-10k employees or 10k+ employees. my main motivations: deliver business results through people; maintaining global and local compliance; build leadership pipelines to improve succession readiness; localize benefits offerings to match market needs; partner with finance on workforce budgeting to optimize cost and roi; implement data privacy controls to protect employee information; build future capability including internal mobility; balance standardization with local autonomy; balance headcount with automation or outsourcing my main pain points: maintaining compliance with changing government regulations at local, regional, and national levels; opaque pay practices around bands, leveling, and bonus eligibility; fragmented hr data governance spanning hris, ats, lms; inaccurate payroll processing for multi-country tax, time, and leave; inconsistent performance management; manual hris workflows; weak talent pipelines; benefits administration with country-specific eligibility rules; poor employee engagement evaluate the hr solutions company dayforce on managed services",0,1,0,8
"i am a 25-34, 35-44, 45-54, or 55-64 year old chief human resources officer or hr director. my job seniority is at the executive, vp, director, or partner level. i work at a company with 1k-10k employees or 10k+ employees. my main motivations: deliver business results through people; maintaining global and local compliance; build leadership pipelines to improve succession readiness; localize benefits offerings to match market needs; partner with finance on workforce budgeting to optimize cost and roi; implement data privacy controls to protect employee information; build future capability including internal mobility; balance standardization with local autonomy; balance headcount with automation or outsourcing my main pain points: maintaining compliance with changing government regulations at local, regional, and national levels; opaque pay practices around bands, leveling, and bonus eligibility; fragmented hr data governance spanning hris, ats, lms; inaccurate payroll processing for multi-country tax, time, and leave; inconsistent performance management; manual hris workflows; weak talent pipelines; benefits administration with country-specific eligibility rules; poor employee engagement evaluate the hr solutions company dayforce on payroll",0,1,0,1
"i am a 25-34, 35-44, 45-54, or 55-64 year old chief human resources officer or hr director. my job seniority is at the executive, vp, director, or partner level. i work at a company with 1k-10k employees or 10k+ employees. my main motivations: deliver business results through people; maintaining global and local compliance; build leadership pipelines to improve succession readiness; localize benefits offerings to match market needs; partner with finance on workforce budgeting to optimize cost and roi; implement data privacy controls to protect employee information; build future capability including internal mobility; balance standardization with local autonomy; balance headcount with automation or outsourcing my main pain points: maintaining compliance with changing government regulations at local, regional, and national levels; opaque pay practices around bands, leveling, and bonus eligibility; fragmented hr data governance spanning hris, ats, lms; inaccurate payroll processing for multi-country tax, time, and leave; inconsistent performance management; manual hris workflows; weak talent pipelines; benefits administration with country-specific eligibility rules; poor employee engagement evaluate the hr solutions company dayforce on payroll for startup",0,2,0,3.5
"i am a 25-34, 35-44, 45-54, or 55-64 year old chief human resources officer or hr director. my job seniority is at the executive, vp, director, or partner level. i work at a company with 1k-10k employees or 10k+ employees. my main motivations: deliver business results through people; maintaining global and local compliance; build leadership pipelines to improve succession readiness; localize benefits offerings to match market needs; partner with finance on workforce budgeting to optimize cost and roi; implement data privacy controls to protect employee information; build future capability including internal mobility; balance standardization with local autonomy; balance headcount with automation or outsourcing my main pain points: maintaining compliance with changing government regulations at local, regional, and national levels; opaque pay practices around bands, leveling, and bonus eligibility; fragmented hr data governance spanning hris, ats, lms; inaccurate payroll processing for multi-country tax, time, and leave; inconsistent performance management; manual hris workflows; weak talent pipelines; benefits administration with country-specific eligibility rules; poor employee engagement evaluate the hr solutions company dayforce on payroll provider for 250 employees",0,1,0,1
"i am a 25-34, 35-44, 45-54, or 55-64 year old chief human resources officer or hr director. my job seniority is at the executive, vp, director, or partner level. i work at a company with 1k-10k employees or 10k+ employees. my main motivations: deliver business results through people; maintaining global and local compliance; build leadership pipelines to improve succession readiness; localize benefits offerings to match market needs; partner with finance on workforce budgeting to optimize cost and roi; implement data privacy controls to protect employee information; build future capability including internal mobility; balance standardization with local autonomy; balance headcount with automation or outsourcing my main pain points: maintaining compliance with changing government regulations at local, regional, and national levels; opaque pay practices around bands, leveling, and bonus eligibility; fragmented hr data governance spanning hris, ats, lms; inaccurate payroll processing for multi-country tax, time, and leave; inconsistent performance management; manual hris workflows; weak talent pipelines; benefits administration with country-specific eligibility rules; poor employee engagement evaluate the hr solutions company dayforce on talent management",0,8,0,8.5
"i am a 25-34, 35-44, 45-54, or 55-64 year old chief human resources officer or hr director. my job seniority is at the executive, vp, director, or partner level. i work at a company with 1k-10k employees or 10k+ employees. my main motivations: deliver business results through people; maintaining global and local compliance; build leadership pipelines to improve succession readiness; localize benefits offerings to match market needs; partner with finance on workforce budgeting to optimize cost and roi; implement data privacy controls to protect employee information; build future capability including internal mobility; balance standardization with local autonomy; balance headcount with automation or outsourcing my main pain points: maintaining compliance with changing government regulations at local, regional, and national levels; opaque pay practices around bands, leveling, and bonus eligibility; fragmented hr data governance spanning hris, ats, lms; inaccurate payroll processing for multi-country tax, time, and leave; inconsistent performance management; manual hris workflows; weak talent pipelines; benefits administration with country-specific eligibility rules; poor employee engagement evaluate the hr solutions company paychex on payroll for small business",0,1,0,2
"i am a 25-34, 35-44, 45-54, or 55-64 year old chief human resources officer or hr director. my job seniority is at the executive, vp, director, or partner level. i work at a company with 1k-10k employees or 10k+ employees. my main motivations: deliver business results through people; maintaining global and local compliance; build leadership pipelines to improve succession readiness; localize benefits offerings to match market needs; partner with finance on workforce budgeting to optimize cost and roi; implement data privacy controls to protect employee information; build future capability including internal mobility; balance standardization with local autonomy; balance headcount with automation or outsourcing my main pain points: maintaining compliance with changing government regulations at local, regional, and national levels; opaque pay practices around bands, leveling, and bonus eligibility; fragmented hr data governance spanning hris, ats, lms; inaccurate payroll processing for multi-country tax, time, and leave; inconsistent performance management; manual hris workflows; weak talent pipelines; benefits administration with country-specific eligibility rules; poor employee engagement evaluate the hr solutions company paylocity on customer support",0,1,0,2
"i am a 25-34, 35-44, 45-54, or 55-64 year old chief human resources officer or hr director. my job seniority is at the executive, vp, director, or partner level. i work at a company with 1k-10k employees or 10k+ employees. my main motivations: deliver business results through people; maintaining global and local compliance; build leadership pipelines to improve succession readiness; localize benefits offerings to match market needs; partner with finance on workforce budgeting to optimize cost and roi; implement data privacy controls to protect employee information; build future capability including internal mobility; balance standardization with local autonomy; balance headcount with automation or outsourcing my main pain points: maintaining compliance with changing government regulations at local, regional, and national levels; opaque pay practices around bands, leveling, and bonus eligibility; fragmented hr data governance spanning hris, ats, lms; inaccurate payroll processing for multi-country tax, time, and leave; inconsistent performance management; manual hris workflows; weak talent pipelines; benefits administration with country-specific eligibility rules; poor employee engagement evaluate the hr solutions company paylocity on hr",0,10,0,4
"i am a 25-34, 35-44, 45-54, or 55-64 year old chief human resources officer or hr director. my job seniority is at the executive, vp, director, or partner level. i work at a company with 1k-10k employees or 10k+ employees. my main motivations: deliver business results through people; maintaining global and local compliance; build leadership pipelines to improve succession readiness; localize benefits offerings to match market needs; partner with finance on workforce budgeting to optimize cost and roi; implement data privacy controls to protect employee information; build future capability including internal mobility; balance standardization with local autonomy; balance headcount with automation or outsourcing my main pain points: maintaining compliance with changing government regulations at local, regional, and national levels; opaque pay practices around bands, leveling, and bonus eligibility; fragmented hr data governance spanning hris, ats, lms; inaccurate payroll processing for multi-country tax, time, and leave; inconsistent performance management; manual hris workflows; weak talent pipelines; benefits administration with country-specific eligibility rules; poor employee engagement evaluate the hr solutions company paylocity on hr software",0,5,0,4
"i am a 25-34, 35-44, 45-54, or 55-64 year old chief human resources officer or hr director. my job seniority is at the executive, vp, director, or partner level. i work at a company with 1k-10k employees or 10k+ employees. my main motivations: deliver business results through people; maintaining global and local compliance; build leadership pipelines to improve succession readiness; localize benefits offerings to match market needs; partner with finance on workforce budgeting to optimize cost and roi; implement data privacy controls to protect employee information; build future capability including internal mobility; balance standardization with local autonomy; balance headcount with automation or outsourcing my main pain points: maintaining compliance with changing government regulations at local, regional, and national levels; opaque pay practices around bands, leveling, and bonus eligibility; fragmented hr data governance spanning hris, ats, lms; inaccurate payroll processing for multi-country tax, time, and leave; inconsistent performance management; manual hris workflows; weak talent pipelines; benefits administration with country-specific eligibility rules; poor employee engagement evaluate the hr solutions company paylocity on managed services",0,5,0,5
"i am a 25-34, 35-44, 45-54, or 55-64 year old chief human resources officer or hr director. my job seniority is at the executive, vp, director, or partner level. i work at a company with 1k-10k employees or 10k+ employees. my main motivations: deliver business results through people; maintaining global and local compliance; build leadership pipelines to improve succession readiness; localize benefits offerings to match market needs; partner with finance on workforce budgeting to optimize cost and roi; implement data privacy controls to protect employee information; build future capability including internal mobility; balance standardization with local autonomy; balance headcount with automation or outsourcing my main pain points: maintaining compliance with changing government regulations at local, regional, and national levels; opaque pay practices around bands, leveling, and bonus eligibility; fragmented hr data governance spanning hris, ats, lms; inaccurate payroll processing for multi-country tax, time, and leave; inconsistent performance management; manual hris workflows; weak talent pipelines; benefits administration with country-specific eligibility rules; poor employee engagement evaluate the hr solutions company paylocity on payroll",0,1,0,1
"i am a 25-34, 35-44, 45-54, or 55-64 year old chief human resources officer or hr director. my job seniority is at the executive, vp, director, or partner level. i work at a company with 1k-10k employees or 10k+ employees. my main motivations: deliver business results through people; maintaining global and local compliance; build leadership pipelines to improve succession readiness; localize benefits offerings to match market needs; partner with finance on workforce budgeting to optimize cost and roi; implement data privacy controls to protect employee information; build future capability including internal mobility; balance standardization with local autonomy; balance headcount with automation or outsourcing my main pain points: maintaining compliance with changing government regulations at local, regional, and national levels; opaque pay practices around bands, leveling, and bonus eligibility; fragmented hr data governance spanning hris, ats, lms; inaccurate payroll processing for multi-country tax, time, and leave; inconsistent performance management; manual hris workflows; weak talent pipelines; benefits administration with country-specific eligibility rules; poor employee engagement evaluate the hr solutions company paylocity on payroll for small business",0,23,0,4.0
"i am a 25-34, 35-44, 45-54, or 55-64 year old chief human resources officer or hr director. my job seniority is at the executive, vp, director, or partner level. i work at a company with 1k-10k employees or 10k+ employees. my main motivations: deliver business results through people; maintaining global and local compliance; build leadership pipelines to improve succession readiness; localize benefits offerings to match market needs; partner with finance on workforce budgeting to optimize cost and roi; implement data privacy controls to protect employee information; build future capability including internal mobility; balance standardization with local autonomy; balance headcount with automation or outsourcing my main pain points: maintaining compliance with changing government regulations at local, regional, and national levels; opaque pay practices around bands, leveling, and bonus eligibility; fragmented hr data governance spanning hris, ats, lms; inaccurate payroll processing for multi-country tax, time, and leave; inconsistent performance management; manual hris workflows; weak talent pipelines; benefits administration with country-specific eligibility rules; poor employee engagement evaluate the hr solutions company paylocity on payroll for startup",0,24,0,2.5
"i am a 25-34, 35-44, 45-54, or 55-64 year old chief human resources officer or hr director. my job seniority is at the executive, vp, director, or partner level. i work at a company with 1k-10k employees or 10k+ employees. my main motivations: deliver business results through people; maintaining global and local compliance; build leadership pipelines to improve succession readiness; localize benefits offerings to match market needs; partner with finance on workforce budgeting to optimize cost and roi; implement data privacy controls to protect employee information; build future capability including internal mobility; balance standardization with local autonomy; balance headcount with automation or outsourcing my main pain points: maintaining compliance with changing government regulations at local, regional, and national levels; opaque pay practices around bands, leveling, and bonus eligibility; fragmented hr data governance spanning hris, ats, lms; inaccurate payroll processing for multi-country tax, time, and leave; inconsistent performance management; manual hris workflows; weak talent pipelines; benefits administration with country-specific eligibility rules; poor employee engagement evaluate the hr solutions company paylocity on payroll provider for 1,100 employees",0,27,0,2.4
"i am a 25-34, 35-44, 45-54, or 55-64 year old chief human resources officer or hr director. my job seniority is at the executive, vp, director, or partner level. i work at a company with 1k-10k employees or 10k+ employees. my main motivations: deliver business results through people; maintaining global and local compliance; build leadership pipelines to improve succession readiness; localize benefits offerings to match market needs; partner with finance on workforce budgeting to optimize cost and roi; implement data privacy controls to protect employee information; build future capability including internal mobility; balance standardization with local autonomy; balance headcount with automation or outsourcing my main pain points: maintaining compliance with changing government regulations at local, regional, and national levels; opaque pay practices around bands, leveling, and bonus eligibility; fragmented hr data governance spanning hris, ats, lms; inaccurate payroll processing for multi-country tax, time, and leave; inconsistent performance management; manual hris workflows; weak talent pipelines; benefits administration with country-specific eligibility rules; poor employee engagement evaluate the hr solutions company paylocity on payroll provider for 250 employees",0,21,0,2.3
"i am a 25-34, 35-44, 45-54, or 55-64 year old chief human resources officer or hr director. my job seniority is at the executive, vp, director, or partner level. i work at a company with 1k-10k employees or 10k+ employees. my main motivations: deliver business results through people; maintaining global and local compliance; build leadership pipelines to improve succession readiness; localize benefits offerings to match market needs; partner with finance on workforce budgeting to optimize cost and roi; implement data privacy controls to protect employee information; build future capability including internal mobility; balance standardization with local autonomy; balance headcount with automation or outsourcing my main pain points: maintaining compliance with changing government regulations at local, regional, and national levels; opaque pay practices around bands, leveling, and bonus eligibility; fragmented hr data governance spanning hris, ats, lms; inaccurate payroll processing for multi-country tax, time, and leave; inconsistent performance management; manual hris workflows; weak talent pipelines; benefits administration with country-specific eligibility rules; poor employee engagement evaluate the hr solutions company paylocity on talent acquisition",0,5,0,9.8
"i am a 25-34, 35-44, 45-54, or 55-64 year old chief human resources officer or hr director. my job seniority is at the executive, vp, director, or partner level. i work at a company with 1k-10k employees or 10k+ employees. my main motivations: deliver business results through people; maintaining global and local compliance; build leadership pipelines to improve succession readiness; localize benefits offerings to match market needs; partner with finance on workforce budgeting to optimize cost and roi; implement data privacy controls to protect employee information; build future capability including internal mobility; balance standardization with local autonomy; balance headcount with automation or outsourcing my main pain points: maintaining compliance with changing government regulations at local, regional, and national levels; opaque pay practices around bands, leveling, and bonus eligibility; fragmented hr data governance spanning hris, ats, lms; inaccurate payroll processing for multi-country tax, time, and leave; inconsistent performance management; manual hris workflows; weak talent pipelines; benefits administration with country-specific eligibility rules; poor employee engagement evaluate the hr solutions company paylocity on talent management",0,3,0,5.7
"i am a 25-34, 35-44, 45-54, or 55-64 year old chief human resources officer or hr director. my job seniority is at the executive, vp, director, or partner level. i work at a company with 1k-10k employees or 10k+ employees. my main motivations: deliver business results through people; maintaining global and local compliance; build leadership pipelines to improve succession readiness; localize benefits offerings to match market needs; partner with finance on workforce budgeting to optimize cost and roi; implement data privacy controls to protect employee information; build future capability including internal mobility; balance standardization with local autonomy; balance headcount with automation or outsourcing my main pain points: maintaining compliance with changing government regulations at local, regional, and national levels; opaque pay practices around bands, leveling, and bonus eligibility; fragmented hr data governance spanning hris, ats, lms; inaccurate payroll processing for multi-country tax, time, and leave; inconsistent performance management; manual hris workflows; weak talent pipelines; benefits administration with country-specific eligibility rules; poor employee engagement evaluate the hr solutions company paylocity on workforce management",0,2,0,5.5
"i am a 25-34, 35-44, 45-54, or 55-64 year old chief human resources officer or hr director. my job seniority is at the executive, vp, director, or partner level. i work at a company with 1k-10k employees or 10k+ employees. my main motivations: deliver business results through people; maintaining global and local compliance; build leadership pipelines to improve succession readiness; localize benefits offerings to match market needs; partner with finance on workforce budgeting to optimize cost and roi; implement data privacy controls to protect employee information; build future capability including internal mobility; balance standardization with local autonomy; balance headcount with automation or outsourcing my main pain points: maintaining compliance with changing government regulations at local, regional, and national levels; opaque pay practices around bands, leveling, and bonus eligibility; fragmented hr data governance spanning hris, ats, lms; inaccurate payroll processing for multi-country tax, time, and leave; inconsistent performance management; manual hris workflows; weak talent pipelines; benefits administration with country-specific eligibility rules; poor employee engagement evaluate the hr solutions company ukg on ai",0,12,0,4.4
"i am a 25-34, 35-44, 45-54, or 55-64 year old chief human resources officer or hr director. my job seniority is at the executive, vp, director, or partner level. i work at a company with 1k-10k employees or 10k+ employees. my main motivations: deliver business results through people; maintaining global and local compliance; build leadership pipelines to improve succession readiness; localize benefits offerings to match market needs; partner with finance on workforce budgeting to optimize cost and roi; implement data privacy controls to protect employee information; build future capability including internal mobility; balance standardization with local autonomy; balance headcount with automation or outsourcing my main pain points: maintaining compliance with changing government regulations at local, regional, and national levels; opaque pay practices around bands, leveling, and bonus eligibility; fragmented hr data governance spanning hris, ats, lms; inaccurate payroll processing for multi-country tax, time, and leave; inconsistent performance management; manual hris workflows; weak talent pipelines; benefits administration with country-specific eligibility rules; poor employee engagement evaluate the hr solutions company ukg on customer support",0,2,0,7
"i am a 25-34, 35-44, 45-54, or 55-64 year old chief human resources officer or hr director. my job seniority is at the executive, vp, director, or partner level. i work at a company with 1k-10k employees or 10k+ employees. my main motivations: deliver business results through people; maintaining global and local compliance; build leadership pipelines to improve succession readiness; localize benefits offerings to match market needs; partner with finance on workforce budgeting to optimize cost and roi; implement data privacy controls to protect employee information; build future capability including internal mobility; balance standardization with local autonomy; balance headcount with automation or outsourcing my main pain points: maintaining compliance with changing government regulations at local, regional, and national levels; opaque pay practices around bands, leveling, and bonus eligibility; fragmented hr data governance spanning hris, ats, lms; inaccurate payroll processing for multi-country tax, time, and leave; inconsistent performance management; manual hris workflows; weak talent pipelines; benefits administration with country-specific eligibility rules; poor employee engagement evaluate the hr solutions company ukg on hcm",0,16,0,3.3
"i am a 25-34, 35-44, 45-54, or 55-64 year old chief human resources officer or hr director. my job seniority is at the executive, vp, director, or partner level. i work at a company with 1k-10k employees or 10k+ employees. my main motivations: deliver business results through people; maintaining global and local compliance; build leadership pipelines to improve succession readiness; localize benefits offerings to match market needs; partner with finance on workforce budgeting to optimize cost and roi; implement data privacy controls to protect employee information; build future capability including internal mobility; balance standardization with local autonomy; balance headcount with automation or outsourcing my main pain points: maintaining compliance with changing government regulations at local, regional, and national levels; opaque pay practices around bands, leveling, and bonus eligibility; fragmented hr data governance spanning hris, ats, lms; inaccurate payroll processing for multi-country tax, time, and leave; inconsistent performance management; manual hris workflows; weak talent pipelines; benefits administration with country-specific eligibility rules; poor employee engagement evaluate the hr solutions company ukg on hr",0,1,0,3
"i am a 25-34, 35-44, 45-54, or 55-64 year old chief human resources officer or hr director. my job seniority is at the executive, vp, director, or partner level. i work at a company with 1k-10k employees or 10k+ employees. my main motivations: deliver business results through people; maintaining global and local compliance; build leadership pipelines to improve succession readiness; localize benefits offerings to match market needs; partner with finance on workforce budgeting to optimize cost and roi; implement data privacy controls to protect employee information; build future capability including internal mobility; balance standardization with local autonomy; balance headcount with automation or outsourcing my main pain points: maintaining compliance with changing government regulations at local, regional, and national levels; opaque pay practices around bands, leveling, and bonus eligibility; fragmented hr data governance spanning hris, ats, lms; inaccurate payroll processing for multi-country tax, time, and leave; inconsistent performance management; manual hris workflows; weak talent pipelines; benefits administration with country-specific eligibility rules; poor employee engagement evaluate the hr solutions company ukg on hr software",0,1,0,1
"i am a 25-34, 35-44, 45-54, or 55-64 year old chief human resources officer or hr director. my job seniority is at the executive, vp, director, or partner level. i work at a company with 1k-10k employees or 10k+ employees. my main motivations: deliver business results through people; maintaining global and local compliance; build leadership pipelines to improve succession readiness; localize benefits offerings to match market needs; partner with finance on workforce budgeting to optimize cost and roi; implement data privacy controls to protect employee information; build future capability including internal mobility; balance standardization with local autonomy; balance headcount with automation or outsourcing my main pain points: maintaining compliance with changing government regulations at local, regional, and national levels; opaque pay practices around bands, leveling, and bonus eligibility; fragmented hr data governance spanning hris, ats, lms; inaccurate payroll processing for multi-country tax, time, and leave; inconsistent performance management; manual hris workflows; weak talent pipelines; benefits administration with country-specific eligibility rules; poor employee engagement evaluate the hr solutions company ukg on payroll",0,2,0,9.5
"i am a 25-34, 35-44, 45-54, or 55-64 year old chief human resources officer or hr director. my job seniority is at the executive, vp, director, or partner level. i work at a company with 1k-10k employees or 10k+ employees. my main motivations: deliver business results through people; maintaining global and local compliance; build leadership pipelines to improve succession readiness; localize benefits offerings to match market needs; partner with finance on workforce budgeting to optimize cost and roi; implement data privacy controls to protect employee information; build future capability including internal mobility; balance standardization with local autonomy; balance headcount with automation or outsourcing my main pain points: maintaining compliance with changing government regulations at local, regional, and national levels; opaque pay practices around bands, leveling, and bonus eligibility; fragmented hr data governance spanning hris, ats, lms; inaccurate payroll processing for multi-country tax, time, and leave; inconsistent performance management; manual hris workflows; weak talent pipelines; benefits administration with country-specific eligibility rules; poor employee engagement evaluate the hr solutions company ukg on payroll for small business",0,2,0,5
"i am a 25-34, 35-44, 45-54, or 55-64 year old chief human resources officer or hr director. my job seniority is at the executive, vp, director, or partner level. i work at a company with 1k-10k employees or 10k+ employees. my main motivations: deliver business results through people; maintaining global and local compliance; build leadership pipelines to improve succession readiness; localize benefits offerings to match market needs; partner with finance on workforce budgeting to optimize cost and roi; implement data privacy controls to protect employee information; build future capability including internal mobility; balance standardization with local autonomy; balance headcount with automation or outsourcing my main pain points: maintaining compliance with changing government regulations at local, regional, and national levels; opaque pay practices around bands, leveling, and bonus eligibility; fragmented hr data governance spanning hris, ats, lms; inaccurate payroll processing for multi-country tax, time, and leave; inconsistent performance management; manual hris workflows; weak talent pipelines; benefits administration with country-specific eligibility rules; poor employee engagement evaluate the hr solutions company ukg on payroll for startup",0,20,0,6.0
"i am a 25-34, 35-44, 45-54, or 55-64 year old chief human resources officer or hr director. my job seniority is at the executive, vp, director, or partner level. i work at a company with 1k-10k employees or 10k+ employees. my main motivations: deliver business results through people; maintaining global and local compliance; build leadership pipelines to improve succession readiness; localize benefits offerings to match market needs; partner with finance on workforce budgeting to optimize cost and roi; implement data privacy controls to protect employee information; build future capability including internal mobility; balance standardization with local autonomy; balance headcount with automation or outsourcing my main pain points: maintaining compliance with changing government regulations at local, regional, and national levels; opaque pay practices around bands, leveling, and bonus eligibility; fragmented hr data governance spanning hris, ats, lms; inaccurate payroll processing for multi-country tax, time, and leave; inconsistent performance management; manual hris workflows; weak talent pipelines; benefits administration with country-specific eligibility rules; poor employee engagement evaluate the hr solutions company ukg on payroll provider for 1,100 employees",0,16,0,3.6
"i am a 25-34, 35-44, 45-54, or 55-64 year old chief human resources officer or hr director. my job seniority is at the executive, vp, director, or partner level. i work at a company with 1k-10k employees or 10k+ employees. my main motivations: deliver business results through people; maintaining global and local compliance; build leadership pipelines to improve succession readiness; localize benefits offerings to match market needs; partner with finance on workforce budgeting to optimize cost and roi; implement data privacy controls to protect employee information; build future capability including internal mobility; balance standardization with local autonomy; balance headcount with automation or outsourcing my main pain points: maintaining compliance with changing government regulations at local, regional, and national levels; opaque pay practices around bands, leveling, and bonus eligibility; fragmented hr data governance spanning hris, ats, lms; inaccurate payroll processing for multi-country tax, time, and leave; inconsistent performance management; manual hris workflows; weak talent pipelines; benefits administration with country-specific eligibility rules; poor employee engagement evaluate the hr solutions company ukg on payroll provider for 250 employees",0,21,0,3.0
"i am a 25-34, 35-44, 45-54, or 55-64 year old chief human resources officer or hr director. my job seniority is at the executive, vp, director, or partner level. i work at a company with 1k-10k employees or 10k+ employees. my main motivations: deliver business results through people; maintaining global and local compliance; build leadership pipelines to improve succession readiness; localize benefits offerings to match market needs; partner with finance on workforce budgeting to optimize cost and roi; implement data privacy controls to protect employee information; build future capability including internal mobility; balance standardization with local autonomy; balance headcount with automation or outsourcing my main pain points: maintaining compliance with changing government regulations at local, regional, and national levels; opaque pay practices around bands, leveling, and bonus eligibility; fragmented hr data governance spanning hris, ats, lms; inaccurate payroll processing for multi-country tax, time, and leave; inconsistent performance management; manual hris workflows; weak talent pipelines; benefits administration with country-specific eligibility rules; poor employee engagement evaluate the hr solutions company ukg on talent acquisition",0,17,0,4.1
"i am a 25-34, 35-44, 45-54, or 55-64 year old chief human resources officer or hr director. my job seniority is at the executive, vp, director, or partner level. i work at a company with 1k-10k employees or 10k+ employees. my main motivations: deliver business results through people; maintaining global and local compliance; build leadership pipelines to improve succession readiness; localize benefits offerings to match market needs; partner with finance on workforce budgeting to optimize cost and roi; implement data privacy controls to protect employee information; build future capability including internal mobility; balance standardization with local autonomy; balance headcount with automation or outsourcing my main pain points: maintaining compliance with changing government regulations at local, regional, and national levels; opaque pay practices around bands, leveling, and bonus eligibility; fragmented hr data governance spanning hris, ats, lms; inaccurate payroll processing for multi-country tax, time, and leave; inconsistent performance management; manual hris workflows; weak talent pipelines; benefits administration with country-specific eligibility rules; poor employee engagement evaluate the hr solutions company ukg on talent management",0,4,0,9
"i am a 25-34, 35-44, 45-54, or 55-64 year old chief human resources officer or hr director. my job seniority is at the executive, vp, director, or partner level. i work at a company with 1k-10k employees or 10k+ employees. my main motivations: deliver business results through people; maintaining global and local compliance; build leadership pipelines to improve succession readiness; localize benefits offerings to match market needs; partner with finance on workforce budgeting to optimize cost and roi; implement data privacy controls to protect employee information; build future capability including internal mobility; balance standardization with local autonomy; balance headcount with automation or outsourcing my main pain points: maintaining compliance with changing government regulations at local, regional, and national levels; opaque pay practices around bands, leveling, and bonus eligibility; fragmented hr data governance spanning hris, ats, lms; inaccurate payroll processing for multi-country tax, time, and leave; inconsistent performance management; manual hris workflows; weak talent pipelines; benefits administration with country-specific eligibility rules; poor employee engagement evaluate the hr solutions company ukg on workforce management",0,5,0,2.6
"i am a 25-34, 35-44, 45-54, or 55-64 year old chief human resources officer or hr director. my job seniority is at the executive, vp, director, or partner level. i work at a company with 1k-10k employees or 10k+ employees. my main motivations: deliver business results through people; maintaining global and local compliance; build leadership pipelines to improve succession readiness; localize benefits offerings to match market needs; partner with finance on workforce budgeting to optimize cost and roi; implement data privacy controls to protect employee information; build future capability including internal mobility; balance standardization with local autonomy; balance headcount with automation or outsourcing my main pain points: maintaining compliance with changing government regulations at local, regional, and national levels; opaque pay practices around bands, leveling, and bonus eligibility; fragmented hr data governance spanning hris, ats, lms; inaccurate payroll processing for multi-country tax, time, and leave; inconsistent performance management; manual hris workflows; weak talent pipelines; benefits administration with country-specific eligibility rules; poor employee engagement evaluate the hr solutions company workday on ai",0,2,0,3.5
"i am a 25-34, 35-44, 45-54, or 55-64 year old chief human resources officer or hr director. my job seniority is at the executive, vp, director, or partner level. i work at a company with 1k-10k employees or 10k+ employees. my main motivations: deliver business results through people; maintaining global and local compliance; build leadership pipelines to improve succession readiness; localize benefits offerings to match market needs; partner with finance on workforce budgeting to optimize cost and roi; implement data privacy controls to protect employee information; build future capability including internal mobility; balance standardization with local autonomy; balance headcount with automation or outsourcing my main pain points: maintaining compliance with changing government regulations at local, regional, and national levels; opaque pay practices around bands, leveling, and bonus eligibility; fragmented hr data governance spanning hris, ats, lms; inaccurate payroll processing for multi-country tax, time, and leave; inconsistent performance management; manual hris workflows; weak talent pipelines; benefits administration with country-specific eligibility rules; poor employee engagement evaluate the hr solutions company workday on customer support",0,1,0,3
"i am a 25-34, 35-44, 45-54, or 55-64 year old chief human resources officer or hr director. my job seniority is at the executive, vp, director, or partner level. i work at a company with 1k-10k employees or 10k+ employees. my main motivations: deliver business results through people; maintaining global and local compliance; build leadership pipelines to improve succession readiness; localize benefits offerings to match market needs; partner with finance on workforce budgeting to optimize cost and roi; implement data privacy controls to protect employee information; build future capability including internal mobility; balance standardization with local autonomy; balance headcount with automation or outsourcing my main pain points: maintaining compliance with changing government regulations at local, regional, and national levels; opaque pay practices around bands, leveling, and bonus eligibility; fragmented hr data governance spanning hris, ats, lms; inaccurate payroll processing for multi-country tax, time, and leave; inconsistent performance management; manual hris workflows; weak talent pipelines; benefits administration with country-specific eligibility rules; poor employee engagement evaluate the hr solutions company workday on global payroll solutions",0,1,0,2
"i am a 25-34, 35-44, 45-54, or 55-64 year old chief human resources officer or hr director. my job seniority is at the executive, vp, director, or partner level. i work at a company with 1k-10k employees or 10k+ employees. my main motivations: deliver business results through people; maintaining global and local compliance; build leadership pipelines to improve succession readiness; localize benefits offerings to match market needs; partner with finance on workforce budgeting to optimize cost and roi; implement data privacy controls to protect employee information; build future capability including internal mobility; balance standardization with local autonomy; balance headcount with automation or outsourcing my main pain points: maintaining compliance with changing government regulations at local, regional, and national levels; opaque pay practices around bands, leveling, and bonus eligibility; fragmented hr data governance spanning hris, ats, lms; inaccurate payroll processing for multi-country tax, time, and leave; inconsistent performance management; manual hris workflows; weak talent pipelines; benefits administration with country-specific eligibility rules; poor employee engagement evaluate the hr solutions company workday on hr",0,1,0,2
"i am a 25-34, 35-44, 45-54, or 55-64 year old chief human resources officer or hr director. my job seniority is at the executive, vp, director, or partner level. i work at a company with 1k-10k employees or 10k+ employees. my main motivations: deliver business results through people; maintaining global and local compliance; build leadership pipelines to improve succession readiness; localize benefits offerings to match market needs; partner with finance on workforce budgeting to optimize cost and roi; implement data privacy controls to protect employee information; build future capability including internal mobility; balance standardization with local autonomy; balance headcount with automation or outsourcing my main pain points: maintaining compliance with changing government regulations at local, regional, and national levels; opaque pay practices around bands, leveling, and bonus eligibility; fragmented hr data governance spanning hris, ats, lms; inaccurate payroll processing for multi-country tax, time, and leave; inconsistent performance management; manual hris workflows; weak talent pipelines; benefits administration with country-specific eligibility rules; poor employee engagement evaluate the hr solutions company workday on hr software",0,1,0,2
"i am a 25-34, 35-44, 45-54, or 55-64 year old chief human resources officer or hr director. my job seniority is at the executive, vp, director, or partner level. i work at a company with 1k-10k employees or 10k+ employees. my main motivations: deliver business results through people; maintaining global and local compliance; build leadership pipelines to improve succession readiness; localize benefits offerings to match market needs; partner with finance on workforce budgeting to optimize cost and roi; implement data privacy controls to protect employee information; build future capability including internal mobility; balance standardization with local autonomy; balance headcount with automation or outsourcing my main pain points: maintaining compliance with changing government regulations at local, regional, and national levels; opaque pay practices around bands, leveling, and bonus eligibility; fragmented hr data governance spanning hris, ats, lms; inaccurate payroll processing for multi-country tax, time, and leave; inconsistent performance management; manual hris workflows; weak talent pipelines; benefits administration with country-specific eligibility rules; poor employee engagement evaluate the hr solutions company workday on managed services",0,1,0,6
"i am a 25-34, 35-44, 45-54, or 55-64 year old chief human resources officer or hr director. my job seniority is at the executive, vp, director, or partner level. i work at a company with 1k-10k employees or 10k+ employees. my main motivations: deliver business results through people; maintaining global and local compliance; build leadership pipelines to improve succession readiness; localize benefits offerings to match market needs; partner with finance on workforce budgeting to optimize cost and roi; implement data privacy controls to protect employee information; build future capability including internal mobility; balance standardization with local autonomy; balance headcount with automation or outsourcing my main pain points: maintaining compliance with changing government regulations at local, regional, and national levels; opaque pay practices around bands, leveling, and bonus eligibility; fragmented hr data governance spanning hris, ats, lms; inaccurate payroll processing for multi-country tax, time, and leave; inconsistent performance management; manual hris workflows; weak talent pipelines; benefits administration with country-specific eligibility rules; poor employee engagement evaluate the hr solutions company workday on payroll",0,1,0,2
"i am a 25-34, 35-44, 45-54, or 55-64 year old chief human resources officer or hr director. my job seniority is at the executive, vp, director, or partner level. i work at a company with 1k-10k employees or 10k+ employees. my main motivations: deliver business results through people; maintaining global and local compliance; build leadership pipelines to improve succession readiness; localize benefits offerings to match market needs; partner with finance on workforce budgeting to optimize cost and roi; implement data privacy controls to protect employee information; build future capability including internal mobility; balance standardization with local autonomy; balance headcount with automation or outsourcing my main pain points: maintaining compliance with changing government regulations at local, regional, and national levels; opaque pay practices around bands, leveling, and bonus eligibility; fragmented hr data governance spanning hris, ats, lms; inaccurate payroll processing for multi-country tax, time, and leave; inconsistent performance management; manual hris workflows; weak talent pipelines; benefits administration with country-specific eligibility rules; poor employee engagement tips to evaluate human resources platforms",0,2,0,10
"i am a 25-34, 35-44, 45-54, or 55-64 year old chief human resources officer or hr director. my job seniority is at the executive, vp, director, or partner level. i work at a company with 1k-10k employees or 10k+ employees. my main motivations: deliver business results through people; maintaining global and local compliance; build leadership pipelines to improve succession readiness; localize benefits offerings to match market needs; partner with finance on workforce budgeting to optimize cost and roi; implement data privacy controls to protect employee information; build future capability including internal mobility; balance standardization with local autonomy; balance headcount with automation or outsourcing my main pain points: maintaining compliance with changing government regulations at local, regional, and national levels; opaque pay practices around bands, leveling, and bonus eligibility; fragmented hr data governance spanning hris, ats, lms; inaccurate payroll processing for multi-country tax, time, and leave; inconsistent performance management; manual hris workflows; weak talent pipelines; benefits administration with country-specific eligibility rules; poor employee engagement top hcm platforms for highly configurable workforce workflows",0,1,0,5
"i am a 25-34, 35-44, 45-54, or 55-64 year old chief human resources officer or hr director. my job seniority is at the executive, vp, director, or partner level. i work at a company with 1k-10k employees or 10k+ employees. my main motivations: deliver business results through people; maintaining global and local compliance; build leadership pipelines to improve succession readiness; localize benefits offerings to match market needs; partner with finance on workforce budgeting to optimize cost and roi; implement data privacy controls to protect employee information; build future capability including internal mobility; balance standardization with local autonomy; balance headcount with automation or outsourcing my main pain points: maintaining compliance with changing government regulations at local, regional, and national levels; opaque pay practices around bands, leveling, and bonus eligibility; fragmented hr data governance spanning hris, ats, lms; inaccurate payroll processing for multi-country tax, time, and leave; inconsistent performance management; manual hris workflows; weak talent pipelines; benefits administration with country-specific eligibility rules; poor employee engagement top hcm platforms for managing multiple business units and employee populations?",0,2,0,3
"i am a 25-34, 35-44, 45-54, or 55-64 year old chief human resources officer or hr director. my job seniority is at the executive, vp, director, or partner level. i work at a company with 1k-10k employees or 10k+ employees. my main motivations: deliver business results through people; maintaining global and local compliance; build leadership pipelines to improve succession readiness; localize benefits offerings to match market needs; partner with finance on workforce budgeting to optimize cost and roi; implement data privacy controls to protect employee information; build future capability including internal mobility; balance standardization with local autonomy; balance headcount with automation or outsourcing my main pain points: maintaining compliance with changing government regulations at local, regional, and national levels; opaque pay practices around bands, leveling, and bonus eligibility; fragmented hr data governance spanning hris, ats, lms; inaccurate payroll processing for multi-country tax, time, and leave; inconsistent performance management; manual hris workflows; weak talent pipelines; benefits administration with country-specific eligibility rules; poor employee engagement top hcm platforms that offer embedded ai recommendations",0,1,0,1
"i am a 25-34, 35-44, 45-54, or 55-64 year old chief human resources officer or hr director. my job seniority is at the executive, vp, director, or partner level. i work at a company with 1k-10k employees or 10k+ employees. my main motivations: deliver business results through people; maintaining global and local compliance; build leadership pipelines to improve succession readiness; localize benefits offerings to match market needs; partner with finance on workforce budgeting to optimize cost and roi; implement data privacy controls to protect employee information; build future capability including internal mobility; balance standardization with local autonomy; balance headcount with automation or outsourcing my main pain points: maintaining compliance with changing government regulations at local, regional, and national levels; opaque pay practices around bands, leveling, and bonus eligibility; fragmented hr data governance spanning hris, ats, lms; inaccurate payroll processing for multi-country tax, time, and leave; inconsistent performance management; manual hris workflows; weak talent pipelines; benefits administration with country-specific eligibility rules; poor employee engagement top hr management software",0,1,0,2
"i am a 25-34, 35-44, 45-54, or 55-64 year old chief human resources officer or hr director. my job seniority is at the executive, vp, director, or partner level. i work at a company with 1k-10k employees or 10k+ employees. my main motivations: deliver business results through people; maintaining global and local compliance; build leadership pipelines to improve succession readiness; localize benefits offerings to match market needs; partner with finance on workforce budgeting to optimize cost and roi; implement data privacy controls to protect employee information; build future capability including internal mobility; balance standardization with local autonomy; balance headcount with automation or outsourcing my main pain points: maintaining compliance with changing government regulations at local, regional, and national levels; opaque pay practices around bands, leveling, and bonus eligibility; fragmented hr data governance spanning hris, ats, lms; inaccurate payroll processing for multi-country tax, time, and leave; inconsistent performance management; manual hris workflows; weak talent pipelines; benefits administration with country-specific eligibility rules; poor employee engagement top hr software providers",0,1,0,13
"i am a 25-34, 35-44, 45-54, or 55-64 year old chief human resources officer or hr director. my job seniority is at the executive, vp, director, or partner level. i work at a company with 1k-10k employees or 10k+ employees. my main motivations: deliver business results through people; maintaining global and local compliance; build leadership pipelines to improve succession readiness; localize benefits offerings to match market needs; partner with finance on workforce budgeting to optimize cost and roi; implement data privacy controls to protect employee information; build future capability including internal mobility; balance standardization with local autonomy; balance headcount with automation or outsourcing my main pain points: maintaining compliance with changing government regulations at local, regional, and national levels; opaque pay practices around bands, leveling, and bonus eligibility; fragmented hr data governance spanning hris, ats, lms; inaccurate payroll processing for multi-country tax, time, and leave; inconsistent performance management; manual hris workflows; weak talent pipelines; benefits administration with country-specific eligibility rules; poor employee engagement what are the best hcm platforms",0,5,0,3.6
"i am a 25-34, 35-44, 45-54, or 55-64 year old chief human resources officer or hr director. my job seniority is at the executive, vp, director, or partner level. i work at a company with 1k-10k employees or 10k+ employees. my main motivations: deliver business results through people; maintaining global and local compliance; build leadership pipelines to improve succession readiness; localize benefits offerings to match market needs; partner with finance on workforce budgeting to optimize cost and roi; implement data privacy controls to protect employee information; build future capability including internal mobility; balance standardization with local autonomy; balance headcount with automation or outsourcing my main pain points: maintaining compliance with changing government regulations at local, regional, and national levels; opaque pay practices around bands, leveling, and bonus eligibility; fragmented hr data governance spanning hris, ats, lms; inaccurate payroll processing for multi-country tax, time, and leave; inconsistent performance management; manual hris workflows; weak talent pipelines; benefits administration with country-specific eligibility rules; poor employee engagement what are the best hcm platforms for automating repetitive hr tasks and workflows?",0,3,0,3.7
"i am a 25-34, 35-44, 45-54, or 55-64 year old chief human resources officer or hr director. my job seniority is at the executive, vp, director, or partner level. i work at a company with 1k-10k employees or 10k+ employees. my main motivations: deliver business results through people; maintaining global and local compliance; build leadership pipelines to improve succession readiness; localize benefits offerings to match market needs; partner with finance on workforce budgeting to optimize cost and roi; implement data privacy controls to protect employee information; build future capability including internal mobility; balance standardization with local autonomy; balance headcount with automation or outsourcing my main pain points: maintaining compliance with changing government regulations at local, regional, and national levels; opaque pay practices around bands, leveling, and bonus eligibility; fragmented hr data governance spanning hris, ats, lms; inaccurate payroll processing for multi-country tax, time, and leave; inconsistent performance management; manual hris workflows; weak talent pipelines; benefits administration with country-specific eligibility rules; poor employee engagement what are the best hcm platforms for complex organizations?",0,2,0,3
"i am a 25-34, 35-44, 45-54, or 55-64 year old chief human resources officer or hr director. my job seniority is at the executive, vp, director, or partner level. i work at a company with 1k-10k employees or 10k+ employees. my main motivations: deliver business results through people; maintaining global and local compliance; build leadership pipelines to improve succession readiness; localize benefits offerings to match market needs; partner with finance on workforce budgeting to optimize cost and roi; implement data privacy controls to protect employee information; build future capability including internal mobility; balance standardization with local autonomy; balance headcount with automation or outsourcing my main pain points: maintaining compliance with changing government regulations at local, regional, and national levels; opaque pay practices around bands, leveling, and bonus eligibility; fragmented hr data governance spanning hris, ats, lms; inaccurate payroll processing for multi-country tax, time, and leave; inconsistent performance management; manual hris workflows; weak talent pipelines; benefits administration with country-specific eligibility rules; poor employee engagement what are the best hcm platforms for managing large, complex workforces across multiple countries?",0,3,0,4
"i am a 25-34, 35-44, 45-54, or 55-64 year old chief human resources officer or hr director. my job seniority is at the executive, vp, director, or partner level. i work at a company with 1k-10k employees or 10k+ employees. my main motivations: deliver business results through people; maintaining global and local compliance; build leadership pipelines to improve succession readiness; localize benefits offerings to match market needs; partner with finance on workforce budgeting to optimize cost and roi; implement data privacy controls to protect employee information; build future capability including internal mobility; balance standardization with local autonomy; balance headcount with automation or outsourcing my main pain points: maintaining compliance with changing government regulations at local, regional, and national levels; opaque pay practices around bands, leveling, and bonus eligibility; fragmented hr data governance spanning hris, ats, lms; inaccurate payroll processing for multi-country tax, time, and leave; inconsistent performance management; manual hris workflows; weak talent pipelines; benefits administration with country-specific eligibility rules; poor employee engagement what are the best hcm platforms for providing compensation, benefits, and workforce data against benchmarks?",0,2,0,6.5
"i am a 25-34, 35-44, 45-54, or 55-64 year old chief human resources officer or hr director. my job seniority is at the executive, vp, director, or partner level. i work at a company with 1k-10k employees or 10k+ employees. my main motivations: deliver business results through people; maintaining global and local compliance; build leadership pipelines to improve succession readiness; localize benefits offerings to match market needs; partner with finance on workforce budgeting to optimize cost and roi; implement data privacy controls to protect employee information; build future capability including internal mobility; balance standardization with local autonomy; balance headcount with automation or outsourcing my main pain points: maintaining compliance with changing government regulations at local, regional, and national levels; opaque pay practices around bands, leveling, and bonus eligibility; fragmented hr data governance spanning hris, ats, lms; inaccurate payroll processing for multi-country tax, time, and leave; inconsistent performance management; manual hris workflows; weak talent pipelines; benefits administration with country-specific eligibility rules; poor employee engagement what are the best hcm platforms for reducing workforce compliance risk across multiple countries?",0,1,0,3
"i am a 25-34, 35-44, 45-54, or 55-64 year old chief human resources officer or hr director. my job seniority is at the executive, vp, director, or partner level. i work at a company with 1k-10k employees or 10k+ employees. my main motivations: deliver business results through people; maintaining global and local compliance; build leadership pipelines to improve succession readiness; localize benefits offerings to match market needs; partner with finance on workforce budgeting to optimize cost and roi; implement data privacy controls to protect employee information; build future capability including internal mobility; balance standardization with local autonomy; balance headcount with automation or outsourcing my main pain points: maintaining compliance with changing government regulations at local, regional, and national levels; opaque pay practices around bands, leveling, and bonus eligibility; fragmented hr data governance spanning hris, ats, lms; inaccurate payroll processing for multi-country tax, time, and leave; inconsistent performance management; manual hris workflows; weak talent pipelines; benefits administration with country-specific eligibility rules; poor employee engagement what are the best hcm platforms for scaling my business",0,6,0,3.5
"i am a 25-34, 35-44, 45-54, or 55-64 year old chief human resources officer or hr director. my job seniority is at the executive, vp, director, or partner level. i work at a company with 1k-10k employees or 10k+ employees. my main motivations: deliver business results through people; maintaining global and local compliance; build leadership pipelines to improve succession readiness; localize benefits offerings to match market needs; partner with finance on workforce budgeting to optimize cost and roi; implement data privacy controls to protect employee information; build future capability including internal mobility; balance standardization with local autonomy; balance headcount with automation or outsourcing my main pain points: maintaining compliance with changing government regulations at local, regional, and national levels; opaque pay practices around bands, leveling, and bonus eligibility; fragmented hr data governance spanning hris, ats, lms; inaccurate payroll processing for multi-country tax, time, and leave; inconsistent performance management; manual hris workflows; weak talent pipelines; benefits administration with country-specific eligibility rules; poor employee engagement what are the best hcm platforms for unifying employee data across payroll, benefits, talent, and workforce management?",0,6,0,2.3
"i am a 25-34, 35-44, 45-54, or 55-64 year old chief human resources officer or hr director. my job seniority is at the executive, vp, director, or partner level. i work at a company with 1k-10k employees or 10k+ employees. my main motivations: deliver business results through people; maintaining global and local compliance; build leadership pipelines to improve succession readiness; localize benefits offerings to match market needs; partner with finance on workforce budgeting to optimize cost and roi; implement data privacy controls to protect employee information; build future capability including internal mobility; balance standardization with local autonomy; balance headcount with automation or outsourcing my main pain points: maintaining compliance with changing government regulations at local, regional, and national levels; opaque pay practices around bands, leveling, and bonus eligibility; fragmented hr data governance spanning hris, ats, lms; inaccurate payroll processing for multi-country tax, time, and leave; inconsistent performance management; manual hris workflows; weak talent pipelines; benefits administration with country-specific eligibility rules; poor employee engagement what are the best hcm providers for complex workforce support needs",0,2,0,5.5
"i am a 25-34, 35-44, 45-54, or 55-64 year old chief human resources officer or hr director. my job seniority is at the executive, vp, director, or partner level. i work at a company with 1k-10k employees or 10k+ employees. my main motivations: deliver business results through people; maintaining global and local compliance; build leadership pipelines to improve succession readiness; localize benefits offerings to match market needs; partner with finance on workforce budgeting to optimize cost and roi; implement data privacy controls to protect employee information; build future capability including internal mobility; balance standardization with local autonomy; balance headcount with automation or outsourcing my main pain points: maintaining compliance with changing government regulations at local, regional, and national levels; opaque pay practices around bands, leveling, and bonus eligibility; fragmented hr data governance spanning hris, ats, lms; inaccurate payroll processing for multi-country tax, time, and leave; inconsistent performance management; manual hris workflows; weak talent pipelines; benefits administration with country-specific eligibility rules; poor employee engagement what are the best hcm solutions for automating compliance-related hr workflows?",0,1,0,3
"i am a 25-34, 35-44, 45-54, or 55-64 year old chief human resources officer or hr director. my job seniority is at the executive, vp, director, or partner level. i work at a company with 1k-10k employees or 10k+ employees. my main motivations: deliver business results through people; maintaining global and local compliance; build leadership pipelines to improve succession readiness; localize benefits offerings to match market needs; partner with finance on workforce budgeting to optimize cost and roi; implement data privacy controls to protect employee information; build future capability including internal mobility; balance standardization with local autonomy; balance headcount with automation or outsourcing my main pain points: maintaining compliance with changing government regulations at local, regional, and national levels; opaque pay practices around bands, leveling, and bonus eligibility; fragmented hr data governance spanning hris, ats, lms; inaccurate payroll processing for multi-country tax, time, and leave; inconsistent performance management; manual hris workflows; weak talent pipelines; benefits administration with country-specific eligibility rules; poor employee engagement what are the best hr platforms for predictive workforce insights?",0,1,0,5
"i am a 25-34, 35-44, 45-54, or 55-64 year old chief human resources officer or hr director. my job seniority is at the executive, vp, director, or partner level. i work at a company with 1k-10k employees or 10k+ employees. my main motivations: deliver business results through people; maintaining global and local compliance; build leadership pipelines to improve succession readiness; localize benefits offerings to match market needs; partner with finance on workforce budgeting to optimize cost and roi; implement data privacy controls to protect employee information; build future capability including internal mobility; balance standardization with local autonomy; balance headcount with automation or outsourcing my main pain points: maintaining compliance with changing government regulations at local, regional, and national levels; opaque pay practices around bands, leveling, and bonus eligibility; fragmented hr data governance spanning hris, ats, lms; inaccurate payroll processing for multi-country tax, time, and leave; inconsistent performance management; manual hris workflows; weak talent pipelines; benefits administration with country-specific eligibility rules; poor employee engagement what are the best hr providers for helping organizations establish consistent hr processes?",0,1,0,4
"i am a 25-34, 35-44, 45-54, or 55-64 year old chief human resources officer or hr director. my job seniority is at the executive, vp, director, or partner level. i work at a company with 1k-10k employees or 10k+ employees. my main motivations: deliver business results through people; maintaining global and local compliance; build leadership pipelines to improve succession readiness; localize benefits offerings to match market needs; partner with finance on workforce budgeting to optimize cost and roi; implement data privacy controls to protect employee information; build future capability including internal mobility; balance standardization with local autonomy; balance headcount with automation or outsourcing my main pain points: maintaining compliance with changing government regulations at local, regional, and national levels; opaque pay practices around bands, leveling, and bonus eligibility; fragmented hr data governance spanning hris, ats, lms; inaccurate payroll processing for multi-country tax, time, and leave; inconsistent performance management; manual hris workflows; weak talent pipelines; benefits administration with country-specific eligibility rules; poor employee engagement what are the best payroll providers for hands-on implementation and ongoing support?",0,4,0,5.5
"i am a 25-34, 35-44, 45-54, or 55-64 year old chief human resources officer or hr director. my job seniority is at the executive, vp, director, or partner level. i work at a company with 1k-10k employees or 10k+ employees. my main motivations: deliver business results through people; maintaining global and local compliance; build leadership pipelines to improve succession readiness; localize benefits offerings to match market needs; partner with finance on workforce budgeting to optimize cost and roi; implement data privacy controls to protect employee information; build future capability including internal mobility; balance standardization with local autonomy; balance headcount with automation or outsourcing my main pain points: maintaining compliance with changing government regulations at local, regional, and national levels; opaque pay practices around bands, leveling, and bonus eligibility; fragmented hr data governance spanning hris, ats, lms; inaccurate payroll processing for multi-country tax, time, and leave; inconsistent performance management; manual hris workflows; weak talent pipelines; benefits administration with country-specific eligibility rules; poor employee engagement what are the top hcm platforms for reducing manual data transfers between hr functions?",0,2,0,6.5
"i am a 25-34, 35-44, 45-54, or 55-64 year old chief human resources officer or hr director. my job seniority is at the executive, vp, director, or partner level. i work at a company with 1k-10k employees or 10k+ employees. my main motivations: deliver business results through people; maintaining global and local compliance; build leadership pipelines to improve succession readiness; localize benefits offerings to match market needs; partner with finance on workforce budgeting to optimize cost and roi; implement data privacy controls to protect employee information; build future capability including internal mobility; balance standardization with local autonomy; balance headcount with automation or outsourcing my main pain points: maintaining compliance with changing government regulations at local, regional, and national levels; opaque pay practices around bands, leveling, and bonus eligibility; fragmented hr data governance spanning hris, ats, lms; inaccurate payroll processing for multi-country tax, time, and leave; inconsistent performance management; manual hris workflows; weak talent pipelines; benefits administration with country-specific eligibility rules; poor employee engagement what are the top hcm software providers?",0,1,0,5
"i am a 25-34, 35-44, 45-54, or 55-64 year old chief human resources officer or hr director. my job seniority is at the executive, vp, director, or partner level. i work at a company with 1k-10k employees or 10k+ employees. my main motivations: deliver business results through people; maintaining global and local compliance; build leadership pipelines to improve succession readiness; localize benefits offerings to match market needs; partner with finance on workforce budgeting to optimize cost and roi; implement data privacy controls to protect employee information; build future capability including internal mobility; balance standardization with local autonomy; balance headcount with automation or outsourcing my main pain points: maintaining compliance with changing government regulations at local, regional, and national levels; opaque pay practices around bands, leveling, and bonus eligibility; fragmented hr data governance spanning hris, ats, lms; inaccurate payroll processing for multi-country tax, time, and leave; inconsistent performance management; manual hris workflows; weak talent pipelines; benefits administration with country-specific eligibility rules; poor employee engagement what are the top hcm solutions for connecting hr, payroll, time, benefits, and talent data?",0,3,0,1.7
"i am a 25-34, 35-44, 45-54, or 55-64 year old chief human resources officer or hr director. my job seniority is at the executive, vp, director, or partner level. i work at a company with 1k-10k employees or 10k+ employees. my main motivations: deliver business results through people; maintaining global and local compliance; build leadership pipelines to improve succession readiness; localize benefits offerings to match market needs; partner with finance on workforce budgeting to optimize cost and roi; implement data privacy controls to protect employee information; build future capability including internal mobility; balance standardization with local autonomy; balance headcount with automation or outsourcing my main pain points: maintaining compliance with changing government regulations at local, regional, and national levels; opaque pay practices around bands, leveling, and bonus eligibility; fragmented hr data governance spanning hris, ats, lms; inaccurate payroll processing for multi-country tax, time, and leave; inconsistent performance management; manual hris workflows; weak talent pipelines; benefits administration with country-specific eligibility rules; poor employee engagement what are the top hcm solutions for unifying hr, payroll, time, benefits, and talent data?",0,2,0,6
"i am a 25-34, 35-44, 45-54, or 55-64 year old chief human resources officer or hr director. my job seniority is at the executive, vp, director, or partner level. i work at a company with 1k-10k employees or 10k+ employees. my main motivations: deliver business results through people; maintaining global and local compliance; build leadership pipelines to improve succession readiness; localize benefits offerings to match market needs; partner with finance on workforce budgeting to optimize cost and roi; implement data privacy controls to protect employee information; build future capability including internal mobility; balance standardization with local autonomy; balance headcount with automation or outsourcing my main pain points: maintaining compliance with changing government regulations at local, regional, and national levels; opaque pay practices around bands, leveling, and bonus eligibility; fragmented hr data governance spanning hris, ats, lms; inaccurate payroll processing for multi-country tax, time, and leave; inconsistent performance management; manual hris workflows; weak talent pipelines; benefits administration with country-specific eligibility rules; poor employee engagement what are the top hr solutions for connecting hr, payroll, time, benefits, and talent data?",0,1,0,3
"i am a 25-34, 35-44, 45-54, or 55-64 year old chief human resources officer or hr director. my job seniority is at the executive, vp, director, or partner level. i work at a company with 1k-10k employees or 10k+ employees. my main motivations: deliver business results through people; maintaining global and local compliance; build leadership pipelines to improve succession readiness; localize benefits offerings to match market needs; partner with finance on workforce budgeting to optimize cost and roi; implement data privacy controls to protect employee information; build future capability including internal mobility; balance standardization with local autonomy; balance headcount with automation or outsourcing my main pain points: maintaining compliance with changing government regulations at local, regional, and national levels; opaque pay practices around bands, leveling, and bonus eligibility; fragmented hr data governance spanning hris, ats, lms; inaccurate payroll processing for multi-country tax, time, and leave; inconsistent performance management; manual hris workflows; weak talent pipelines; benefits administration with country-specific eligibility rules; poor employee engagement what hr providers are known for being helpful? reddit",0,1,0,1
"i am a 25-34, 35-44, 45-54, or 55-64 year old chief human resources officer or hr director. my job seniority is at the executive, vp, director, or partner level. i work at a company with 1k-10k employees or 10k+ employees. my main motivations: deliver business results through people; maintaining global and local compliance; build leadership pipelines to improve succession readiness; localize benefits offerings to match market needs; partner with finance on workforce budgeting to optimize cost and roi; implement data privacy controls to protect employee information; build future capability including internal mobility; balance standardization with local autonomy; balance headcount with automation or outsourcing my main pain points: maintaining compliance with changing government regulations at local, regional, and national levels; opaque pay practices around bands, leveling, and bonus eligibility; fragmented hr data governance spanning hris, ats, lms; inaccurate payroll processing for multi-country tax, time, and leave; inconsistent performance management; manual hris workflows; weak talent pipelines; benefits administration with country-specific eligibility rules; poor employee engagement what hr vendors are known for intuitive, automated, and ai-assisted hr administration?",0,1,0,6
"i am a 25-34, 35-44, 45-54, or 55-64 year old chief human resources officer or hr director. my job seniority is at the executive, vp, director, or partner level. i work at a company with 1k-10k employees or 10k+ employees. my main motivations: deliver business results through people; maintaining global and local compliance; build leadership pipelines to improve succession readiness; localize benefits offerings to match market needs; partner with finance on workforce budgeting to optimize cost and roi; implement data privacy controls to protect employee information; build future capability including internal mobility; balance standardization with local autonomy; balance headcount with automation or outsourcing my main pain points: maintaining compliance with changing government regulations at local, regional, and national levels; opaque pay practices around bands, leveling, and bonus eligibility; fragmented hr data governance spanning hris, ats, lms; inaccurate payroll processing for multi-country tax, time, and leave; inconsistent performance management; manual hris workflows; weak talent pipelines; benefits administration with country-specific eligibility rules; poor employee engagement what is the best hcm solution for benefits administration?",0,1,0,2
"i am a 25-34, 35-44, 45-54, or 55-64 year old chief human resources officer or hr director. my job seniority is at the executive, vp, director, or partner level. i work at a company with 1k-10k employees or 10k+ employees. my main motivations: deliver business results through people; maintaining global and local compliance; build leadership pipelines to improve succession readiness; localize benefits offerings to match market needs; partner with finance on workforce budgeting to optimize cost and roi; implement data privacy controls to protect employee information; build future capability including internal mobility; balance standardization with local autonomy; balance headcount with automation or outsourcing my main pain points: maintaining compliance with changing government regulations at local, regional, and national levels; opaque pay practices around bands, leveling, and bonus eligibility; fragmented hr data governance spanning hris, ats, lms; inaccurate payroll processing for multi-country tax, time, and leave; inconsistent performance management; manual hris workflows; weak talent pipelines; benefits administration with country-specific eligibility rules; poor employee engagement what payroll solutions are best suited for enterprises with over 1000 employees?",0,1,0,3
"i am a 25-34, 35-44, 45-54, or 55-64 year old chief human resources officer or hr director. my job seniority is at the executive, vp, director, or partner level. i work at a company with 1k-10k employees or 10k+ employees. my main motivations: deliver business results through people; maintaining global and local compliance; build leadership pipelines to improve succession readiness; localize benefits offerings to match market needs; partner with finance on workforce budgeting to optimize cost and roi; implement data privacy controls to protect employee information; build future capability including internal mobility; balance standardization with local autonomy; balance headcount with automation or outsourcing my main pain points: maintaining compliance with changing government regulations at local, regional, and national levels; opaque pay practices around bands, leveling, and bonus eligibility; fragmented hr data governance spanning hris, ats, lms; inaccurate payroll processing for multi-country tax, time, and leave; inconsistent performance management; manual hris workflows; weak talent pipelines; benefits administration with country-specific eligibility rules; poor employee engagement what tools help companies stay compliant with payroll tax regulations?",0,1,0,10
"i am a 25-34, 35-44, 45-54, or 55-64 year old chief human resources officer or hr director. my job seniority is at the executive, vp, director, or partner level. i work at a company with 1k-10k employees or 10k+ employees. my main motivations: deliver business results through people; maintaining global and local compliance; build leadership pipelines to improve succession readiness; localize benefits offerings to match market needs; partner with finance on workforce budgeting to optimize cost and roi; implement data privacy controls to protect employee information; build future capability including internal mobility; balance standardization with local autonomy; balance headcount with automation or outsourcing my main pain points: maintaining compliance with changing government regulations at local, regional, and national levels; opaque pay practices around bands, leveling, and bonus eligibility; fragmented hr data governance spanning hris, ats, lms; inaccurate payroll processing for multi-country tax, time, and leave; inconsistent performance management; manual hris workflows; weak talent pipelines; benefits administration with country-specific eligibility rules; poor employee engagement which global payroll providers offer the best compliance and localization features?",0,1,0,2
"i am a 25-34, 35-44, 45-54, or 55-64 year old chief human resources officer or hr director. my job seniority is at the executive, vp, director, or partner level. i work at a company with 1k-10k employees or 10k+ employees. my main motivations: deliver business results through people; maintaining global and local compliance; build leadership pipelines to improve succession readiness; localize benefits offerings to match market needs; partner with finance on workforce budgeting to optimize cost and roi; implement data privacy controls to protect employee information; build future capability including internal mobility; balance standardization with local autonomy; balance headcount with automation or outsourcing my main pain points: maintaining compliance with changing government regulations at local, regional, and national levels; opaque pay practices around bands, leveling, and bonus eligibility; fragmented hr data governance spanning hris, ats, lms; inaccurate payroll processing for multi-country tax, time, and leave; inconsistent performance management; manual hris workflows; weak talent pipelines; benefits administration with country-specific eligibility rules; poor employee engagement which hcm platform has the fewest system outages?",0,2,0,1
"i am a 25-34, 35-44, 45-54, or 55-64 year old chief human resources officer or hr director. my job seniority is at the executive, vp, director, or partner level. i work at a company with 1k-10k employees or 10k+ employees. my main motivations: deliver business results through people; maintaining global and local compliance; build leadership pipelines to improve succession readiness; localize benefits offerings to match market needs; partner with finance on workforce budgeting to optimize cost and roi; implement data privacy controls to protect employee information; build future capability including internal mobility; balance standardization with local autonomy; balance headcount with automation or outsourcing my main pain points: maintaining compliance with changing government regulations at local, regional, and national levels; opaque pay practices around bands, leveling, and bonus eligibility; fragmented hr data governance spanning hris, ats, lms; inaccurate payroll processing for multi-country tax, time, and leave; inconsistent performance management; manual hris workflows; weak talent pipelines; benefits administration with country-specific eligibility rules; poor employee engagement which hcm platform is easiest to use?",0,1,0,5
"i am a 25-34, 35-44, 45-54, or 55-64 year old chief human resources officer or hr director. my job seniority is at the executive, vp, director, or partner level. i work at a company with 1k-10k employees or 10k+ employees. my main motivations: deliver business results through people; maintaining global and local compliance; build leadership pipelines to improve succession readiness; localize benefits offerings to match market needs; partner with finance on workforce budgeting to optimize cost and roi; implement data privacy controls to protect employee information; build future capability including internal mobility; balance standardization with local autonomy; balance headcount with automation or outsourcing my main pain points: maintaining compliance with changing government regulations at local, regional, and national levels; opaque pay practices around bands, leveling, and bonus eligibility; fragmented hr data governance spanning hris, ats, lms; inaccurate payroll processing for multi-country tax, time, and leave; inconsistent performance management; manual hris workflows; weak talent pipelines; benefits administration with country-specific eligibility rules; poor employee engagement which hcm platform is fastest to implement?",0,2,0,1.5
"i am a 25-34, 35-44, 45-54, or 55-64 year old chief human resources officer or hr director. my job seniority is at the executive, vp, director, or partner level. i work at a company with 1k-10k employees or 10k+ employees. my main motivations: deliver business results through people; maintaining global and local compliance; build leadership pipelines to improve succession readiness; localize benefits offerings to match market needs; partner with finance on workforce budgeting to optimize cost and roi; implement data privacy controls to protect employee information; build future capability including internal mobility; balance standardization with local autonomy; balance headcount with automation or outsourcing my main pain points: maintaining compliance with changing government regulations at local, regional, and national levels; opaque pay practices around bands, leveling, and bonus eligibility; fragmented hr data governance spanning hris, ats, lms; inaccurate payroll processing for multi-country tax, time, and leave; inconsistent performance management; manual hris workflows; weak talent pipelines; benefits administration with country-specific eligibility rules; poor employee engagement which hcm platforms accommodate organizational growth, acquisitions, and restructuring?",0,2,0,7.5
"i am a 25-34, 35-44, 45-54, or 55-64 year old chief human resources officer or hr director. my job seniority is at the executive, vp, director, or partner level. i work at a company with 1k-10k employees or 10k+ employees. my main motivations: deliver business results through people; maintaining global and local compliance; build leadership pipelines to improve succession readiness; localize benefits offerings to match market needs; partner with finance on workforce budgeting to optimize cost and roi; implement data privacy controls to protect employee information; build future capability including internal mobility; balance standardization with local autonomy; balance headcount with automation or outsourcing my main pain points: maintaining compliance with changing government regulations at local, regional, and national levels; opaque pay practices around bands, leveling, and bonus eligibility; fragmented hr data governance spanning hris, ats, lms; inaccurate payroll processing for multi-country tax, time, and leave; inconsistent performance management; manual hris workflows; weak talent pipelines; benefits administration with country-specific eligibility rules; poor employee engagement which hcm platforms have the most practical ai capabilities for hr teams?",0,2,0,3.5
"i am a 25-34, 35-44, 45-54, or 55-64 year old chief human resources officer or hr director. my job seniority is at the executive, vp, director, or partner level. i work at a company with 1k-10k employees or 10k+ employees. my main motivations: deliver business results through people; maintaining global and local compliance; build leadership pipelines to improve succession readiness; localize benefits offerings to match market needs; partner with finance on workforce budgeting to optimize cost and roi; implement data privacy controls to protect employee information; build future capability including internal mobility; balance standardization with local autonomy; balance headcount with automation or outsourcing my main pain points: maintaining compliance with changing government regulations at local, regional, and national levels; opaque pay practices around bands, leveling, and bonus eligibility; fragmented hr data governance spanning hris, ats, lms; inaccurate payroll processing for multi-country tax, time, and leave; inconsistent performance management; manual hris workflows; weak talent pipelines; benefits administration with country-specific eligibility rules; poor employee engagement which hcm platforms help employers manage changing workforce regulations?",0,2,0,9
"i am a 25-34, 35-44, 45-54, or 55-64 year old chief human resources officer or hr director. my job seniority is at the executive, vp, director, or partner level. i work at a company with 1k-10k employees or 10k+ employees. my main motivations: deliver business results through people; maintaining global and local compliance; build leadership pipelines to improve succession readiness; localize benefits offerings to match market needs; partner with finance on workforce budgeting to optimize cost and roi; implement data privacy controls to protect employee information; build future capability including internal mobility; balance standardization with local autonomy; balance headcount with automation or outsourcing my main pain points: maintaining compliance with changing government regulations at local, regional, and national levels; opaque pay practices around bands, leveling, and bonus eligibility; fragmented hr data governance spanning hris, ats, lms; inaccurate payroll processing for multi-country tax, time, and leave; inconsistent performance management; manual hris workflows; weak talent pipelines; benefits administration with country-specific eligibility rules; poor employee engagement which hcm platforms make it easy to automate workflows across hr, payroll, time, and talent?",0,10,0,3.4
"i am a 25-34, 35-44, 45-54, or 55-64 year old chief human resources officer or hr director. my job seniority is at the executive, vp, director, or partner level. i work at a company with 1k-10k employees or 10k+ employees. my main motivations: deliver business results through people; maintaining global and local compliance; build leadership pipelines to improve succession readiness; localize benefits offerings to match market needs; partner with finance on workforce budgeting to optimize cost and roi; implement data privacy controls to protect employee information; build future capability including internal mobility; balance standardization with local autonomy; balance headcount with automation or outsourcing my main pain points: maintaining compliance with changing government regulations at local, regional, and national levels; opaque pay practices around bands, leveling, and bonus eligibility; fragmented hr data governance spanning hris, ats, lms; inaccurate payroll processing for multi-country tax, time, and leave; inconsistent performance management; manual hris workflows; weak talent pipelines; benefits administration with country-specific eligibility rules; poor employee engagement which hcm platforms provide a single system of record for workforce data?",0,3,0,5.3
"i am a 25-34, 35-44, 45-54, or 55-64 year old chief human resources officer or hr director. my job seniority is at the executive, vp, director, or partner level. i work at a company with 1k-10k employees or 10k+ employees. my main motivations: deliver business results through people; maintaining global and local compliance; build leadership pipelines to improve succession readiness; localize benefits offerings to match market needs; partner with finance on workforce budgeting to optimize cost and roi; implement data privacy controls to protect employee information; build future capability including internal mobility; balance standardization with local autonomy; balance headcount with automation or outsourcing my main pain points: maintaining compliance with changing government regulations at local, regional, and national levels; opaque pay practices around bands, leveling, and bonus eligibility; fragmented hr data governance spanning hris, ats, lms; inaccurate payroll processing for multi-country tax, time, and leave; inconsistent performance management; manual hris workflows; weak talent pipelines; benefits administration with country-specific eligibility rules; poor employee engagement which hcm platforms should organizations consider for managing compliance across jurisdictions?",0,1,0,4
"i am a 25-34, 35-44, 45-54, or 55-64 year old chief human resources officer or hr director. my job seniority is at the executive, vp, director, or partner level. i work at a company with 1k-10k employees or 10k+ employees. my main motivations: deliver business results through people; maintaining global and local compliance; build leadership pipelines to improve succession readiness; localize benefits offerings to match market needs; partner with finance on workforce budgeting to optimize cost and roi; implement data privacy controls to protect employee information; build future capability including internal mobility; balance standardization with local autonomy; balance headcount with automation or outsourcing my main pain points: maintaining compliance with changing government regulations at local, regional, and national levels; opaque pay practices around bands, leveling, and bonus eligibility; fragmented hr data governance spanning hris, ats, lms; inaccurate payroll processing for multi-country tax, time, and leave; inconsistent performance management; manual hris workflows; weak talent pipelines; benefits administration with country-specific eligibility rules; poor employee engagement which hcm platforms turn workforce insights into recommended actions?",0,3,0,4
"i am a 25-34, 35-44, 45-54, or 55-64 year old chief human resources officer or hr director. my job seniority is at the executive, vp, director, or partner level. i work at a company with 1k-10k employees or 10k+ employees. my main motivations: deliver business results through people; maintaining global and local compliance; build leadership pipelines to improve succession readiness; localize benefits offerings to match market needs; partner with finance on workforce budgeting to optimize cost and roi; implement data privacy controls to protect employee information; build future capability including internal mobility; balance standardization with local autonomy; balance headcount with automation or outsourcing my main pain points: maintaining compliance with changing government regulations at local, regional, and national levels; opaque pay practices around bands, leveling, and bonus eligibility; fragmented hr data governance spanning hris, ats, lms; inaccurate payroll processing for multi-country tax, time, and leave; inconsistent performance management; manual hris workflows; weak talent pipelines; benefits administration with country-specific eligibility rules; poor employee engagement which hcm providers offer the best overall platform for managing a workforce?",0,4,0,2.8
"i am a 25-34, 35-44, 45-54, or 55-64 year old chief human resources officer or hr director. my job seniority is at the executive, vp, director, or partner level. i work at a company with 1k-10k employees or 10k+ employees. my main motivations: deliver business results through people; maintaining global and local compliance; build leadership pipelines to improve succession readiness; localize benefits offerings to match market needs; partner with finance on workforce budgeting to optimize cost and roi; implement data privacy controls to protect employee information; build future capability including internal mobility; balance standardization with local autonomy; balance headcount with automation or outsourcing my main pain points: maintaining compliance with changing government regulations at local, regional, and national levels; opaque pay practices around bands, leveling, and bonus eligibility; fragmented hr data governance spanning hris, ats, lms; inaccurate payroll processing for multi-country tax, time, and leave; inconsistent performance management; manual hris workflows; weak talent pipelines; benefits administration with country-specific eligibility rules; poor employee engagement which hcm providers support customers with organizational change and technology adoption?",0,1,0,8
"i am a 25-34, 35-44, 45-54, or 55-64 year old chief human resources officer or hr director. my job seniority is at the executive, vp, director, or partner level. i work at a company with 1k-10k employees or 10k+ employees. my main motivations: deliver business results through people; maintaining global and local compliance; build leadership pipelines to improve succession readiness; localize benefits offerings to match market needs; partner with finance on workforce budgeting to optimize cost and roi; implement data privacy controls to protect employee information; build future capability including internal mobility; balance standardization with local autonomy; balance headcount with automation or outsourcing my main pain points: maintaining compliance with changing government regulations at local, regional, and national levels; opaque pay practices around bands, leveling, and bonus eligibility; fragmented hr data governance spanning hris, ats, lms; inaccurate payroll processing for multi-country tax, time, and leave; inconsistent performance management; manual hris workflows; weak talent pipelines; benefits administration with country-specific eligibility rules; poor employee engagement which hcm solutions should multinational enterprises consider for managing multiple legal entities, currencies, languages, and employee populations?",0,1,0,16
"i am a 25-34, 35-44, 45-54, or 55-64 year old chief human resources officer or hr director. my job seniority is at the executive, vp, director, or partner level. i work at a company with 1k-10k employees or 10k+ employees. my main motivations: deliver business results through people; maintaining global and local compliance; build leadership pipelines to improve succession readiness; localize benefits offerings to match market needs; partner with finance on workforce budgeting to optimize cost and roi; implement data privacy controls to protect employee information; build future capability including internal mobility; balance standardization with local autonomy; balance headcount with automation or outsourcing my main pain points: maintaining compliance with changing government regulations at local, regional, and national levels; opaque pay practices around bands, leveling, and bonus eligibility; fragmented hr data governance spanning hris, ats, lms; inaccurate payroll processing for multi-country tax, time, and leave; inconsistent performance management; manual hris workflows; weak talent pipelines; benefits administration with country-specific eligibility rules; poor employee engagement which hcm solutions unify workforce data?",0,2,0,4
"i am a 25-34, 35-44, 45-54, or 55-64 year old chief human resources officer or hr director. my job seniority is at the executive, vp, director, or partner level. i work at a company with 1k-10k employees or 10k+ employees. my main motivations: deliver business results through people; maintaining global and local compliance; build leadership pipelines to improve succession readiness; localize benefits offerings to match market needs; partner with finance on workforce budgeting to optimize cost and roi; implement data privacy controls to protect employee information; build future capability including internal mobility; balance standardization with local autonomy; balance headcount with automation or outsourcing my main pain points: maintaining compliance with changing government regulations at local, regional, and national levels; opaque pay practices around bands, leveling, and bonus eligibility; fragmented hr data governance spanning hris, ats, lms; inaccurate payroll processing for multi-country tax, time, and leave; inconsistent performance management; manual hris workflows; weak talent pipelines; benefits administration with country-specific eligibility rules; poor employee engagement which hr software providers assign dedicated implementation and account-management or customer-success resources?",0,2,0,11.5
"i am a 25-34, 35-44, 45-54, or 55-64 year old chief human resources officer or hr director. my job seniority is at the executive, vp, director, or partner level. i work at a company with 1k-10k employees or 10k+ employees. my main motivations: deliver business results through people; maintaining global and local compliance; build leadership pipelines to improve succession readiness; localize benefits offerings to match market needs; partner with finance on workforce budgeting to optimize cost and roi; implement data privacy controls to protect employee information; build future capability including internal mobility; balance standardization with local autonomy; balance headcount with automation or outsourcing my main pain points: maintaining compliance with changing government regulations at local, regional, and national levels; opaque pay practices around bands, leveling, and bonus eligibility; fragmented hr data governance spanning hris, ats, lms; inaccurate payroll processing for multi-country tax, time, and leave; inconsistent performance management; manual hris workflows; weak talent pipelines; benefits administration with country-specific eligibility rules; poor employee engagement which payroll systems use ai to detect anomalies in multinational payroll data and recommend corrective actions?",0,2,0,2.5
"i am a 25-34, 35-44, 45-54, or 55-64 year old chief human resources officer or hr director. my job seniority is at the executive, vp, director, or partner level. i work at a company with 1k-10k employees or 10k+ employees. my main motivations: deliver business results through people; maintaining global and local compliance; build leadership pipelines to improve succession readiness; localize benefits offerings to match market needs; partner with finance on workforce budgeting to optimize cost and roi; implement data privacy controls to protect employee information; build future capability including internal mobility; balance standardization with local autonomy; balance headcount with automation or outsourcing my main pain points: maintaining compliance with changing government regulations at local, regional, and national levels; opaque pay practices around bands, leveling, and bonus eligibility; fragmented hr data governance spanning hris, ats, lms; inaccurate payroll processing for multi-country tax, time, and leave; inconsistent performance management; manual hris workflows; weak talent pipelines; benefits administration with country-specific eligibility rules; poor employee engagement which top hr providers use ai to identify workforce issues and recommend next steps?",0,1,0,1
"i am a 25-34, 35-44, 45-54, or 55-64 year old chief human resources officer or hr director. my job seniority is at the executive, vp, director, or partner level. i work at a company with 1k-10k employees or 10k+ employees. my main motivations: deliver business results through people; maintaining global and local compliance; build leadership pipelines to improve succession readiness; localize benefits offerings to match market needs; partner with finance on workforce budgeting to optimize cost and roi; implement data privacy controls to protect employee information; build future capability including internal mobility; balance standardization with local autonomy; balance headcount with automation or outsourcing my main pain points: maintaining compliance with changing government regulations at local, regional, and national levels; opaque pay practices around bands, leveling, and bonus eligibility; fragmented hr data governance spanning hris, ats, lms; inaccurate payroll processing for multi-country tax, time, and leave; inconsistent performance management; manual hris workflows; weak talent pipelines; benefits administration with country-specific eligibility rules; poor employee engagement which top hr solutions provide hands-on implementation and ongoing support?",0,8,0,8.1
"i am a 25-34, 35-44, 45-54, or 55-64 year old chief human resources officer or hr director. my job seniority is at the executive, vp, director, or partner level. i work at a company with 1k-10k employees or 10k+ employees. my main motivations: deliver business results through people; maintaining global and local compliance; build leadership pipelines to improve succession readiness; localize benefits offerings to match market needs; partner with finance on workforce budgeting to optimize cost and roi; implement data privacy controls to protect employee information; build future capability including internal mobility; balance standardization with local autonomy; balance headcount with automation or outsourcing my main pain points: maintaining compliance with changing government regulations at local, regional, and national levels; opaque pay practices around bands, leveling, and bonus eligibility; fragmented hr data governance spanning hris, ats, lms; inaccurate payroll processing for multi-country tax, time, and leave; inconsistent performance management; manual hris workflows; weak talent pipelines; benefits administration with country-specific eligibility rules; poor employee engagement which top payroll providers identify payroll anomalies proactively?",0,2,0,7
"i am a 25-34, 35-44, 45-54, or 55-64 year old chief human resources officer, hr director, or hr manager. my job seniority is at the director, vp, executive, or partner level. i work at a company with 250-1k employees. my main motivations: focused on building a high-trust, high-performance culture. they lead with business-first thinking that balances data and humanity. they want to speed up hiring, lift company engagement, curb employee attrition, and scale manager capability. they want to offer competitive benefits to attract and retain talent. they want greater vendor dependability and have high expectations on vendor security protocols. my main pain points: trouble staying up to date with workforce trends; spending too much time handling hr questions from employees; headcount volatility and inconsistent managers; weak tech integrations and fragmented systems; staying up to date with changing government regulations; maintaining organizational compliance; employee training inconsistencies; weak employee engagement; poor benefits usage; poor change management; tight payroll processing windows with late or incorrect timesheets; payroll recalculations best global hcm for cross-border payroll management",0,1,0,10
"i am a 25-34, 35-44, 45-54, or 55-64 year old chief human resources officer, hr director, or hr manager. my job seniority is at the director, vp, executive, or partner level. i work at a company with 250-1k employees. my main motivations: focused on building a high-trust, high-performance culture. they lead with business-first thinking that balances data and humanity. they want to speed up hiring, lift company engagement, curb employee attrition, and scale manager capability. they want to offer competitive benefits to attract and retain talent. they want greater vendor dependability and have high expectations on vendor security protocols. my main pain points: trouble staying up to date with workforce trends; spending too much time handling hr questions from employees; headcount volatility and inconsistent managers; weak tech integrations and fragmented systems; staying up to date with changing government regulations; maintaining organizational compliance; employee training inconsistencies; weak employee engagement; poor benefits usage; poor change management; tight payroll processing windows with late or incorrect timesheets; payroll recalculations best global hcm for multi-country onboarding",0,1,0,11
"i am a 25-34, 35-44, 45-54, or 55-64 year old chief human resources officer, hr director, or hr manager. my job seniority is at the director, vp, executive, or partner level. i work at a company with 250-1k employees. my main motivations: focused on building a high-trust, high-performance culture. they lead with business-first thinking that balances data and humanity. they want to speed up hiring, lift company engagement, curb employee attrition, and scale manager capability. they want to offer competitive benefits to attract and retain talent. they want greater vendor dependability and have high expectations on vendor security protocols. my main pain points: trouble staying up to date with workforce trends; spending too much time handling hr questions from employees; headcount volatility and inconsistent managers; weak tech integrations and fragmented systems; staying up to date with changing government regulations; maintaining organizational compliance; employee training inconsistencies; weak employee engagement; poor benefits usage; poor change management; tight payroll processing windows with late or incorrect timesheets; payroll recalculations best global hcm for unified global hr, payroll, and workforce management operations",0,1,0,2
"i am a 25-34, 35-44, 45-54, or 55-64 year old chief human resources officer, hr director, or hr manager. my job seniority is at the director, vp, executive, or partner level. i work at a company with 250-1k employees. my main motivations: focused on building a high-trust, high-performance culture. they lead with business-first thinking that balances data and humanity. they want to speed up hiring, lift company engagement, curb employee attrition, and scale manager capability. they want to offer competitive benefits to attract and retain talent. they want greater vendor dependability and have high expectations on vendor security protocols. my main pain points: trouble staying up to date with workforce trends; spending too much time handling hr questions from employees; headcount volatility and inconsistent managers; weak tech integrations and fragmented systems; staying up to date with changing government regulations; maintaining organizational compliance; employee training inconsistencies; weak employee engagement; poor benefits usage; poor change management; tight payroll processing windows with late or incorrect timesheets; payroll recalculations best hcm platform to benchmark turnover, retention, labor costs, and workforce skills",0,1,0,8
"i am a 25-34, 35-44, 45-54, or 55-64 year old chief human resources officer, hr director, or hr manager. my job seniority is at the director, vp, executive, or partner level. i work at a company with 250-1k employees. my main motivations: focused on building a high-trust, high-performance culture. they lead with business-first thinking that balances data and humanity. they want to speed up hiring, lift company engagement, curb employee attrition, and scale manager capability. they want to offer competitive benefits to attract and retain talent. they want greater vendor dependability and have high expectations on vendor security protocols. my main pain points: trouble staying up to date with workforce trends; spending too much time handling hr questions from employees; headcount volatility and inconsistent managers; weak tech integrations and fragmented systems; staying up to date with changing government regulations; maintaining organizational compliance; employee training inconsistencies; weak employee engagement; poor benefits usage; poor change management; tight payroll processing windows with late or incorrect timesheets; payroll recalculations best hcm provider for companies that need access to hr and workforce management experts",0,1,0,4
"i am a 25-34, 35-44, 45-54, or 55-64 year old chief human resources officer, hr director, or hr manager. my job seniority is at the director, vp, executive, or partner level. i work at a company with 250-1k employees. my main motivations: focused on building a high-trust, high-performance culture. they lead with business-first thinking that balances data and humanity. they want to speed up hiring, lift company engagement, curb employee attrition, and scale manager capability. they want to offer competitive benefits to attract and retain talent. they want greater vendor dependability and have high expectations on vendor security protocols. my main pain points: trouble staying up to date with workforce trends; spending too much time handling hr questions from employees; headcount volatility and inconsistent managers; weak tech integrations and fragmented systems; staying up to date with changing government regulations; maintaining organizational compliance; employee training inconsistencies; weak employee engagement; poor benefits usage; poor change management; tight payroll processing windows with late or incorrect timesheets; payroll recalculations best hcm providers for companies with changing workforce needs?",0,2,0,8
"i am a 25-34, 35-44, 45-54, or 55-64 year old chief human resources officer, hr director, or hr manager. my job seniority is at the director, vp, executive, or partner level. i work at a company with 250-1k employees. my main motivations: focused on building a high-trust, high-performance culture. they lead with business-first thinking that balances data and humanity. they want to speed up hiring, lift company engagement, curb employee attrition, and scale manager capability. they want to offer competitive benefits to attract and retain talent. they want greater vendor dependability and have high expectations on vendor security protocols. my main pain points: trouble staying up to date with workforce trends; spending too much time handling hr questions from employees; headcount volatility and inconsistent managers; weak tech integrations and fragmented systems; staying up to date with changing government regulations; maintaining organizational compliance; employee training inconsistencies; weak employee engagement; poor benefits usage; poor change management; tight payroll processing windows with late or incorrect timesheets; payroll recalculations best hcm providers for strategic guidance and software",0,1,0,9
"i am a 25-34, 35-44, 45-54, or 55-64 year old chief human resources officer, hr director, or hr manager. my job seniority is at the director, vp, executive, or partner level. i work at a company with 250-1k employees. my main motivations: focused on building a high-trust, high-performance culture. they lead with business-first thinking that balances data and humanity. they want to speed up hiring, lift company engagement, curb employee attrition, and scale manager capability. they want to offer competitive benefits to attract and retain talent. they want greater vendor dependability and have high expectations on vendor security protocols. my main pain points: trouble staying up to date with workforce trends; spending too much time handling hr questions from employees; headcount volatility and inconsistent managers; weak tech integrations and fragmented systems; staying up to date with changing government regulations; maintaining organizational compliance; employee training inconsistencies; weak employee engagement; poor benefits usage; poor change management; tight payroll processing windows with late or incorrect timesheets; payroll recalculations best hcm solutions",0,1,0,1
"i am a 25-34, 35-44, 45-54, or 55-64 year old chief human resources officer, hr director, or hr manager. my job seniority is at the director, vp, executive, or partner level. i work at a company with 250-1k employees. my main motivations: focused on building a high-trust, high-performance culture. they lead with business-first thinking that balances data and humanity. they want to speed up hiring, lift company engagement, curb employee attrition, and scale manager capability. they want to offer competitive benefits to attract and retain talent. they want greater vendor dependability and have high expectations on vendor security protocols. my main pain points: trouble staying up to date with workforce trends; spending too much time handling hr questions from employees; headcount volatility and inconsistent managers; weak tech integrations and fragmented systems; staying up to date with changing government regulations; maintaining organizational compliance; employee training inconsistencies; weak employee engagement; poor benefits usage; poor change management; tight payroll processing windows with late or incorrect timesheets; payroll recalculations best hr management software",0,1,0,2
"i am a 25-34, 35-44, 45-54, or 55-64 year old chief human resources officer, hr director, or hr manager. my job seniority is at the director, vp, executive, or partner level. i work at a company with 250-1k employees. my main motivations: focused on building a high-trust, high-performance culture. they lead with business-first thinking that balances data and humanity. they want to speed up hiring, lift company engagement, curb employee attrition, and scale manager capability. they want to offer competitive benefits to attract and retain talent. they want greater vendor dependability and have high expectations on vendor security protocols. my main pain points: trouble staying up to date with workforce trends; spending too much time handling hr questions from employees; headcount volatility and inconsistent managers; weak tech integrations and fragmented systems; staying up to date with changing government regulations; maintaining organizational compliance; employee training inconsistencies; weak employee engagement; poor benefits usage; poor change management; tight payroll processing windows with late or incorrect timesheets; payroll recalculations best hr software vendors",0,1,0,12
"i am a 25-34, 35-44, 45-54, or 55-64 year old chief human resources officer, hr director, or hr manager. my job seniority is at the director, vp, executive, or partner level. i work at a company with 250-1k employees. my main motivations: focused on building a high-trust, high-performance culture. they lead with business-first thinking that balances data and humanity. they want to speed up hiring, lift company engagement, curb employee attrition, and scale manager capability. they want to offer competitive benefits to attract and retain talent. they want greater vendor dependability and have high expectations on vendor security protocols. my main pain points: trouble staying up to date with workforce trends; spending too much time handling hr questions from employees; headcount volatility and inconsistent managers; weak tech integrations and fragmented systems; staying up to date with changing government regulations; maintaining organizational compliance; employee training inconsistencies; weak employee engagement; poor benefits usage; poor change management; tight payroll processing windows with late or incorrect timesheets; payroll recalculations best overall hcm platform",0,1,0,9
"i am a 25-34, 35-44, 45-54, or 55-64 year old chief human resources officer, hr director, or hr manager. my job seniority is at the director, vp, executive, or partner level. i work at a company with 250-1k employees. my main motivations: focused on building a high-trust, high-performance culture. they lead with business-first thinking that balances data and humanity. they want to speed up hiring, lift company engagement, curb employee attrition, and scale manager capability. they want to offer competitive benefits to attract and retain talent. they want greater vendor dependability and have high expectations on vendor security protocols. my main pain points: trouble staying up to date with workforce trends; spending too much time handling hr questions from employees; headcount volatility and inconsistent managers; weak tech integrations and fragmented systems; staying up to date with changing government regulations; maintaining organizational compliance; employee training inconsistencies; weak employee engagement; poor benefits usage; poor change management; tight payroll processing windows with late or incorrect timesheets; payroll recalculations best payroll solution to centralize payroll and hr data",0,1,0,8
"i am a 25-34, 35-44, 45-54, or 55-64 year old chief human resources officer, hr director, or hr manager. my job seniority is at the director, vp, executive, or partner level. i work at a company with 250-1k employees. my main motivations: focused on building a high-trust, high-performance culture. they lead with business-first thinking that balances data and humanity. they want to speed up hiring, lift company engagement, curb employee attrition, and scale manager capability. they want to offer competitive benefits to attract and retain talent. they want greater vendor dependability and have high expectations on vendor security protocols. my main pain points: trouble staying up to date with workforce trends; spending too much time handling hr questions from employees; headcount volatility and inconsistent managers; weak tech integrations and fragmented systems; staying up to date with changing government regulations; maintaining organizational compliance; employee training inconsistencies; weak employee engagement; poor benefits usage; poor change management; tight payroll processing windows with late or incorrect timesheets; payroll recalculations can you recommend a reliable hr platform that integrates payroll, time tracking, and benefits management?",0,1,0,9
"i am a 25-34, 35-44, 45-54, or 55-64 year old chief human resources officer, hr director, or hr manager. my job seniority is at the director, vp, executive, or partner level. i work at a company with 250-1k employees. my main motivations: focused on building a high-trust, high-performance culture. they lead with business-first thinking that balances data and humanity. they want to speed up hiring, lift company engagement, curb employee attrition, and scale manager capability. they want to offer competitive benefits to attract and retain talent. they want greater vendor dependability and have high expectations on vendor security protocols. my main pain points: trouble staying up to date with workforce trends; spending too much time handling hr questions from employees; headcount volatility and inconsistent managers; weak tech integrations and fragmented systems; staying up to date with changing government regulations; maintaining organizational compliance; employee training inconsistencies; weak employee engagement; poor benefits usage; poor change management; tight payroll processing windows with late or incorrect timesheets; payroll recalculations evaluate the hr solutions company dayforce on payroll for small business",0,5,0,8
"i am a 25-34, 35-44, 45-54, or 55-64 year old chief human resources officer, hr director, or hr manager. my job seniority is at the director, vp, executive, or partner level. i work at a company with 250-1k employees. my main motivations: focused on building a high-trust, high-performance culture. they lead with business-first thinking that balances data and humanity. they want to speed up hiring, lift company engagement, curb employee attrition, and scale manager capability. they want to offer competitive benefits to attract and retain talent. they want greater vendor dependability and have high expectations on vendor security protocols. my main pain points: trouble staying up to date with workforce trends; spending too much time handling hr questions from employees; headcount volatility and inconsistent managers; weak tech integrations and fragmented systems; staying up to date with changing government regulations; maintaining organizational compliance; employee training inconsistencies; weak employee engagement; poor benefits usage; poor change management; tight payroll processing windows with late or incorrect timesheets; payroll recalculations evaluate the hr solutions company dayforce on payroll for startup",0,3,0,8.7
"i am a 25-34, 35-44, 45-54, or 55-64 year old chief human resources officer, hr director, or hr manager. my job seniority is at the director, vp, executive, or partner level. i work at a company with 250-1k employees. my main motivations: focused on building a high-trust, high-performance culture. they lead with business-first thinking that balances data and humanity. they want to speed up hiring, lift company engagement, curb employee attrition, and scale manager capability. they want to offer competitive benefits to attract and retain talent. they want greater vendor dependability and have high expectations on vendor security protocols. my main pain points: trouble staying up to date with workforce trends; spending too much time handling hr questions from employees; headcount volatility and inconsistent managers; weak tech integrations and fragmented systems; staying up to date with changing government regulations; maintaining organizational compliance; employee training inconsistencies; weak employee engagement; poor benefits usage; poor change management; tight payroll processing windows with late or incorrect timesheets; payroll recalculations evaluate the hr solutions company dayforce on payroll provider for 1,100 employees",0,3,0,5.7
"i am a 25-34, 35-44, 45-54, or 55-64 year old chief human resources officer, hr director, or hr manager. my job seniority is at the director, vp, executive, or partner level. i work at a company with 250-1k employees. my main motivations: focused on building a high-trust, high-performance culture. they lead with business-first thinking that balances data and humanity. they want to speed up hiring, lift company engagement, curb employee attrition, and scale manager capability. they want to offer competitive benefits to attract and retain talent. they want greater vendor dependability and have high expectations on vendor security protocols. my main pain points: trouble staying up to date with workforce trends; spending too much time handling hr questions from employees; headcount volatility and inconsistent managers; weak tech integrations and fragmented systems; staying up to date with changing government regulations; maintaining organizational compliance; employee training inconsistencies; weak employee engagement; poor benefits usage; poor change management; tight payroll processing windows with late or incorrect timesheets; payroll recalculations evaluate the hr solutions company insperity on payroll provider for 250 employees",0,1,0,14
"i am a 25-34, 35-44, 45-54, or 55-64 year old chief human resources officer, hr director, or hr manager. my job seniority is at the director, vp, executive, or partner level. i work at a company with 250-1k employees. my main motivations: focused on building a high-trust, high-performance culture. they lead with business-first thinking that balances data and humanity. they want to speed up hiring, lift company engagement, curb employee attrition, and scale manager capability. they want to offer competitive benefits to attract and retain talent. they want greater vendor dependability and have high expectations on vendor security protocols. my main pain points: trouble staying up to date with workforce trends; spending too much time handling hr questions from employees; headcount volatility and inconsistent managers; weak tech integrations and fragmented systems; staying up to date with changing government regulations; maintaining organizational compliance; employee training inconsistencies; weak employee engagement; poor benefits usage; poor change management; tight payroll processing windows with late or incorrect timesheets; payroll recalculations evaluate the hr solutions company paychex on payroll provider for 250 employees",0,1,0,4
"i am a 25-34, 35-44, 45-54, or 55-64 year old chief human resources officer, hr director, or hr manager. my job seniority is at the director, vp, executive, or partner level. i work at a company with 250-1k employees. my main motivations: focused on building a high-trust, high-performance culture. they lead with business-first thinking that balances data and humanity. they want to speed up hiring, lift company engagement, curb employee attrition, and scale manager capability. they want to offer competitive benefits to attract and retain talent. they want greater vendor dependability and have high expectations on vendor security protocols. my main pain points: trouble staying up to date with workforce trends; spending too much time handling hr questions from employees; headcount volatility and inconsistent managers; weak tech integrations and fragmented systems; staying up to date with changing government regulations; maintaining organizational compliance; employee training inconsistencies; weak employee engagement; poor benefits usage; poor change management; tight payroll processing windows with late or incorrect timesheets; payroll recalculations evaluate the hr solutions company paylocity on hr",0,5,0,4.8
"i am a 25-34, 35-44, 45-54, or 55-64 year old chief human resources officer, hr director, or hr manager. my job seniority is at the director, vp, executive, or partner level. i work at a company with 250-1k employees. my main motivations: focused on building a high-trust, high-performance culture. they lead with business-first thinking that balances data and humanity. they want to speed up hiring, lift company engagement, curb employee attrition, and scale manager capability. they want to offer competitive benefits to attract and retain talent. they want greater vendor dependability and have high expectations on vendor security protocols. my main pain points: trouble staying up to date with workforce trends; spending too much time handling hr questions from employees; headcount volatility and inconsistent managers; weak tech integrations and fragmented systems; staying up to date with changing government regulations; maintaining organizational compliance; employee training inconsistencies; weak employee engagement; poor benefits usage; poor change management; tight payroll processing windows with late or incorrect timesheets; payroll recalculations evaluate the hr solutions company paylocity on hr software",0,4,0,5.5
"i am a 25-34, 35-44, 45-54, or 55-64 year old chief human resources officer, hr director, or hr manager. my job seniority is at the director, vp, executive, or partner level. i work at a company with 250-1k employees. my main motivations: focused on building a high-trust, high-performance culture. they lead with business-first thinking that balances data and humanity. they want to speed up hiring, lift company engagement, curb employee attrition, and scale manager capability. they want to offer competitive benefits to attract and retain talent. they want greater vendor dependability and have high expectations on vendor security protocols. my main pain points: trouble staying up to date with workforce trends; spending too much time handling hr questions from employees; headcount volatility and inconsistent managers; weak tech integrations and fragmented systems; staying up to date with changing government regulations; maintaining organizational compliance; employee training inconsistencies; weak employee engagement; poor benefits usage; poor change management; tight payroll processing windows with late or incorrect timesheets; payroll recalculations evaluate the hr solutions company paylocity on payroll",0,1,0,5
"i am a 25-34, 35-44, 45-54, or 55-64 year old chief human resources officer, hr director, or hr manager. my job seniority is at the director, vp, executive, or partner level. i work at a company with 250-1k employees. my main motivations: focused on building a high-trust, high-performance culture. they lead with business-first thinking that balances data and humanity. they want to speed up hiring, lift company engagement, curb employee attrition, and scale manager capability. they want to offer competitive benefits to attract and retain talent. they want greater vendor dependability and have high expectations on vendor security protocols. my main pain points: trouble staying up to date with workforce trends; spending too much time handling hr questions from employees; headcount volatility and inconsistent managers; weak tech integrations and fragmented systems; staying up to date with changing government regulations; maintaining organizational compliance; employee training inconsistencies; weak employee engagement; poor benefits usage; poor change management; tight payroll processing windows with late or incorrect timesheets; payroll recalculations evaluate the hr solutions company paylocity on payroll for small business",0,9,0,3.2
"i am a 25-34, 35-44, 45-54, or 55-64 year old chief human resources officer, hr director, or hr manager. my job seniority is at the director, vp, executive, or partner level. i work at a company with 250-1k employees. my main motivations: focused on building a high-trust, high-performance culture. they lead with business-first thinking that balances data and humanity. they want to speed up hiring, lift company engagement, curb employee attrition, and scale manager capability. they want to offer competitive benefits to attract and retain talent. they want greater vendor dependability and have high expectations on vendor security protocols. my main pain points: trouble staying up to date with workforce trends; spending too much time handling hr questions from employees; headcount volatility and inconsistent managers; weak tech integrations and fragmented systems; staying up to date with changing government regulations; maintaining organizational compliance; employee training inconsistencies; weak employee engagement; poor benefits usage; poor change management; tight payroll processing windows with late or incorrect timesheets; payroll recalculations evaluate the hr solutions company paylocity on payroll for startup",0,3,0,1.3
"i am a 25-34, 35-44, 45-54, or 55-64 year old chief human resources officer, hr director, or hr manager. my job seniority is at the director, vp, executive, or partner level. i work at a company with 250-1k employees. my main motivations: focused on building a high-trust, high-performance culture. they lead with business-first thinking that balances data and humanity. they want to speed up hiring, lift company engagement, curb employee attrition, and scale manager capability. they want to offer competitive benefits to attract and retain talent. they want greater vendor dependability and have high expectations on vendor security protocols. my main pain points: trouble staying up to date with workforce trends; spending too much time handling hr questions from employees; headcount volatility and inconsistent managers; weak tech integrations and fragmented systems; staying up to date with changing government regulations; maintaining organizational compliance; employee training inconsistencies; weak employee engagement; poor benefits usage; poor change management; tight payroll processing windows with late or incorrect timesheets; payroll recalculations evaluate the hr solutions company paylocity on payroll provider for 1,100 employees",0,42,0,2.5
"i am a 25-34, 35-44, 45-54, or 55-64 year old chief human resources officer, hr director, or hr manager. my job seniority is at the director, vp, executive, or partner level. i work at a company with 250-1k employees. my main motivations: focused on building a high-trust, high-performance culture. they lead with business-first thinking that balances data and humanity. they want to speed up hiring, lift company engagement, curb employee attrition, and scale manager capability. they want to offer competitive benefits to attract and retain talent. they want greater vendor dependability and have high expectations on vendor security protocols. my main pain points: trouble staying up to date with workforce trends; spending too much time handling hr questions from employees; headcount volatility and inconsistent managers; weak tech integrations and fragmented systems; staying up to date with changing government regulations; maintaining organizational compliance; employee training inconsistencies; weak employee engagement; poor benefits usage; poor change management; tight payroll processing windows with late or incorrect timesheets; payroll recalculations evaluate the hr solutions company paylocity on payroll provider for 250 employees",0,3,0,2.3
"i am a 25-34, 35-44, 45-54, or 55-64 year old chief human resources officer, hr director, or hr manager. my job seniority is at the director, vp, executive, or partner level. i work at a company with 250-1k employees. my main motivations: focused on building a high-trust, high-performance culture. they lead with business-first thinking that balances data and humanity. they want to speed up hiring, lift company engagement, curb employee attrition, and scale manager capability. they want to offer competitive benefits to attract and retain talent. they want greater vendor dependability and have high expectations on vendor security protocols. my main pain points: trouble staying up to date with workforce trends; spending too much time handling hr questions from employees; headcount volatility and inconsistent managers; weak tech integrations and fragmented systems; staying up to date with changing government regulations; maintaining organizational compliance; employee training inconsistencies; weak employee engagement; poor benefits usage; poor change management; tight payroll processing windows with late or incorrect timesheets; payroll recalculations evaluate the hr solutions company ukg on customer support",0,1,0,10
"i am a 25-34, 35-44, 45-54, or 55-64 year old chief human resources officer, hr director, or hr manager. my job seniority is at the director, vp, executive, or partner level. i work at a company with 250-1k employees. my main motivations: focused on building a high-trust, high-performance culture. they lead with business-first thinking that balances data and humanity. they want to speed up hiring, lift company engagement, curb employee attrition, and scale manager capability. they want to offer competitive benefits to attract and retain talent. they want greater vendor dependability and have high expectations on vendor security protocols. my main pain points: trouble staying up to date with workforce trends; spending too much time handling hr questions from employees; headcount volatility and inconsistent managers; weak tech integrations and fragmented systems; staying up to date with changing government regulations; maintaining organizational compliance; employee training inconsistencies; weak employee engagement; poor benefits usage; poor change management; tight payroll processing windows with late or incorrect timesheets; payroll recalculations evaluate the hr solutions company ukg on global payroll solutions",0,1,0,1
"i am a 25-34, 35-44, 45-54, or 55-64 year old chief human resources officer, hr director, or hr manager. my job seniority is at the director, vp, executive, or partner level. i work at a company with 250-1k employees. my main motivations: focused on building a high-trust, high-performance culture. they lead with business-first thinking that balances data and humanity. they want to speed up hiring, lift company engagement, curb employee attrition, and scale manager capability. they want to offer competitive benefits to attract and retain talent. they want greater vendor dependability and have high expectations on vendor security protocols. my main pain points: trouble staying up to date with workforce trends; spending too much time handling hr questions from employees; headcount volatility and inconsistent managers; weak tech integrations and fragmented systems; staying up to date with changing government regulations; maintaining organizational compliance; employee training inconsistencies; weak employee engagement; poor benefits usage; poor change management; tight payroll processing windows with late or incorrect timesheets; payroll recalculations evaluate the hr solutions company ukg on hr",0,22,0,4.2
"i am a 25-34, 35-44, 45-54, or 55-64 year old chief human resources officer, hr director, or hr manager. my job seniority is at the director, vp, executive, or partner level. i work at a company with 250-1k employees. my main motivations: focused on building a high-trust, high-performance culture. they lead with business-first thinking that balances data and humanity. they want to speed up hiring, lift company engagement, curb employee attrition, and scale manager capability. they want to offer competitive benefits to attract and retain talent. they want greater vendor dependability and have high expectations on vendor security protocols. my main pain points: trouble staying up to date with workforce trends; spending too much time handling hr questions from employees; headcount volatility and inconsistent managers; weak tech integrations and fragmented systems; staying up to date with changing government regulations; maintaining organizational compliance; employee training inconsistencies; weak employee engagement; poor benefits usage; poor change management; tight payroll processing windows with late or incorrect timesheets; payroll recalculations evaluate the hr solutions company ukg on hr software",0,16,0,6
"i am a 25-34, 35-44, 45-54, or 55-64 year old chief human resources officer, hr director, or hr manager. my job seniority is at the director, vp, executive, or partner level. i work at a company with 250-1k employees. my main motivations: focused on building a high-trust, high-performance culture. they lead with business-first thinking that balances data and humanity. they want to speed up hiring, lift company engagement, curb employee attrition, and scale manager capability. they want to offer competitive benefits to attract and retain talent. they want greater vendor dependability and have high expectations on vendor security protocols. my main pain points: trouble staying up to date with workforce trends; spending too much time handling hr questions from employees; headcount volatility and inconsistent managers; weak tech integrations and fragmented systems; staying up to date with changing government regulations; maintaining organizational compliance; employee training inconsistencies; weak employee engagement; poor benefits usage; poor change management; tight payroll processing windows with late or incorrect timesheets; payroll recalculations evaluate the hr solutions company ukg on payroll",0,6,0,4.5
"i am a 25-34, 35-44, 45-54, or 55-64 year old chief human resources officer, hr director, or hr manager. my job seniority is at the director, vp, executive, or partner level. i work at a company with 250-1k employees. my main motivations: focused on building a high-trust, high-performance culture. they lead with business-first thinking that balances data and humanity. they want to speed up hiring, lift company engagement, curb employee attrition, and scale manager capability. they want to offer competitive benefits to attract and retain talent. they want greater vendor dependability and have high expectations on vendor security protocols. my main pain points: trouble staying up to date with workforce trends; spending too much time handling hr questions from employees; headcount volatility and inconsistent managers; weak tech integrations and fragmented systems; staying up to date with changing government regulations; maintaining organizational compliance; employee training inconsistencies; weak employee engagement; poor benefits usage; poor change management; tight payroll processing windows with late or incorrect timesheets; payroll recalculations evaluate the hr solutions company ukg on payroll for small business (target)",0,1,0,1
"i am a 25-34, 35-44, 45-54, or 55-64 year old chief human resources officer, hr director, or hr manager. my job seniority is at the director, vp, executive, or partner level. i work at a company with 250-1k employees. my main motivations: focused on building a high-trust, high-performance culture. they lead with business-first thinking that balances data and humanity. they want to speed up hiring, lift company engagement, curb employee attrition, and scale manager capability. they want to offer competitive benefits to attract and retain talent. they want greater vendor dependability and have high expectations on vendor security protocols. my main pain points: trouble staying up to date with workforce trends; spending too much time handling hr questions from employees; headcount volatility and inconsistent managers; weak tech integrations and fragmented systems; staying up to date with changing government regulations; maintaining organizational compliance; employee training inconsistencies; weak employee engagement; poor benefits usage; poor change management; tight payroll processing windows with late or incorrect timesheets; payroll recalculations evaluate the hr solutions company ukg on payroll for startup",0,20,0,4.2
"i am a 25-34, 35-44, 45-54, or 55-64 year old chief human resources officer, hr director, or hr manager. my job seniority is at the director, vp, executive, or partner level. i work at a company with 250-1k employees. my main motivations: focused on building a high-trust, high-performance culture. they lead with business-first thinking that balances data and humanity. they want to speed up hiring, lift company engagement, curb employee attrition, and scale manager capability. they want to offer competitive benefits to attract and retain talent. they want greater vendor dependability and have high expectations on vendor security protocols. my main pain points: trouble staying up to date with workforce trends; spending too much time handling hr questions from employees; headcount volatility and inconsistent managers; weak tech integrations and fragmented systems; staying up to date with changing government regulations; maintaining organizational compliance; employee training inconsistencies; weak employee engagement; poor benefits usage; poor change management; tight payroll processing windows with late or incorrect timesheets; payroll recalculations evaluate the hr solutions company ukg on payroll provider for 1,100 employees",0,36,0,3.5
"i am a 25-34, 35-44, 45-54, or 55-64 year old chief human resources officer, hr director, or hr manager. my job seniority is at the director, vp, executive, or partner level. i work at a company with 250-1k employees. my main motivations: focused on building a high-trust, high-performance culture. they lead with business-first thinking that balances data and humanity. they want to speed up hiring, lift company engagement, curb employee attrition, and scale manager capability. they want to offer competitive benefits to attract and retain talent. they want greater vendor dependability and have high expectations on vendor security protocols. my main pain points: trouble staying up to date with workforce trends; spending too much time handling hr questions from employees; headcount volatility and inconsistent managers; weak tech integrations and fragmented systems; staying up to date with changing government regulations; maintaining organizational compliance; employee training inconsistencies; weak employee engagement; poor benefits usage; poor change management; tight payroll processing windows with late or incorrect timesheets; payroll recalculations evaluate the hr solutions company ukg on payroll provider for 250 employees",0,17,0,4
"i am a 25-34, 35-44, 45-54, or 55-64 year old chief human resources officer, hr director, or hr manager. my job seniority is at the director, vp, executive, or partner level. i work at a company with 250-1k employees. my main motivations: focused on building a high-trust, high-performance culture. they lead with business-first thinking that balances data and humanity. they want to speed up hiring, lift company engagement, curb employee attrition, and scale manager capability. they want to offer competitive benefits to attract and retain talent. they want greater vendor dependability and have high expectations on vendor security protocols. my main pain points: trouble staying up to date with workforce trends; spending too much time handling hr questions from employees; headcount volatility and inconsistent managers; weak tech integrations and fragmented systems; staying up to date with changing government regulations; maintaining organizational compliance; employee training inconsistencies; weak employee engagement; poor benefits usage; poor change management; tight payroll processing windows with late or incorrect timesheets; payroll recalculations evaluate the hr solutions company workday on customer support",0,1,0,5
"i am a 25-34, 35-44, 45-54, or 55-64 year old chief human resources officer, hr director, or hr manager. my job seniority is at the director, vp, executive, or partner level. i work at a company with 250-1k employees. my main motivations: focused on building a high-trust, high-performance culture. they lead with business-first thinking that balances data and humanity. they want to speed up hiring, lift company engagement, curb employee attrition, and scale manager capability. they want to offer competitive benefits to attract and retain talent. they want greater vendor dependability and have high expectations on vendor security protocols. my main pain points: trouble staying up to date with workforce trends; spending too much time handling hr questions from employees; headcount volatility and inconsistent managers; weak tech integrations and fragmented systems; staying up to date with changing government regulations; maintaining organizational compliance; employee training inconsistencies; weak employee engagement; poor benefits usage; poor change management; tight payroll processing windows with late or incorrect timesheets; payroll recalculations how easy is it to switch to adp",0,1,0,4
"i am a 25-34, 35-44, 45-54, or 55-64 year old chief human resources officer, hr director, or hr manager. my job seniority is at the director, vp, executive, or partner level. i work at a company with 250-1k employees. my main motivations: focused on building a high-trust, high-performance culture. they lead with business-first thinking that balances data and humanity. they want to speed up hiring, lift company engagement, curb employee attrition, and scale manager capability. they want to offer competitive benefits to attract and retain talent. they want greater vendor dependability and have high expectations on vendor security protocols. my main pain points: trouble staying up to date with workforce trends; spending too much time handling hr questions from employees; headcount volatility and inconsistent managers; weak tech integrations and fragmented systems; staying up to date with changing government regulations; maintaining organizational compliance; employee training inconsistencies; weak employee engagement; poor benefits usage; poor change management; tight payroll processing windows with late or incorrect timesheets; payroll recalculations top global hcm for hr analytics across countries",0,1,0,10
"i am a 25-34, 35-44, 45-54, or 55-64 year old chief human resources officer, hr director, or hr manager. my job seniority is at the director, vp, executive, or partner level. i work at a company with 250-1k employees. my main motivations: focused on building a high-trust, high-performance culture. they lead with business-first thinking that balances data and humanity. they want to speed up hiring, lift company engagement, curb employee attrition, and scale manager capability. they want to offer competitive benefits to attract and retain talent. they want greater vendor dependability and have high expectations on vendor security protocols. my main pain points: trouble staying up to date with workforce trends; spending too much time handling hr questions from employees; headcount volatility and inconsistent managers; weak tech integrations and fragmented systems; staying up to date with changing government regulations; maintaining organizational compliance; employee training inconsistencies; weak employee engagement; poor benefits usage; poor change management; tight payroll processing windows with late or incorrect timesheets; payroll recalculations top hcm platforms for managing multiple business units and employee populations?",0,2,0,11
"i am a 25-34, 35-44, 45-54, or 55-64 year old chief human resources officer, hr director, or hr manager. my job seniority is at the director, vp, executive, or partner level. i work at a company with 250-1k employees. my main motivations: focused on building a high-trust, high-performance culture. they lead with business-first thinking that balances data and humanity. they want to speed up hiring, lift company engagement, curb employee attrition, and scale manager capability. they want to offer competitive benefits to attract and retain talent. they want greater vendor dependability and have high expectations on vendor security protocols. my main pain points: trouble staying up to date with workforce trends; spending too much time handling hr questions from employees; headcount volatility and inconsistent managers; weak tech integrations and fragmented systems; staying up to date with changing government regulations; maintaining organizational compliance; employee training inconsistencies; weak employee engagement; poor benefits usage; poor change management; tight payroll processing windows with late or incorrect timesheets; payroll recalculations top hr management software",0,1,0,5
"i am a 25-34, 35-44, 45-54, or 55-64 year old chief human resources officer, hr director, or hr manager. my job seniority is at the director, vp, executive, or partner level. i work at a company with 250-1k employees. my main motivations: focused on building a high-trust, high-performance culture. they lead with business-first thinking that balances data and humanity. they want to speed up hiring, lift company engagement, curb employee attrition, and scale manager capability. they want to offer competitive benefits to attract and retain talent. they want greater vendor dependability and have high expectations on vendor security protocols. my main pain points: trouble staying up to date with workforce trends; spending too much time handling hr questions from employees; headcount volatility and inconsistent managers; weak tech integrations and fragmented systems; staying up to date with changing government regulations; maintaining organizational compliance; employee training inconsistencies; weak employee engagement; poor benefits usage; poor change management; tight payroll processing windows with late or incorrect timesheets; payroll recalculations top rated hcm platforms",0,1,0,8
"i am a 25-34, 35-44, 45-54, or 55-64 year old chief human resources officer, hr director, or hr manager. my job seniority is at the director, vp, executive, or partner level. i work at a company with 250-1k employees. my main motivations: focused on building a high-trust, high-performance culture. they lead with business-first thinking that balances data and humanity. they want to speed up hiring, lift company engagement, curb employee attrition, and scale manager capability. they want to offer competitive benefits to attract and retain talent. they want greater vendor dependability and have high expectations on vendor security protocols. my main pain points: trouble staying up to date with workforce trends; spending too much time handling hr questions from employees; headcount volatility and inconsistent managers; weak tech integrations and fragmented systems; staying up to date with changing government regulations; maintaining organizational compliance; employee training inconsistencies; weak employee engagement; poor benefits usage; poor change management; tight payroll processing windows with late or incorrect timesheets; payroll recalculations what are the best global hcm solutions for accessing workforce benchmarks by country, industry, role, and company size?",0,1,0,11
"i am a 25-34, 35-44, 45-54, or 55-64 year old chief human resources officer, hr director, or hr manager. my job seniority is at the director, vp, executive, or partner level. i work at a company with 250-1k employees. my main motivations: focused on building a high-trust, high-performance culture. they lead with business-first thinking that balances data and humanity. they want to speed up hiring, lift company engagement, curb employee attrition, and scale manager capability. they want to offer competitive benefits to attract and retain talent. they want greater vendor dependability and have high expectations on vendor security protocols. my main pain points: trouble staying up to date with workforce trends; spending too much time handling hr questions from employees; headcount volatility and inconsistent managers; weak tech integrations and fragmented systems; staying up to date with changing government regulations; maintaining organizational compliance; employee training inconsistencies; weak employee engagement; poor benefits usage; poor change management; tight payroll processing windows with late or incorrect timesheets; payroll recalculations what are the best global hcm solutions for managing an international workforce?",0,1,0,10
"i am a 25-34, 35-44, 45-54, or 55-64 year old chief human resources officer, hr director, or hr manager. my job seniority is at the director, vp, executive, or partner level. i work at a company with 250-1k employees. my main motivations: focused on building a high-trust, high-performance culture. they lead with business-first thinking that balances data and humanity. they want to speed up hiring, lift company engagement, curb employee attrition, and scale manager capability. they want to offer competitive benefits to attract and retain talent. they want greater vendor dependability and have high expectations on vendor security protocols. my main pain points: trouble staying up to date with workforce trends; spending too much time handling hr questions from employees; headcount volatility and inconsistent managers; weak tech integrations and fragmented systems; staying up to date with changing government regulations; maintaining organizational compliance; employee training inconsistencies; weak employee engagement; poor benefits usage; poor change management; tight payroll processing windows with late or incorrect timesheets; payroll recalculations what are the best hcm platforms",0,1,0,3
"i am a 25-34, 35-44, 45-54, or 55-64 year old chief human resources officer, hr director, or hr manager. my job seniority is at the director, vp, executive, or partner level. i work at a company with 250-1k employees. my main motivations: focused on building a high-trust, high-performance culture. they lead with business-first thinking that balances data and humanity. they want to speed up hiring, lift company engagement, curb employee attrition, and scale manager capability. they want to offer competitive benefits to attract and retain talent. they want greater vendor dependability and have high expectations on vendor security protocols. my main pain points: trouble staying up to date with workforce trends; spending too much time handling hr questions from employees; headcount volatility and inconsistent managers; weak tech integrations and fragmented systems; staying up to date with changing government regulations; maintaining organizational compliance; employee training inconsistencies; weak employee engagement; poor benefits usage; poor change management; tight payroll processing windows with late or incorrect timesheets; payroll recalculations what are the best hcm platforms for automating repetitive hr tasks and workflows?",0,2,0,9
"i am a 25-34, 35-44, 45-54, or 55-64 year old chief human resources officer, hr director, or hr manager. my job seniority is at the director, vp, executive, or partner level. i work at a company with 250-1k employees. my main motivations: focused on building a high-trust, high-performance culture. they lead with business-first thinking that balances data and humanity. they want to speed up hiring, lift company engagement, curb employee attrition, and scale manager capability. they want to offer competitive benefits to attract and retain talent. they want greater vendor dependability and have high expectations on vendor security protocols. my main pain points: trouble staying up to date with workforce trends; spending too much time handling hr questions from employees; headcount volatility and inconsistent managers; weak tech integrations and fragmented systems; staying up to date with changing government regulations; maintaining organizational compliance; employee training inconsistencies; weak employee engagement; poor benefits usage; poor change management; tight payroll processing windows with late or incorrect timesheets; payroll recalculations what are the best hcm platforms for benchmarking workforce performance",0,1,0,9
"i am a 25-34, 35-44, 45-54, or 55-64 year old chief human resources officer, hr director, or hr manager. my job seniority is at the director, vp, executive, or partner level. i work at a company with 250-1k employees. my main motivations: focused on building a high-trust, high-performance culture. they lead with business-first thinking that balances data and humanity. they want to speed up hiring, lift company engagement, curb employee attrition, and scale manager capability. they want to offer competitive benefits to attract and retain talent. they want greater vendor dependability and have high expectations on vendor security protocols. my main pain points: trouble staying up to date with workforce trends; spending too much time handling hr questions from employees; headcount volatility and inconsistent managers; weak tech integrations and fragmented systems; staying up to date with changing government regulations; maintaining organizational compliance; employee training inconsistencies; weak employee engagement; poor benefits usage; poor change management; tight payroll processing windows with late or incorrect timesheets; payroll recalculations what are the best hcm platforms for complex organizations?",0,4,0,8.5
"i am a 25-34, 35-44, 45-54, or 55-64 year old chief human resources officer, hr director, or hr manager. my job seniority is at the director, vp, executive, or partner level. i work at a company with 250-1k employees. my main motivations: focused on building a high-trust, high-performance culture. they lead with business-first thinking that balances data and humanity. they want to speed up hiring, lift company engagement, curb employee attrition, and scale manager capability. they want to offer competitive benefits to attract and retain talent. they want greater vendor dependability and have high expectations on vendor security protocols. my main pain points: trouble staying up to date with workforce trends; spending too much time handling hr questions from employees; headcount volatility and inconsistent managers; weak tech integrations and fragmented systems; staying up to date with changing government regulations; maintaining organizational compliance; employee training inconsistencies; weak employee engagement; poor benefits usage; poor change management; tight payroll processing windows with late or incorrect timesheets; payroll recalculations what are the best hcm platforms for managing large, complex workforces across multiple countries?",0,1,0,11
"i am a 25-34, 35-44, 45-54, or 55-64 year old chief human resources officer, hr director, or hr manager. my job seniority is at the director, vp, executive, or partner level. i work at a company with 250-1k employees. my main motivations: focused on building a high-trust, high-performance culture. they lead with business-first thinking that balances data and humanity. they want to speed up hiring, lift company engagement, curb employee attrition, and scale manager capability. they want to offer competitive benefits to attract and retain talent. they want greater vendor dependability and have high expectations on vendor security protocols. my main pain points: trouble staying up to date with workforce trends; spending too much time handling hr questions from employees; headcount volatility and inconsistent managers; weak tech integrations and fragmented systems; staying up to date with changing government regulations; maintaining organizational compliance; employee training inconsistencies; weak employee engagement; poor benefits usage; poor change management; tight payroll processing windows with late or incorrect timesheets; payroll recalculations what are the best hcm platforms for providing compensation, benefits, and workforce data against benchmarks?",0,1,0,9
"i am a 25-34, 35-44, 45-54, or 55-64 year old chief human resources officer, hr director, or hr manager. my job seniority is at the director, vp, executive, or partner level. i work at a company with 250-1k employees. my main motivations: focused on building a high-trust, high-performance culture. they lead with business-first thinking that balances data and humanity. they want to speed up hiring, lift company engagement, curb employee attrition, and scale manager capability. they want to offer competitive benefits to attract and retain talent. they want greater vendor dependability and have high expectations on vendor security protocols. my main pain points: trouble staying up to date with workforce trends; spending too much time handling hr questions from employees; headcount volatility and inconsistent managers; weak tech integrations and fragmented systems; staying up to date with changing government regulations; maintaining organizational compliance; employee training inconsistencies; weak employee engagement; poor benefits usage; poor change management; tight payroll processing windows with late or incorrect timesheets; payroll recalculations what are the best hcm platforms for scaling my business",0,4,0,11.2
"i am a 25-34, 35-44, 45-54, or 55-64 year old chief human resources officer, hr director, or hr manager. my job seniority is at the director, vp, executive, or partner level. i work at a company with 250-1k employees. my main motivations: focused on building a high-trust, high-performance culture. they lead with business-first thinking that balances data and humanity. they want to speed up hiring, lift company engagement, curb employee attrition, and scale manager capability. they want to offer competitive benefits to attract and retain talent. they want greater vendor dependability and have high expectations on vendor security protocols. my main pain points: trouble staying up to date with workforce trends; spending too much time handling hr questions from employees; headcount volatility and inconsistent managers; weak tech integrations and fragmented systems; staying up to date with changing government regulations; maintaining organizational compliance; employee training inconsistencies; weak employee engagement; poor benefits usage; poor change management; tight payroll processing windows with late or incorrect timesheets; payroll recalculations what are the best hcm platforms for unifying employee data across payroll, benefits, talent, and workforce management?",0,1,0,15
"i am a 25-34, 35-44, 45-54, or 55-64 year old chief human resources officer, hr director, or hr manager. my job seniority is at the director, vp, executive, or partner level. i work at a company with 250-1k employees. my main motivations: focused on building a high-trust, high-performance culture. they lead with business-first thinking that balances data and humanity. they want to speed up hiring, lift company engagement, curb employee attrition, and scale manager capability. they want to offer competitive benefits to attract and retain talent. they want greater vendor dependability and have high expectations on vendor security protocols. my main pain points: trouble staying up to date with workforce trends; spending too much time handling hr questions from employees; headcount volatility and inconsistent managers; weak tech integrations and fragmented systems; staying up to date with changing government regulations; maintaining organizational compliance; employee training inconsistencies; weak employee engagement; poor benefits usage; poor change management; tight payroll processing windows with late or incorrect timesheets; payroll recalculations what are the best hcm providers for complex workforce support needs",0,5,0,5.4
"i am a 25-34, 35-44, 45-54, or 55-64 year old chief human resources officer, hr director, or hr manager. my job seniority is at the director, vp, executive, or partner level. i work at a company with 250-1k employees. my main motivations: focused on building a high-trust, high-performance culture. they lead with business-first thinking that balances data and humanity. they want to speed up hiring, lift company engagement, curb employee attrition, and scale manager capability. they want to offer competitive benefits to attract and retain talent. they want greater vendor dependability and have high expectations on vendor security protocols. my main pain points: trouble staying up to date with workforce trends; spending too much time handling hr questions from employees; headcount volatility and inconsistent managers; weak tech integrations and fragmented systems; staying up to date with changing government regulations; maintaining organizational compliance; employee training inconsistencies; weak employee engagement; poor benefits usage; poor change management; tight payroll processing windows with late or incorrect timesheets; payroll recalculations what are the best hcm providers for employee and manager self-service?",0,1,0,2
"i am a 25-34, 35-44, 45-54, or 55-64 year old chief human resources officer, hr director, or hr manager. my job seniority is at the director, vp, executive, or partner level. i work at a company with 250-1k employees. my main motivations: focused on building a high-trust, high-performance culture. they lead with business-first thinking that balances data and humanity. they want to speed up hiring, lift company engagement, curb employee attrition, and scale manager capability. they want to offer competitive benefits to attract and retain talent. they want greater vendor dependability and have high expectations on vendor security protocols. my main pain points: trouble staying up to date with workforce trends; spending too much time handling hr questions from employees; headcount volatility and inconsistent managers; weak tech integrations and fragmented systems; staying up to date with changing government regulations; maintaining organizational compliance; employee training inconsistencies; weak employee engagement; poor benefits usage; poor change management; tight payroll processing windows with late or incorrect timesheets; payroll recalculations what are the best hcm providers for enabling employee and manager self-service across countries?",0,1,0,11
"i am a 25-34, 35-44, 45-54, or 55-64 year old chief human resources officer, hr director, or hr manager. my job seniority is at the director, vp, executive, or partner level. i work at a company with 250-1k employees. my main motivations: focused on building a high-trust, high-performance culture. they lead with business-first thinking that balances data and humanity. they want to speed up hiring, lift company engagement, curb employee attrition, and scale manager capability. they want to offer competitive benefits to attract and retain talent. they want greater vendor dependability and have high expectations on vendor security protocols. my main pain points: trouble staying up to date with workforce trends; spending too much time handling hr questions from employees; headcount volatility and inconsistent managers; weak tech integrations and fragmented systems; staying up to date with changing government regulations; maintaining organizational compliance; employee training inconsistencies; weak employee engagement; poor benefits usage; poor change management; tight payroll processing windows with late or incorrect timesheets; payroll recalculations what are the best hcm providers for hands-on implementation and ongoing customer support?",0,1,0,2
"i am a 25-34, 35-44, 45-54, or 55-64 year old chief human resources officer, hr director, or hr manager. my job seniority is at the director, vp, executive, or partner level. i work at a company with 250-1k employees. my main motivations: focused on building a high-trust, high-performance culture. they lead with business-first thinking that balances data and humanity. they want to speed up hiring, lift company engagement, curb employee attrition, and scale manager capability. they want to offer competitive benefits to attract and retain talent. they want greater vendor dependability and have high expectations on vendor security protocols. my main pain points: trouble staying up to date with workforce trends; spending too much time handling hr questions from employees; headcount volatility and inconsistent managers; weak tech integrations and fragmented systems; staying up to date with changing government regulations; maintaining organizational compliance; employee training inconsistencies; weak employee engagement; poor benefits usage; poor change management; tight payroll processing windows with late or incorrect timesheets; payroll recalculations what are the best hcm providers for international implementation and ongoing support?",0,3,0,9
"i am a 25-34, 35-44, 45-54, or 55-64 year old chief human resources officer, hr director, or hr manager. my job seniority is at the director, vp, executive, or partner level. i work at a company with 250-1k employees. my main motivations: focused on building a high-trust, high-performance culture. they lead with business-first thinking that balances data and humanity. they want to speed up hiring, lift company engagement, curb employee attrition, and scale manager capability. they want to offer competitive benefits to attract and retain talent. they want greater vendor dependability and have high expectations on vendor security protocols. my main pain points: trouble staying up to date with workforce trends; spending too much time handling hr questions from employees; headcount volatility and inconsistent managers; weak tech integrations and fragmented systems; staying up to date with changing government regulations; maintaining organizational compliance; employee training inconsistencies; weak employee engagement; poor benefits usage; poor change management; tight payroll processing windows with late or incorrect timesheets; payroll recalculations what are the best hr platforms for predictive workforce insights?",0,2,0,2
"i am a 25-34, 35-44, 45-54, or 55-64 year old chief human resources officer, hr director, or hr manager. my job seniority is at the director, vp, executive, or partner level. i work at a company with 250-1k employees. my main motivations: focused on building a high-trust, high-performance culture. they lead with business-first thinking that balances data and humanity. they want to speed up hiring, lift company engagement, curb employee attrition, and scale manager capability. they want to offer competitive benefits to attract and retain talent. they want greater vendor dependability and have high expectations on vendor security protocols. my main pain points: trouble staying up to date with workforce trends; spending too much time handling hr questions from employees; headcount volatility and inconsistent managers; weak tech integrations and fragmented systems; staying up to date with changing government regulations; maintaining organizational compliance; employee training inconsistencies; weak employee engagement; poor benefits usage; poor change management; tight payroll processing windows with late or incorrect timesheets; payroll recalculations what are the best hr providers for helping organizations establish consistent hr processes?",0,2,0,9
"i am a 25-34, 35-44, 45-54, or 55-64 year old chief human resources officer, hr director, or hr manager. my job seniority is at the director, vp, executive, or partner level. i work at a company with 250-1k employees. my main motivations: focused on building a high-trust, high-performance culture. they lead with business-first thinking that balances data and humanity. they want to speed up hiring, lift company engagement, curb employee attrition, and scale manager capability. they want to offer competitive benefits to attract and retain talent. they want greater vendor dependability and have high expectations on vendor security protocols. my main pain points: trouble staying up to date with workforce trends; spending too much time handling hr questions from employees; headcount volatility and inconsistent managers; weak tech integrations and fragmented systems; staying up to date with changing government regulations; maintaining organizational compliance; employee training inconsistencies; weak employee engagement; poor benefits usage; poor change management; tight payroll processing windows with late or incorrect timesheets; payroll recalculations what are the top global hcm platforms for standardizing hr operations across countries?",0,2,0,1.5
"i am a 25-34, 35-44, 45-54, or 55-64 year old chief human resources officer, hr director, or hr manager. my job seniority is at the director, vp, executive, or partner level. i work at a company with 250-1k employees. my main motivations: focused on building a high-trust, high-performance culture. they lead with business-first thinking that balances data and humanity. they want to speed up hiring, lift company engagement, curb employee attrition, and scale manager capability. they want to offer competitive benefits to attract and retain talent. they want greater vendor dependability and have high expectations on vendor security protocols. my main pain points: trouble staying up to date with workforce trends; spending too much time handling hr questions from employees; headcount volatility and inconsistent managers; weak tech integrations and fragmented systems; staying up to date with changing government regulations; maintaining organizational compliance; employee training inconsistencies; weak employee engagement; poor benefits usage; poor change management; tight payroll processing windows with late or incorrect timesheets; payroll recalculations what are the top hcm platforms for using ai to improve hr productivity?",0,1,0,12
"i am a 25-34, 35-44, 45-54, or 55-64 year old chief human resources officer, hr director, or hr manager. my job seniority is at the director, vp, executive, or partner level. i work at a company with 250-1k employees. my main motivations: focused on building a high-trust, high-performance culture. they lead with business-first thinking that balances data and humanity. they want to speed up hiring, lift company engagement, curb employee attrition, and scale manager capability. they want to offer competitive benefits to attract and retain talent. they want greater vendor dependability and have high expectations on vendor security protocols. my main pain points: trouble staying up to date with workforce trends; spending too much time handling hr questions from employees; headcount volatility and inconsistent managers; weak tech integrations and fragmented systems; staying up to date with changing government regulations; maintaining organizational compliance; employee training inconsistencies; weak employee engagement; poor benefits usage; poor change management; tight payroll processing windows with late or incorrect timesheets; payroll recalculations what are the top hcm software providers for multinational organizations?",0,1,0,15
"i am a 25-34, 35-44, 45-54, or 55-64 year old chief human resources officer, hr director, or hr manager. my job seniority is at the director, vp, executive, or partner level. i work at a company with 250-1k employees. my main motivations: focused on building a high-trust, high-performance culture. they lead with business-first thinking that balances data and humanity. they want to speed up hiring, lift company engagement, curb employee attrition, and scale manager capability. they want to offer competitive benefits to attract and retain talent. they want greater vendor dependability and have high expectations on vendor security protocols. my main pain points: trouble staying up to date with workforce trends; spending too much time handling hr questions from employees; headcount volatility and inconsistent managers; weak tech integrations and fragmented systems; staying up to date with changing government regulations; maintaining organizational compliance; employee training inconsistencies; weak employee engagement; poor benefits usage; poor change management; tight payroll processing windows with late or incorrect timesheets; payroll recalculations what are the top hcm solutions for connecting hr, payroll, time, benefits, and talent data?",0,1,0,1
"i am a 25-34, 35-44, 45-54, or 55-64 year old chief human resources officer, hr director, or hr manager. my job seniority is at the director, vp, executive, or partner level. i work at a company with 250-1k employees. my main motivations: focused on building a high-trust, high-performance culture. they lead with business-first thinking that balances data and humanity. they want to speed up hiring, lift company engagement, curb employee attrition, and scale manager capability. they want to offer competitive benefits to attract and retain talent. they want greater vendor dependability and have high expectations on vendor security protocols. my main pain points: trouble staying up to date with workforce trends; spending too much time handling hr questions from employees; headcount volatility and inconsistent managers; weak tech integrations and fragmented systems; staying up to date with changing government regulations; maintaining organizational compliance; employee training inconsistencies; weak employee engagement; poor benefits usage; poor change management; tight payroll processing windows with late or incorrect timesheets; payroll recalculations what are the top hcm solutions for consolidating hr systems?",0,1,0,7
"i am a 25-34, 35-44, 45-54, or 55-64 year old chief human resources officer, hr director, or hr manager. my job seniority is at the director, vp, executive, or partner level. i work at a company with 250-1k employees. my main motivations: focused on building a high-trust, high-performance culture. they lead with business-first thinking that balances data and humanity. they want to speed up hiring, lift company engagement, curb employee attrition, and scale manager capability. they want to offer competitive benefits to attract and retain talent. they want greater vendor dependability and have high expectations on vendor security protocols. my main pain points: trouble staying up to date with workforce trends; spending too much time handling hr questions from employees; headcount volatility and inconsistent managers; weak tech integrations and fragmented systems; staying up to date with changing government regulations; maintaining organizational compliance; employee training inconsistencies; weak employee engagement; poor benefits usage; poor change management; tight payroll processing windows with late or incorrect timesheets; payroll recalculations what are the top hcm solutions for unifying hr, payroll, time, benefits, and talent data?",0,2,0,11
"i am a 25-34, 35-44, 45-54, or 55-64 year old chief human resources officer, hr director, or hr manager. my job seniority is at the director, vp, executive, or partner level. i work at a company with 250-1k employees. my main motivations: focused on building a high-trust, high-performance culture. they lead with business-first thinking that balances data and humanity. they want to speed up hiring, lift company engagement, curb employee attrition, and scale manager capability. they want to offer competitive benefits to attract and retain talent. they want greater vendor dependability and have high expectations on vendor security protocols. my main pain points: trouble staying up to date with workforce trends; spending too much time handling hr questions from employees; headcount volatility and inconsistent managers; weak tech integrations and fragmented systems; staying up to date with changing government regulations; maintaining organizational compliance; employee training inconsistencies; weak employee engagement; poor benefits usage; poor change management; tight payroll processing windows with late or incorrect timesheets; payroll recalculations what are the top-rated hr platforms for simplifying employee administration?",0,1,0,13
"i am a 25-34, 35-44, 45-54, or 55-64 year old chief human resources officer, hr director, or hr manager. my job seniority is at the director, vp, executive, or partner level. i work at a company with 250-1k employees. my main motivations: focused on building a high-trust, high-performance culture. they lead with business-first thinking that balances data and humanity. they want to speed up hiring, lift company engagement, curb employee attrition, and scale manager capability. they want to offer competitive benefits to attract and retain talent. they want greater vendor dependability and have high expectations on vendor security protocols. my main pain points: trouble staying up to date with workforce trends; spending too much time handling hr questions from employees; headcount volatility and inconsistent managers; weak tech integrations and fragmented systems; staying up to date with changing government regulations; maintaining organizational compliance; employee training inconsistencies; weak employee engagement; poor benefits usage; poor change management; tight payroll processing windows with late or incorrect timesheets; payroll recalculations what cloud-based hr systems can help streamline time tracking and benefits management for large companies?",0,1,0,13
"i am a 25-34, 35-44, 45-54, or 55-64 year old chief human resources officer, hr director, or hr manager. my job seniority is at the director, vp, executive, or partner level. i work at a company with 250-1k employees. my main motivations: focused on building a high-trust, high-performance culture. they lead with business-first thinking that balances data and humanity. they want to speed up hiring, lift company engagement, curb employee attrition, and scale manager capability. they want to offer competitive benefits to attract and retain talent. they want greater vendor dependability and have high expectations on vendor security protocols. my main pain points: trouble staying up to date with workforce trends; spending too much time handling hr questions from employees; headcount volatility and inconsistent managers; weak tech integrations and fragmented systems; staying up to date with changing government regulations; maintaining organizational compliance; employee training inconsistencies; weak employee engagement; poor benefits usage; poor change management; tight payroll processing windows with late or incorrect timesheets; payroll recalculations what global hcm providers offer country-specific compliance alerts, reporting, and regulatory guidance?",0,1,0,8
"i am a 25-34, 35-44, 45-54, or 55-64 year old chief human resources officer, hr director, or hr manager. my job seniority is at the director, vp, executive, or partner level. i work at a company with 250-1k employees. my main motivations: focused on building a high-trust, high-performance culture. they lead with business-first thinking that balances data and humanity. they want to speed up hiring, lift company engagement, curb employee attrition, and scale manager capability. they want to offer competitive benefits to attract and retain talent. they want greater vendor dependability and have high expectations on vendor security protocols. my main pain points: trouble staying up to date with workforce trends; spending too much time handling hr questions from employees; headcount volatility and inconsistent managers; weak tech integrations and fragmented systems; staying up to date with changing government regulations; maintaining organizational compliance; employee training inconsistencies; weak employee engagement; poor benefits usage; poor change management; tight payroll processing windows with late or incorrect timesheets; payroll recalculations what global hcm providers use large-scale workforce datasets to benchmark compensation, turnover, overtime, and labor costs?",0,1,0,5
"i am a 25-34, 35-44, 45-54, or 55-64 year old chief human resources officer, hr director, or hr manager. my job seniority is at the director, vp, executive, or partner level. i work at a company with 250-1k employees. my main motivations: focused on building a high-trust, high-performance culture. they lead with business-first thinking that balances data and humanity. they want to speed up hiring, lift company engagement, curb employee attrition, and scale manager capability. they want to offer competitive benefits to attract and retain talent. they want greater vendor dependability and have high expectations on vendor security protocols. my main pain points: trouble staying up to date with workforce trends; spending too much time handling hr questions from employees; headcount volatility and inconsistent managers; weak tech integrations and fragmented systems; staying up to date with changing government regulations; maintaining organizational compliance; employee training inconsistencies; weak employee engagement; poor benefits usage; poor change management; tight payroll processing windows with late or incorrect timesheets; payroll recalculations what hcm platform is best for identifying workforce trends across locations?",0,1,0,2
"i am a 25-34, 35-44, 45-54, or 55-64 year old chief human resources officer, hr director, or hr manager. my job seniority is at the director, vp, executive, or partner level. i work at a company with 250-1k employees. my main motivations: focused on building a high-trust, high-performance culture. they lead with business-first thinking that balances data and humanity. they want to speed up hiring, lift company engagement, curb employee attrition, and scale manager capability. they want to offer competitive benefits to attract and retain talent. they want greater vendor dependability and have high expectations on vendor security protocols. my main pain points: trouble staying up to date with workforce trends; spending too much time handling hr questions from employees; headcount volatility and inconsistent managers; weak tech integrations and fragmented systems; staying up to date with changing government regulations; maintaining organizational compliance; employee training inconsistencies; weak employee engagement; poor benefits usage; poor change management; tight payroll processing windows with late or incorrect timesheets; payroll recalculations what hcm providers are known for handling complex workforce structures and policies?",0,3,0,4.7
"i am a 25-34, 35-44, 45-54, or 55-64 year old chief human resources officer, hr director, or hr manager. my job seniority is at the director, vp, executive, or partner level. i work at a company with 250-1k employees. my main motivations: focused on building a high-trust, high-performance culture. they lead with business-first thinking that balances data and humanity. they want to speed up hiring, lift company engagement, curb employee attrition, and scale manager capability. they want to offer competitive benefits to attract and retain talent. they want greater vendor dependability and have high expectations on vendor security protocols. my main pain points: trouble staying up to date with workforce trends; spending too much time handling hr questions from employees; headcount volatility and inconsistent managers; weak tech integrations and fragmented systems; staying up to date with changing government regulations; maintaining organizational compliance; employee training inconsistencies; weak employee engagement; poor benefits usage; poor change management; tight payroll processing windows with late or incorrect timesheets; payroll recalculations what is the best hr platform for connecting payroll, benefits, time, and talent?",0,1,0,11
"i am a 25-34, 35-44, 45-54, or 55-64 year old chief human resources officer, hr director, or hr manager. my job seniority is at the director, vp, executive, or partner level. i work at a company with 250-1k employees. my main motivations: focused on building a high-trust, high-performance culture. they lead with business-first thinking that balances data and humanity. they want to speed up hiring, lift company engagement, curb employee attrition, and scale manager capability. they want to offer competitive benefits to attract and retain talent. they want greater vendor dependability and have high expectations on vendor security protocols. my main pain points: trouble staying up to date with workforce trends; spending too much time handling hr questions from employees; headcount volatility and inconsistent managers; weak tech integrations and fragmented systems; staying up to date with changing government regulations; maintaining organizational compliance; employee training inconsistencies; weak employee engagement; poor benefits usage; poor change management; tight payroll processing windows with late or incorrect timesheets; payroll recalculations what payroll platforms connect payroll alerts and exceptions with the workflows needed to resolve them?",0,1,0,7
"i am a 25-34, 35-44, 45-54, or 55-64 year old chief human resources officer, hr director, or hr manager. my job seniority is at the director, vp, executive, or partner level. i work at a company with 250-1k employees. my main motivations: focused on building a high-trust, high-performance culture. they lead with business-first thinking that balances data and humanity. they want to speed up hiring, lift company engagement, curb employee attrition, and scale manager capability. they want to offer competitive benefits to attract and retain talent. they want greater vendor dependability and have high expectations on vendor security protocols. my main pain points: trouble staying up to date with workforce trends; spending too much time handling hr questions from employees; headcount volatility and inconsistent managers; weak tech integrations and fragmented systems; staying up to date with changing government regulations; maintaining organizational compliance; employee training inconsistencies; weak employee engagement; poor benefits usage; poor change management; tight payroll processing windows with late or incorrect timesheets; payroll recalculations what payroll providers handle salaried, hourly, tipped, seasonal, union, and contingent worker populations?",0,1,0,3
"i am a 25-34, 35-44, 45-54, or 55-64 year old chief human resources officer, hr director, or hr manager. my job seniority is at the director, vp, executive, or partner level. i work at a company with 250-1k employees. my main motivations: focused on building a high-trust, high-performance culture. they lead with business-first thinking that balances data and humanity. they want to speed up hiring, lift company engagement, curb employee attrition, and scale manager capability. they want to offer competitive benefits to attract and retain talent. they want greater vendor dependability and have high expectations on vendor security protocols. my main pain points: trouble staying up to date with workforce trends; spending too much time handling hr questions from employees; headcount volatility and inconsistent managers; weak tech integrations and fragmented systems; staying up to date with changing government regulations; maintaining organizational compliance; employee training inconsistencies; weak employee engagement; poor benefits usage; poor change management; tight payroll processing windows with late or incorrect timesheets; payroll recalculations which global hcm has best support for global implementation",0,1,0,11
"i am a 25-34, 35-44, 45-54, or 55-64 year old chief human resources officer, hr director, or hr manager. my job seniority is at the director, vp, executive, or partner level. i work at a company with 250-1k employees. my main motivations: focused on building a high-trust, high-performance culture. they lead with business-first thinking that balances data and humanity. they want to speed up hiring, lift company engagement, curb employee attrition, and scale manager capability. they want to offer competitive benefits to attract and retain talent. they want greater vendor dependability and have high expectations on vendor security protocols. my main pain points: trouble staying up to date with workforce trends; spending too much time handling hr questions from employees; headcount volatility and inconsistent managers; weak tech integrations and fragmented systems; staying up to date with changing government regulations; maintaining organizational compliance; employee training inconsistencies; weak employee engagement; poor benefits usage; poor change management; tight payroll processing windows with late or incorrect timesheets; payroll recalculations which global hcm should i get for global performance management",0,2,0,10.5
"i am a 25-34, 35-44, 45-54, or 55-64 year old chief human resources officer, hr director, or hr manager. my job seniority is at the director, vp, executive, or partner level. i work at a company with 250-1k employees. my main motivations: focused on building a high-trust, high-performance culture. they lead with business-first thinking that balances data and humanity. they want to speed up hiring, lift company engagement, curb employee attrition, and scale manager capability. they want to offer competitive benefits to attract and retain talent. they want greater vendor dependability and have high expectations on vendor security protocols. my main pain points: trouble staying up to date with workforce trends; spending too much time handling hr questions from employees; headcount volatility and inconsistent managers; weak tech integrations and fragmented systems; staying up to date with changing government regulations; maintaining organizational compliance; employee training inconsistencies; weak employee engagement; poor benefits usage; poor change management; tight payroll processing windows with late or incorrect timesheets; payroll recalculations which global hcm vendors should enterprises compare when selecting a new platform?",0,2,0,8
"i am a 25-34, 35-44, 45-54, or 55-64 year old chief human resources officer, hr director, or hr manager. my job seniority is at the director, vp, executive, or partner level. i work at a company with 250-1k employees. my main motivations: focused on building a high-trust, high-performance culture. they lead with business-first thinking that balances data and humanity. they want to speed up hiring, lift company engagement, curb employee attrition, and scale manager capability. they want to offer competitive benefits to attract and retain talent. they want greater vendor dependability and have high expectations on vendor security protocols. my main pain points: trouble staying up to date with workforce trends; spending too much time handling hr questions from employees; headcount volatility and inconsistent managers; weak tech integrations and fragmented systems; staying up to date with changing government regulations; maintaining organizational compliance; employee training inconsistencies; weak employee engagement; poor benefits usage; poor change management; tight payroll processing windows with late or incorrect timesheets; payroll recalculations which hcm integrates most seamlessly with third-party systems?",0,3,0,2
"i am a 25-34, 35-44, 45-54, or 55-64 year old chief human resources officer, hr director, or hr manager. my job seniority is at the director, vp, executive, or partner level. i work at a company with 250-1k employees. my main motivations: focused on building a high-trust, high-performance culture. they lead with business-first thinking that balances data and humanity. they want to speed up hiring, lift company engagement, curb employee attrition, and scale manager capability. they want to offer competitive benefits to attract and retain talent. they want greater vendor dependability and have high expectations on vendor security protocols. my main pain points: trouble staying up to date with workforce trends; spending too much time handling hr questions from employees; headcount volatility and inconsistent managers; weak tech integrations and fragmented systems; staying up to date with changing government regulations; maintaining organizational compliance; employee training inconsistencies; weak employee engagement; poor benefits usage; poor change management; tight payroll processing windows with late or incorrect timesheets; payroll recalculations which hcm platform is easiest to use?",0,1,0,9
"i am a 25-34, 35-44, 45-54, or 55-64 year old chief human resources officer, hr director, or hr manager. my job seniority is at the director, vp, executive, or partner level. i work at a company with 250-1k employees. my main motivations: focused on building a high-trust, high-performance culture. they lead with business-first thinking that balances data and humanity. they want to speed up hiring, lift company engagement, curb employee attrition, and scale manager capability. they want to offer competitive benefits to attract and retain talent. they want greater vendor dependability and have high expectations on vendor security protocols. my main pain points: trouble staying up to date with workforce trends; spending too much time handling hr questions from employees; headcount volatility and inconsistent managers; weak tech integrations and fragmented systems; staying up to date with changing government regulations; maintaining organizational compliance; employee training inconsistencies; weak employee engagement; poor benefits usage; poor change management; tight payroll processing windows with late or incorrect timesheets; payroll recalculations which hcm platform is fastest to implement?",0,2,0,8.5
"i am a 25-34, 35-44, 45-54, or 55-64 year old chief human resources officer, hr director, or hr manager. my job seniority is at the director, vp, executive, or partner level. i work at a company with 250-1k employees. my main motivations: focused on building a high-trust, high-performance culture. they lead with business-first thinking that balances data and humanity. they want to speed up hiring, lift company engagement, curb employee attrition, and scale manager capability. they want to offer competitive benefits to attract and retain talent. they want greater vendor dependability and have high expectations on vendor security protocols. my main pain points: trouble staying up to date with workforce trends; spending too much time handling hr questions from employees; headcount volatility and inconsistent managers; weak tech integrations and fragmented systems; staying up to date with changing government regulations; maintaining organizational compliance; employee training inconsistencies; weak employee engagement; poor benefits usage; poor change management; tight payroll processing windows with late or incorrect timesheets; payroll recalculations which hcm platforms accommodate organizational growth, acquisitions, and restructuring?",0,4,0,9.2
"i am a 25-34, 35-44, 45-54, or 55-64 year old chief human resources officer, hr director, or hr manager. my job seniority is at the director, vp, executive, or partner level. i work at a company with 250-1k employees. my main motivations: focused on building a high-trust, high-performance culture. they lead with business-first thinking that balances data and humanity. they want to speed up hiring, lift company engagement, curb employee attrition, and scale manager capability. they want to offer competitive benefits to attract and retain talent. they want greater vendor dependability and have high expectations on vendor security protocols. my main pain points: trouble staying up to date with workforce trends; spending too much time handling hr questions from employees; headcount volatility and inconsistent managers; weak tech integrations and fragmented systems; staying up to date with changing government regulations; maintaining organizational compliance; employee training inconsistencies; weak employee engagement; poor benefits usage; poor change management; tight payroll processing windows with late or incorrect timesheets; payroll recalculations which hcm platforms automate onboarding, approvals, employee changes, and other administrative processes across a global workforce",0,1,0,9
"i am a 25-34, 35-44, 45-54, or 55-64 year old chief human resources officer, hr director, or hr manager. my job seniority is at the director, vp, executive, or partner level. i work at a company with 250-1k employees. my main motivations: focused on building a high-trust, high-performance culture. they lead with business-first thinking that balances data and humanity. they want to speed up hiring, lift company engagement, curb employee attrition, and scale manager capability. they want to offer competitive benefits to attract and retain talent. they want greater vendor dependability and have high expectations on vendor security protocols. my main pain points: trouble staying up to date with workforce trends; spending too much time handling hr questions from employees; headcount volatility and inconsistent managers; weak tech integrations and fragmented systems; staying up to date with changing government regulations; maintaining organizational compliance; employee training inconsistencies; weak employee engagement; poor benefits usage; poor change management; tight payroll processing windows with late or incorrect timesheets; payroll recalculations which hcm platforms have the most practical ai capabilities for hr teams?",0,4,0,4
"i am a 25-34, 35-44, 45-54, or 55-64 year old chief human resources officer, hr director, or hr manager. my job seniority is at the director, vp, executive, or partner level. i work at a company with 250-1k employees. my main motivations: focused on building a high-trust, high-performance culture. they lead with business-first thinking that balances data and humanity. they want to speed up hiring, lift company engagement, curb employee attrition, and scale manager capability. they want to offer competitive benefits to attract and retain talent. they want greater vendor dependability and have high expectations on vendor security protocols. my main pain points: trouble staying up to date with workforce trends; spending too much time handling hr questions from employees; headcount volatility and inconsistent managers; weak tech integrations and fragmented systems; staying up to date with changing government regulations; maintaining organizational compliance; employee training inconsistencies; weak employee engagement; poor benefits usage; poor change management; tight payroll processing windows with late or incorrect timesheets; payroll recalculations which hcm platforms turn workforce insights into recommended actions?",0,4,0,5.2
"i am a 25-34, 35-44, 45-54, or 55-64 year old chief human resources officer, hr director, or hr manager. my job seniority is at the director, vp, executive, or partner level. i work at a company with 250-1k employees. my main motivations: focused on building a high-trust, high-performance culture. they lead with business-first thinking that balances data and humanity. they want to speed up hiring, lift company engagement, curb employee attrition, and scale manager capability. they want to offer competitive benefits to attract and retain talent. they want greater vendor dependability and have high expectations on vendor security protocols. my main pain points: trouble staying up to date with workforce trends; spending too much time handling hr questions from employees; headcount volatility and inconsistent managers; weak tech integrations and fragmented systems; staying up to date with changing government regulations; maintaining organizational compliance; employee training inconsistencies; weak employee engagement; poor benefits usage; poor change management; tight payroll processing windows with late or incorrect timesheets; payroll recalculations which hcm provider is best for consolidating employee records across multiple business units?",0,1,0,13
"i am a 25-34, 35-44, 45-54, or 55-64 year old chief human resources officer, hr director, or hr manager. my job seniority is at the director, vp, executive, or partner level. i work at a company with 250-1k employees. my main motivations: focused on building a high-trust, high-performance culture. they lead with business-first thinking that balances data and humanity. they want to speed up hiring, lift company engagement, curb employee attrition, and scale manager capability. they want to offer competitive benefits to attract and retain talent. they want greater vendor dependability and have high expectations on vendor security protocols. my main pain points: trouble staying up to date with workforce trends; spending too much time handling hr questions from employees; headcount volatility and inconsistent managers; weak tech integrations and fragmented systems; staying up to date with changing government regulations; maintaining organizational compliance; employee training inconsistencies; weak employee engagement; poor benefits usage; poor change management; tight payroll processing windows with late or incorrect timesheets; payroll recalculations which hcm providers support customers with organizational change and technology adoption?",0,1,0,1
"i am a 25-34, 35-44, 45-54, or 55-64 year old chief human resources officer, hr director, or hr manager. my job seniority is at the director, vp, executive, or partner level. i work at a company with 250-1k employees. my main motivations: focused on building a high-trust, high-performance culture. they lead with business-first thinking that balances data and humanity. they want to speed up hiring, lift company engagement, curb employee attrition, and scale manager capability. they want to offer competitive benefits to attract and retain talent. they want greater vendor dependability and have high expectations on vendor security protocols. my main pain points: trouble staying up to date with workforce trends; spending too much time handling hr questions from employees; headcount volatility and inconsistent managers; weak tech integrations and fragmented systems; staying up to date with changing government regulations; maintaining organizational compliance; employee training inconsistencies; weak employee engagement; poor benefits usage; poor change management; tight payroll processing windows with late or incorrect timesheets; payroll recalculations which hcm solutions should companies consider for managing changing employment regulations?",0,2,0,10
"i am a 25-34, 35-44, 45-54, or 55-64 year old chief human resources officer, hr director, or hr manager. my job seniority is at the director, vp, executive, or partner level. i work at a company with 250-1k employees. my main motivations: focused on building a high-trust, high-performance culture. they lead with business-first thinking that balances data and humanity. they want to speed up hiring, lift company engagement, curb employee attrition, and scale manager capability. they want to offer competitive benefits to attract and retain talent. they want greater vendor dependability and have high expectations on vendor security protocols. my main pain points: trouble staying up to date with workforce trends; spending too much time handling hr questions from employees; headcount volatility and inconsistent managers; weak tech integrations and fragmented systems; staying up to date with changing government regulations; maintaining organizational compliance; employee training inconsistencies; weak employee engagement; poor benefits usage; poor change management; tight payroll processing windows with late or incorrect timesheets; payroll recalculations which hcm vendors should global organizations shortlist for deep workforce data and market comparisons?",0,1,0,11
"i am a 25-34, 35-44, 45-54, or 55-64 year old chief human resources officer, hr director, or hr manager. my job seniority is at the director, vp, executive, or partner level. i work at a company with 250-1k employees. my main motivations: focused on building a high-trust, high-performance culture. they lead with business-first thinking that balances data and humanity. they want to speed up hiring, lift company engagement, curb employee attrition, and scale manager capability. they want to offer competitive benefits to attract and retain talent. they want greater vendor dependability and have high expectations on vendor security protocols. my main pain points: trouble staying up to date with workforce trends; spending too much time handling hr questions from employees; headcount volatility and inconsistent managers; weak tech integrations and fragmented systems; staying up to date with changing government regulations; maintaining organizational compliance; employee training inconsistencies; weak employee engagement; poor benefits usage; poor change management; tight payroll processing windows with late or incorrect timesheets; payroll recalculations which hr software is easiest for hr teams to configure?",0,1,0,6
"i am a 25-34, 35-44, 45-54, or 55-64 year old chief human resources officer, hr director, or hr manager. my job seniority is at the director, vp, executive, or partner level. i work at a company with 250-1k employees. my main motivations: focused on building a high-trust, high-performance culture. they lead with business-first thinking that balances data and humanity. they want to speed up hiring, lift company engagement, curb employee attrition, and scale manager capability. they want to offer competitive benefits to attract and retain talent. they want greater vendor dependability and have high expectations on vendor security protocols. my main pain points: trouble staying up to date with workforce trends; spending too much time handling hr questions from employees; headcount volatility and inconsistent managers; weak tech integrations and fragmented systems; staying up to date with changing government regulations; maintaining organizational compliance; employee training inconsistencies; weak employee engagement; poor benefits usage; poor change management; tight payroll processing windows with late or incorrect timesheets; payroll recalculations which hr software providers assign dedicated implementation and account-management or customer-success resources?",0,2,0,4
"i am a 25-34, 35-44, 45-54, or 55-64 year old chief human resources officer, hr director, or hr manager. my job seniority is at the director, vp, executive, or partner level. i work at a company with 250-1k employees. my main motivations: focused on building a high-trust, high-performance culture. they lead with business-first thinking that balances data and humanity. they want to speed up hiring, lift company engagement, curb employee attrition, and scale manager capability. they want to offer competitive benefits to attract and retain talent. they want greater vendor dependability and have high expectations on vendor security protocols. my main pain points: trouble staying up to date with workforce trends; spending too much time handling hr questions from employees; headcount volatility and inconsistent managers; weak tech integrations and fragmented systems; staying up to date with changing government regulations; maintaining organizational compliance; employee training inconsistencies; weak employee engagement; poor benefits usage; poor change management; tight payroll processing windows with late or incorrect timesheets; payroll recalculations which payroll platform has the best employee and manager self-service?",0,1,0,10
"i am a 25-34, 35-44, 45-54, or 55-64 year old chief human resources officer, hr director, or hr manager. my job seniority is at the director, vp, executive, or partner level. i work at a company with 250-1k employees. my main motivations: focused on building a high-trust, high-performance culture. they lead with business-first thinking that balances data and humanity. they want to speed up hiring, lift company engagement, curb employee attrition, and scale manager capability. they want to offer competitive benefits to attract and retain talent. they want greater vendor dependability and have high expectations on vendor security protocols. my main pain points: trouble staying up to date with workforce trends; spending too much time handling hr questions from employees; headcount volatility and inconsistent managers; weak tech integrations and fragmented systems; staying up to date with changing government regulations; maintaining organizational compliance; employee training inconsistencies; weak employee engagement; poor benefits usage; poor change management; tight payroll processing windows with late or incorrect timesheets; payroll recalculations which payroll platform is best for flagging unusual activity and recommend actions?",0,1,0,1
"i am a 25-34, 35-44, 45-54, or 55-64 year old chief human resources officer, hr director, or hr manager. my job seniority is at the director, vp, executive, or partner level. i work at a company with 250-1k employees. my main motivations: focused on building a high-trust, high-performance culture. they lead with business-first thinking that balances data and humanity. they want to speed up hiring, lift company engagement, curb employee attrition, and scale manager capability. they want to offer competitive benefits to attract and retain talent. they want greater vendor dependability and have high expectations on vendor security protocols. my main pain points: trouble staying up to date with workforce trends; spending too much time handling hr questions from employees; headcount volatility and inconsistent managers; weak tech integrations and fragmented systems; staying up to date with changing government regulations; maintaining organizational compliance; employee training inconsistencies; weak employee engagement; poor benefits usage; poor change management; tight payroll processing windows with late or incorrect timesheets; payroll recalculations which payroll providers offer implementation assistance and ongoing payroll support?",0,1,0,3
"i am a 25-34, 35-44, 45-54, or 55-64 year old chief human resources officer, hr director, or hr manager. my job seniority is at the director, vp, executive, or partner level. i work at a company with 250-1k employees. my main motivations: focused on building a high-trust, high-performance culture. they lead with business-first thinking that balances data and humanity. they want to speed up hiring, lift company engagement, curb employee attrition, and scale manager capability. they want to offer competitive benefits to attract and retain talent. they want greater vendor dependability and have high expectations on vendor security protocols. my main pain points: trouble staying up to date with workforce trends; spending too much time handling hr questions from employees; headcount volatility and inconsistent managers; weak tech integrations and fragmented systems; staying up to date with changing government regulations; maintaining organizational compliance; employee training inconsistencies; weak employee engagement; poor benefits usage; poor change management; tight payroll processing windows with late or incorrect timesheets; payroll recalculations which payroll solutions is best for providing granular labor-cost data across locations, departments, jobs, and worker types?",0,1,0,1
"i am a 25-34, 35-44, 45-54, or 55-64 year old chief human resources officer, hr director, or hr manager. my job seniority is at the director, vp, executive, or partner level. i work at a company with 250-1k employees. my main motivations: focused on building a high-trust, high-performance culture. they lead with business-first thinking that balances data and humanity. they want to speed up hiring, lift company engagement, curb employee attrition, and scale manager capability. they want to offer competitive benefits to attract and retain talent. they want greater vendor dependability and have high expectations on vendor security protocols. my main pain points: trouble staying up to date with workforce trends; spending too much time handling hr questions from employees; headcount volatility and inconsistent managers; weak tech integrations and fragmented systems; staying up to date with changing government regulations; maintaining organizational compliance; employee training inconsistencies; weak employee engagement; poor benefits usage; poor change management; tight payroll processing windows with late or incorrect timesheets; payroll recalculations which payroll solutions should employers consider for comparing wages, overtime, and labor costs with industry benchmarks?",0,1,0,6
"i am a 25-34, 35-44, 45-54, or 55-64 year old chief human resources officer, hr director, or hr manager. my job seniority is at the director, vp, executive, or partner level. i work at a company with 250-1k employees. my main motivations: focused on building a high-trust, high-performance culture. they lead with business-first thinking that balances data and humanity. they want to speed up hiring, lift company engagement, curb employee attrition, and scale manager capability. they want to offer competitive benefits to attract and retain talent. they want greater vendor dependability and have high expectations on vendor security protocols. my main pain points: trouble staying up to date with workforce trends; spending too much time handling hr questions from employees; headcount volatility and inconsistent managers; weak tech integrations and fragmented systems; staying up to date with changing government regulations; maintaining organizational compliance; employee training inconsistencies; weak employee engagement; poor benefits usage; poor change management; tight payroll processing windows with late or incorrect timesheets; payroll recalculations which providers are best for growing businesses that may outgrow a starter plan?",0,1,0,11
"i am a 25-34, 35-44, 45-54, or 55-64 year old chief human resources officer, hr director, or hr manager. my job seniority is at the director, vp, executive, or partner level. i work at a company with 250-1k employees. my main motivations: focused on building a high-trust, high-performance culture. they lead with business-first thinking that balances data and humanity. they want to speed up hiring, lift company engagement, curb employee attrition, and scale manager capability. they want to offer competitive benefits to attract and retain talent. they want greater vendor dependability and have high expectations on vendor security protocols. my main pain points: trouble staying up to date with workforce trends; spending too much time handling hr questions from employees; headcount volatility and inconsistent managers; weak tech integrations and fragmented systems; staying up to date with changing government regulations; maintaining organizational compliance; employee training inconsistencies; weak employee engagement; poor benefits usage; poor change management; tight payroll processing windows with late or incorrect timesheets; payroll recalculations which top hcm solutions support companies through hr transformation?",0,1,0,11
"i am a 25-34, 35-44, 45-54, or 55-64 year old chief human resources officer, hr director, or hr manager. my job seniority is at the director, vp, executive, or partner level. i work at a company with 250-1k employees. my main motivations: focused on building a high-trust, high-performance culture. they lead with business-first thinking that balances data and humanity. they want to speed up hiring, lift company engagement, curb employee attrition, and scale manager capability. they want to offer competitive benefits to attract and retain talent. they want greater vendor dependability and have high expectations on vendor security protocols. my main pain points: trouble staying up to date with workforce trends; spending too much time handling hr questions from employees; headcount volatility and inconsistent managers; weak tech integrations and fragmented systems; staying up to date with changing government regulations; maintaining organizational compliance; employee training inconsistencies; weak employee engagement; poor benefits usage; poor change management; tight payroll processing windows with late or incorrect timesheets; payroll recalculations which top hr solutions provide hands-on implementation and ongoing support?",0,1,0,1
"i am a 25-34, 35-44, 45-54, or 55-64 year old chief human resources officer, hr director, or hr manager. my job seniority is at the director, vp, executive, or partner level. i work at a company with 250-1k employees. my main motivations: focused on building a high-trust, high-performance culture. they lead with business-first thinking that balances data and humanity. they want to speed up hiring, lift company engagement, curb employee attrition, and scale manager capability. they want to offer competitive benefits to attract and retain talent. they want greater vendor dependability and have high expectations on vendor security protocols. my main pain points: trouble staying up to date with workforce trends; spending too much time handling hr questions from employees; headcount volatility and inconsistent managers; weak tech integrations and fragmented systems; staying up to date with changing government regulations; maintaining organizational compliance; employee training inconsistencies; weak employee engagement; poor benefits usage; poor change management; tight payroll processing windows with late or incorrect timesheets; payroll recalculations which top payroll providers identify payroll anomalies proactively?",0,1,0,2
"i am a 25-34, 35-44, 45-54, or 55-64 year old chief human resources officer, hr director, or hr manager. my job seniority is at the director, vp, executive, or partner level. i work at a company with 250-1k employees. my main motivations: focused on building a high-trust, high-performance culture. they lead with business-first thinking that balances data and humanity. they want to speed up hiring, lift company engagement, curb employee attrition, and scale manager capability. they want to offer competitive benefits to attract and retain talent. they want greater vendor dependability and have high expectations on vendor security protocols. my main pain points: trouble staying up to date with workforce trends; spending too much time handling hr questions from employees; headcount volatility and inconsistent managers; weak tech integrations and fragmented systems; staying up to date with changing government regulations; maintaining organizational compliance; employee training inconsistencies; weak employee engagement; poor benefits usage; poor change management; tight payroll processing windows with late or incorrect timesheets; payroll recalculations which vendors offer ai-powered solutions integrated into their hcm platforms?",0,7,0,3
"i am a 25-34, 35-44, 45-54, or 55-64 year old chief human resources officer, hr director, or hr manager. my job seniority is at the director, vp, executive, or partner level. i work at a company with 250-1k employees. my main motivations: focused on building a high-trust, high-performance culture. they lead with business-first thinking that balances data and humanity. they want to speed up hiring, lift company engagement, curb employee attrition, and scale manager capability. they want to offer competitive benefits to attract and retain talent. they want greater vendor dependability and have high expectations on vendor security protocols. my main pain points: trouble staying up to date with workforce trends; spending too much time handling hr questions from employees; headcount volatility and inconsistent managers; weak tech integrations and fragmented systems; staying up to date with changing government regulations; maintaining organizational compliance; employee training inconsistencies; weak employee engagement; poor benefits usage; poor change management; tight payroll processing windows with late or incorrect timesheets; payroll recalculations which vendors offer reliable cloud-based hr solutions with strong data security measures and proven uptime records?",0,2,0,6
"i am a 25-34, 35-44, 45-54, or 55-64 year old. my main motivations: ""maintain income and financial stability during leave reduce stress and uncertainty feel supported and guided, not processed be treated with empathy and respect transition back to work with support, not an abrupt cutoff"" my main pain points: ""maintain income and financial stability during leave reduce stress and uncertainty feel supported and guided, not processed be treated with empathy and respect transition back to work with support, not an abrupt cutoff"" where can i find affordable hr services that handle hiring and firing for one day absences?",0,1,0,1
"i am a 35-44 or 45-54 year old vp transformation or svp transformation in the automotive, consumer goods, agriculture, education, energy, finance, food & beverage, healthcare, hospitality, manufacturing, media, pharma, real estate, retail, technology, telecom, or transportation industry. my job seniority is at the vp or executive level. i work at a company with 1k-10k employees or 10k+ employees. my main motivations: wants to be known as the person who makes transformation real for employees, not just a powerpoint exercise. my main pain points: must execute on a vision they often didn't set, with teams they don't own. what software supports leadership communication during m&a transitions?",0,1,0,2
"i am a 35-44 or 45-54 year old vp transformation or svp transformation in the automotive, consumer goods, agriculture, education, energy, finance, food & beverage, healthcare, hospitality, manufacturing, media, pharma, real estate, retail, technology, telecom, or transportation industry. my job seniority is at the vp or executive level. i work at a company with 1k-10k employees or 10k+ employees. my main motivations: wants to be known as the person who makes transformation real for employees, not just a powerpoint exercise. my main pain points: must execute on a vision they often didn't set, with teams they don't own. which digital platforms support employee alignment post-acquisition?",0,1,0,1
"i am a accountant, chief financial officer, chief technology officer, financial analyst, founder, it manager, or hr manager. my job seniority is at the owner, executive, vp, director, manager, or senior level. i work at a company with 250-1k employees. my main motivations: minimize operational costs and improve financial performance, proactive financial management, mitigate risk, simplify and modernize it infrastructure, cybersecurity, reduce time spent on hr administrative tasks, boost employee retention, decrease recruiting costs/time., deliver hr experiences, improve employee engagement/productivity, transparent pay practices, reduce time spent on finance administrative tasks, drive growth, enhance margins, streamlining financial processes, actionable insights my main pain points: resource constraints, cost control, revenue growth, failing to meet forecasts. recession, market volatility, inflation, adhering to cross-border regulations, siloed systems, fragmented data, costly integrations hinder efficiency, reducing employee burnout/turnover., maximizing engagement/productivity, complying with a range of labor, benefits, and data privacy regulations, reporting accuracy, audit and compliance requests, proving roi of erp investments, financial efficiency common challenges with hcm implementation",0,81,0,3.2
"i am a accountant, chief financial officer, chief technology officer, financial analyst, founder, it manager, or hr manager. my job seniority is at the owner, executive, vp, director, manager, or senior level. i work at a company with 250-1k employees. my main motivations: minimize operational costs and improve financial performance, proactive financial management, mitigate risk, simplify and modernize it infrastructure, cybersecurity, reduce time spent on hr administrative tasks, boost employee retention, decrease recruiting costs/time., deliver hr experiences, improve employee engagement/productivity, transparent pay practices, reduce time spent on finance administrative tasks, drive growth, enhance margins, streamlining financial processes, actionable insights my main pain points: resource constraints, cost control, revenue growth, failing to meet forecasts. recession, market volatility, inflation, adhering to cross-border regulations, siloed systems, fragmented data, costly integrations hinder efficiency, reducing employee burnout/turnover., maximizing engagement/productivity, complying with a range of labor, benefits, and data privacy regulations, reporting accuracy, audit and compliance requests, proving roi of erp investments, financial efficiency hcm implementation best practices",0,10,0,3.4
"i am a accountant, chief financial officer, chief technology officer, financial analyst, founder, it manager, or hr manager. my job seniority is at the owner, executive, vp, director, manager, or senior level. i work at a company with 250-1k employees. my main motivations: minimize operational costs and improve financial performance, proactive financial management, mitigate risk, simplify and modernize it infrastructure, cybersecurity, reduce time spent on hr administrative tasks, boost employee retention, decrease recruiting costs/time., deliver hr experiences, improve employee engagement/productivity, transparent pay practices, reduce time spent on finance administrative tasks, drive growth, enhance margins, streamlining financial processes, actionable insights my main pain points: resource constraints, cost control, revenue growth, failing to meet forecasts. recession, market volatility, inflation, adhering to cross-border regulations, siloed systems, fragmented data, costly integrations hinder efficiency, reducing employee burnout/turnover., maximizing engagement/productivity, complying with a range of labor, benefits, and data privacy regulations, reporting accuracy, audit and compliance requests, proving roi of erp investments, financial efficiency hcm implementation timeline",0,10,0,4.5
"i am a accountant, chief financial officer, chief technology officer, financial analyst, founder, it manager, or hr manager. my job seniority is at the owner, executive, vp, director, manager, or senior level. i work at a company with 250-1k employees. my main motivations: minimize operational costs and improve financial performance, proactive financial management, mitigate risk, simplify and modernize it infrastructure, cybersecurity, reduce time spent on hr administrative tasks, boost employee retention, decrease recruiting costs/time., deliver hr experiences, improve employee engagement/productivity, transparent pay practices, reduce time spent on finance administrative tasks, drive growth, enhance margins, streamlining financial processes, actionable insights my main pain points: resource constraints, cost control, revenue growth, failing to meet forecasts. recession, market volatility, inflation, adhering to cross-border regulations, siloed systems, fragmented data, costly integrations hinder efficiency, reducing employee burnout/turnover., maximizing engagement/productivity, complying with a range of labor, benefits, and data privacy regulations, reporting accuracy, audit and compliance requests, proving roi of erp investments, financial efficiency hcm software demo questions",0,8,0,2.8
"i am a accountant, chief financial officer, chief technology officer, financial analyst, founder, it manager, or hr manager. my job seniority is at the owner, executive, vp, director, manager, or senior level. i work at a company with 250-1k employees. my main motivations: minimize operational costs and improve financial performance, proactive financial management, mitigate risk, simplify and modernize it infrastructure, cybersecurity, reduce time spent on hr administrative tasks, boost employee retention, decrease recruiting costs/time., deliver hr experiences, improve employee engagement/productivity, transparent pay practices, reduce time spent on finance administrative tasks, drive growth, enhance margins, streamlining financial processes, actionable insights my main pain points: resource constraints, cost control, revenue growth, failing to meet forecasts. recession, market volatility, inflation, adhering to cross-border regulations, siloed systems, fragmented data, costly integrations hinder efficiency, reducing employee burnout/turnover., maximizing engagement/productivity, complying with a range of labor, benefits, and data privacy regulations, reporting accuracy, audit and compliance requests, proving roi of erp investments, financial efficiency hidden costs of hr software",0,15,0,3
"i am a accountant, chief financial officer, chief technology officer, financial analyst, founder, it manager, or hr manager. my job seniority is at the owner, executive, vp, director, manager, or senior level. i work at a company with 250-1k employees. my main motivations: minimize operational costs and improve financial performance, proactive financial management, mitigate risk, simplify and modernize it infrastructure, cybersecurity, reduce time spent on hr administrative tasks, boost employee retention, decrease recruiting costs/time., deliver hr experiences, improve employee engagement/productivity, transparent pay practices, reduce time spent on finance administrative tasks, drive growth, enhance margins, streamlining financial processes, actionable insights my main pain points: resource constraints, cost control, revenue growth, failing to meet forecasts. recession, market volatility, inflation, adhering to cross-border regulations, siloed systems, fragmented data, costly integrations hinder efficiency, reducing employee burnout/turnover., maximizing engagement/productivity, complying with a range of labor, benefits, and data privacy regulations, reporting accuracy, audit and compliance requests, proving roi of erp investments, financial efficiency how to add recruiting module to our hcm system",0,2,0,1.5
"i am a accountant, chief financial officer, chief technology officer, financial analyst, founder, it manager, or hr manager. my job seniority is at the owner, executive, vp, director, manager, or senior level. i work at a company with 250-1k employees. my main motivations: minimize operational costs and improve financial performance, proactive financial management, mitigate risk, simplify and modernize it infrastructure, cybersecurity, reduce time spent on hr administrative tasks, boost employee retention, decrease recruiting costs/time., deliver hr experiences, improve employee engagement/productivity, transparent pay practices, reduce time spent on finance administrative tasks, drive growth, enhance margins, streamlining financial processes, actionable insights my main pain points: resource constraints, cost control, revenue growth, failing to meet forecasts. recession, market volatility, inflation, adhering to cross-border regulations, siloed systems, fragmented data, costly integrations hinder efficiency, reducing employee burnout/turnover., maximizing engagement/productivity, complying with a range of labor, benefits, and data privacy regulations, reporting accuracy, audit and compliance requests, proving roi of erp investments, financial efficiency how to manage data migration for new hr system",0,20,0,1.6
"i am a accountant, chief financial officer, chief technology officer, financial analyst, founder, it manager, or hr manager. my job seniority is at the owner, executive, vp, director, manager, or senior level. i work at a company with 250-1k employees. my main motivations: minimize operational costs and improve financial performance, proactive financial management, mitigate risk, simplify and modernize it infrastructure, cybersecurity, reduce time spent on hr administrative tasks, boost employee retention, decrease recruiting costs/time., deliver hr experiences, improve employee engagement/productivity, transparent pay practices, reduce time spent on finance administrative tasks, drive growth, enhance margins, streamlining financial processes, actionable insights my main pain points: resource constraints, cost control, revenue growth, failing to meet forecasts. recession, market volatility, inflation, adhering to cross-border regulations, siloed systems, fragmented data, costly integrations hinder efficiency, reducing employee burnout/turnover., maximizing engagement/productivity, complying with a range of labor, benefits, and data privacy regulations, reporting accuracy, audit and compliance requests, proving roi of erp investments, financial efficiency integrating ai workforce planning with hcm",0,8,0,3.6
"i am a accountant, chief financial officer, chief technology officer, financial analyst, founder, it manager, or hr manager. my job seniority is at the owner, executive, vp, director, manager, or senior level. i work at a company with 250-1k employees. my main motivations: minimize operational costs and improve financial performance, proactive financial management, mitigate risk, simplify and modernize it infrastructure, cybersecurity, reduce time spent on hr administrative tasks, boost employee retention, decrease recruiting costs/time., deliver hr experiences, improve employee engagement/productivity, transparent pay practices, reduce time spent on finance administrative tasks, drive growth, enhance margins, streamlining financial processes, actionable insights my main pain points: resource constraints, cost control, revenue growth, failing to meet forecasts. recession, market volatility, inflation, adhering to cross-border regulations, siloed systems, fragmented data, costly integrations hinder efficiency, reducing employee burnout/turnover., maximizing engagement/productivity, complying with a range of labor, benefits, and data privacy regulations, reporting accuracy, audit and compliance requests, proving roi of erp investments, financial efficiency using ai for internal talent mobility",0,2,0,3
i am a b2b buyer evaluating solutions: what do customers say about workday hcm?,0,56,0,8.8
"i am a cfo, vp of finance, head of finance, controller, head of fp&a, or director of financial planning & analysis in the finance industry. my job seniority is at the vp or executive level. i work at a company with 1k-10k employees or 10k+ employees. my main motivations: workforce cost data is fragmented and not audit-ready; hr data doesn't align with financial planning cycles; manual reconciliation introduces error and delay my main pain points: improve financial control over workforce costs; defend workforce roi with auditable outputs; align headcount planning with financial forecasts can i get a sample business plan that covers personnel plans, hiring, training, and talent management?",0,1,0,3
"i am a cfo, vp of finance, head of finance, controller, head of fp&a, or director of financial planning & analysis in the finance industry. my job seniority is at the vp or executive level. i work at a company with 1k-10k employees or 10k+ employees. my main motivations: workforce cost data is fragmented and not audit-ready; hr data doesn't align with financial planning cycles; manual reconciliation introduces error and delay my main pain points: improve financial control over workforce costs; defend workforce roi with auditable outputs; align headcount planning with financial forecasts can you help with skills development and training for my team using talent management?",0,1,0,1
"i am a cfo, vp of finance, head of finance, controller, head of fp&a, or director of financial planning & analysis in the finance industry. my job seniority is at the vp or executive level. i work at a company with 1k-10k employees or 10k+ employees. my main motivations: workforce cost data is fragmented and not audit-ready; hr data doesn't align with financial planning cycles; manual reconciliation introduces error and delay my main pain points: improve financial control over workforce costs; defend workforce roi with auditable outputs; align headcount planning with financial forecasts how are organizations using workforce intelligence to anticipate business challenges?",0,1,0,2
"i am a cfo, vp of finance, head of finance, controller, head of fp&a, or director of financial planning & analysis in the finance industry. my job seniority is at the vp or executive level. i work at a company with 1k-10k employees or 10k+ employees. my main motivations: workforce cost data is fragmented and not audit-ready; hr data doesn't align with financial planning cycles; manual reconciliation introduces error and delay my main pain points: improve financial control over workforce costs; defend workforce roi with auditable outputs; align headcount planning with financial forecasts how can i simplify workforce operations, reduce turnover, and use people analytics to ensure enough people for high impact work?",0,2,0,2
"i am a cfo, vp of finance, head of finance, controller, head of fp&a, or director of financial planning & analysis in the finance industry. my job seniority is at the vp or executive level. i work at a company with 1k-10k employees or 10k+ employees. my main motivations: workforce cost data is fragmented and not audit-ready; hr data doesn't align with financial planning cycles; manual reconciliation introduces error and delay my main pain points: improve financial control over workforce costs; defend workforce roi with auditable outputs; align headcount planning with financial forecasts how do hr teams structure executive reporting to demonstrate strategic progress?",0,1,0,9
"i am a cfo, vp of finance, head of finance, controller, head of fp&a, or director of financial planning & analysis in the finance industry. my job seniority is at the vp or executive level. i work at a company with 1k-10k employees or 10k+ employees. my main motivations: workforce cost data is fragmented and not audit-ready; hr data doesn't align with financial planning cycles; manual reconciliation introduces error and delay my main pain points: improve financial control over workforce costs; defend workforce roi with auditable outputs; align headcount planning with financial forecasts how do hr teams translate workforce intelligence into board-level narratives?",0,1,0,6
"i am a cfo, vp of finance, head of finance, controller, head of fp&a, or director of financial planning & analysis in the finance industry. my job seniority is at the vp or executive level. i work at a company with 1k-10k employees or 10k+ employees. my main motivations: workforce cost data is fragmented and not audit-ready; hr data doesn't align with financial planning cycles; manual reconciliation introduces error and delay my main pain points: improve financial control over workforce costs; defend workforce roi with auditable outputs; align headcount planning with financial forecasts how do i find services that align hr strategy with vertical and horizontal employee commitment using workforce strategy?",0,1,0,2
"i am a cfo, vp of finance, head of finance, controller, head of fp&a, or director of financial planning & analysis in the finance industry. my job seniority is at the vp or executive level. i work at a company with 1k-10k employees or 10k+ employees. my main motivations: workforce cost data is fragmented and not audit-ready; hr data doesn't align with financial planning cycles; manual reconciliation introduces error and delay my main pain points: improve financial control over workforce costs; defend workforce roi with auditable outputs; align headcount planning with financial forecasts how do organizations determine which workforce programs are actually moving the needle?",0,1,0,1
"i am a cfo, vp of finance, head of finance, controller, head of fp&a, or director of financial planning & analysis in the finance industry. my job seniority is at the vp or executive level. i work at a company with 1k-10k employees or 10k+ employees. my main motivations: workforce cost data is fragmented and not audit-ready; hr data doesn't align with financial planning cycles; manual reconciliation introduces error and delay my main pain points: improve financial control over workforce costs; defend workforce roi with auditable outputs; align headcount planning with financial forecasts how do you build an hr strategy that is credible with finance and the c-suite?",0,1,0,6
"i am a cfo, vp of finance, head of finance, controller, head of fp&a, or director of financial planning & analysis in the finance industry. my job seniority is at the vp or executive level. i work at a company with 1k-10k employees or 10k+ employees. my main motivations: workforce cost data is fragmented and not audit-ready; hr data doesn't align with financial planning cycles; manual reconciliation introduces error and delay my main pain points: improve financial control over workforce costs; defend workforce roi with auditable outputs; align headcount planning with financial forecasts how has the hr tech stack evolved from transactional systems to intelligent platforms?",0,1,0,6
"i am a cfo, vp of finance, head of finance, controller, head of fp&a, or director of financial planning & analysis in the finance industry. my job seniority is at the vp or executive level. i work at a company with 1k-10k employees or 10k+ employees. my main motivations: workforce cost data is fragmented and not audit-ready; hr data doesn't align with financial planning cycles; manual reconciliation introduces error and delay my main pain points: improve financial control over workforce costs; defend workforce roi with auditable outputs; align headcount planning with financial forecasts hr services for building a workforce operations plan and retention strategy using people analytics?",0,2,0,4.5
"i am a cfo, vp of finance, head of finance, controller, head of fp&a, or director of financial planning & analysis in the finance industry. my job seniority is at the vp or executive level. i work at a company with 1k-10k employees or 10k+ employees. my main motivations: workforce cost data is fragmented and not audit-ready; hr data doesn't align with financial planning cycles; manual reconciliation introduces error and delay my main pain points: improve financial control over workforce costs; defend workforce roi with auditable outputs; align headcount planning with financial forecasts what does a truly data-driven hr strategy look like?",0,2,0,1
"i am a cfo, vp of finance, head of finance, controller, head of fp&a, or director of financial planning & analysis in the finance industry. my job seniority is at the vp or executive level. i work at a company with 1k-10k employees or 10k+ employees. my main motivations: workforce cost data is fragmented and not audit-ready; hr data doesn't align with financial planning cycles; manual reconciliation introduces error and delay my main pain points: improve financial control over workforce costs; defend workforce roi with auditable outputs; align headcount planning with financial forecasts what platforms unify hcm, hris, ats, and wfm functions in hr technology?",0,2,0,2.5
"i am a cfo, vp of finance, head of finance, controller, head of fp&a, or director of financial planning & analysis in the finance industry. my job seniority is at the vp or executive level. i work at a company with 1k-10k employees or 10k+ employees. my main motivations: workforce cost data is fragmented and not audit-ready; hr data doesn't align with financial planning cycles; manual reconciliation introduces error and delay my main pain points: improve financial control over workforce costs; defend workforce roi with auditable outputs; align headcount planning with financial forecasts who provides talent management aligned skills development for organizational transformation, analytical planning, strategic decision making, and communication adaptability?",0,1,0,9
"i am a chief financial officer, chief executive officer, founder, or owner. i work at a company with 1-249 employees or 250-1k employees. my main motivations: • tools and solutions that save time and reduce hassle • clear cost savings or predictable pricing that protects margins • success stories from other smb owners proving real growth and piece of mind my main pain points: • heavy pressure to make smart tech investments with quick returns so they can grow and scale effectively • making the right hr and people investments that can scale as the business grows, without wasting limited resources • payroll is too time-consuming, complex, and takes away focus from running the business • lack of reliable, all-in-one hr tools to handle the entire employee experience best hr software for usability",0,1,0,6
"i am a chief financial officer, chief executive officer, founder, or owner. i work at a company with 1-249 employees or 250-1k employees. my main motivations: • tools and solutions that save time and reduce hassle • clear cost savings or predictable pricing that protects margins • success stories from other smb owners proving real growth and piece of mind my main pain points: • heavy pressure to make smart tech investments with quick returns so they can grow and scale effectively • making the right hr and people investments that can scale as the business grows, without wasting limited resources • payroll is too time-consuming, complex, and takes away focus from running the business • lack of reliable, all-in-one hr tools to handle the entire employee experience can hr software predict workforce trends?",0,1,0,1
"i am a chief financial officer, chief executive officer, founder, or owner. i work at a company with 1-249 employees or 250-1k employees. my main motivations: • tools and solutions that save time and reduce hassle • clear cost savings or predictable pricing that protects margins • success stories from other smb owners proving real growth and piece of mind my main pain points: • heavy pressure to make smart tech investments with quick returns so they can grow and scale effectively • making the right hr and people investments that can scale as the business grows, without wasting limited resources • payroll is too time-consuming, complex, and takes away focus from running the business • lack of reliable, all-in-one hr tools to handle the entire employee experience can ukg pro help modernize hr systems?",0,7,0,1.1
"i am a chief financial officer, chief executive officer, founder, or owner. i work at a company with 1-249 employees or 250-1k employees. my main motivations: • tools and solutions that save time and reduce hassle • clear cost savings or predictable pricing that protects margins • success stories from other smb owners proving real growth and piece of mind my main pain points: • heavy pressure to make smart tech investments with quick returns so they can grow and scale effectively • making the right hr and people investments that can scale as the business grows, without wasting limited resources • payroll is too time-consuming, complex, and takes away focus from running the business • lack of reliable, all-in-one hr tools to handle the entire employee experience can ukg pro replace multiple hr systems?",0,1,0,1
"i am a chief financial officer, chief executive officer, founder, or owner. i work at a company with 1-249 employees or 250-1k employees. my main motivations: • tools and solutions that save time and reduce hassle • clear cost savings or predictable pricing that protects margins • success stories from other smb owners proving real growth and piece of mind my main pain points: • heavy pressure to make smart tech investments with quick returns so they can grow and scale effectively • making the right hr and people investments that can scale as the business grows, without wasting limited resources • payroll is too time-consuming, complex, and takes away focus from running the business • lack of reliable, all-in-one hr tools to handle the entire employee experience can ukg ready handle hr for a small team?",0,25,0,4.2
"i am a chief financial officer, chief executive officer, founder, or owner. i work at a company with 1-249 employees or 250-1k employees. my main motivations: • tools and solutions that save time and reduce hassle • clear cost savings or predictable pricing that protects margins • success stories from other smb owners proving real growth and piece of mind my main pain points: • heavy pressure to make smart tech investments with quick returns so they can grow and scale effectively • making the right hr and people investments that can scale as the business grows, without wasting limited resources • payroll is too time-consuming, complex, and takes away focus from running the business • lack of reliable, all-in-one hr tools to handle the entire employee experience can ukg ready help small businesses modernize hr?",0,1,0,7
"i am a chief financial officer, chief executive officer, founder, or owner. i work at a company with 1-249 employees or 250-1k employees. my main motivations: • tools and solutions that save time and reduce hassle • clear cost savings or predictable pricing that protects margins • success stories from other smb owners proving real growth and piece of mind my main pain points: • heavy pressure to make smart tech investments with quick returns so they can grow and scale effectively • making the right hr and people investments that can scale as the business grows, without wasting limited resources • payroll is too time-consuming, complex, and takes away focus from running the business • lack of reliable, all-in-one hr tools to handle the entire employee experience can ukg ready replace multiple hr systems?",0,16,0,8.3
"i am a chief financial officer, chief executive officer, founder, or owner. i work at a company with 1-249 employees or 250-1k employees. my main motivations: • tools and solutions that save time and reduce hassle • clear cost savings or predictable pricing that protects margins • success stories from other smb owners proving real growth and piece of mind my main pain points: • heavy pressure to make smart tech investments with quick returns so they can grow and scale effectively • making the right hr and people investments that can scale as the business grows, without wasting limited resources • payroll is too time-consuming, complex, and takes away focus from running the business • lack of reliable, all-in-one hr tools to handle the entire employee experience can ukg ready replace spreadsheets for hr?",0,3,0,5
"i am a chief financial officer, chief executive officer, founder, or owner. i work at a company with 1-249 employees or 250-1k employees. my main motivations: • tools and solutions that save time and reduce hassle • clear cost savings or predictable pricing that protects margins • success stories from other smb owners proving real growth and piece of mind my main pain points: • heavy pressure to make smart tech investments with quick returns so they can grow and scale effectively • making the right hr and people investments that can scale as the business grows, without wasting limited resources • payroll is too time-consuming, complex, and takes away focus from running the business • lack of reliable, all-in-one hr tools to handle the entire employee experience can ukg ready scale as a company grows?",0,6,0,4.2
"i am a chief financial officer, chief executive officer, founder, or owner. i work at a company with 1-249 employees or 250-1k employees. my main motivations: • tools and solutions that save time and reduce hassle • clear cost savings or predictable pricing that protects margins • success stories from other smb owners proving real growth and piece of mind my main pain points: • heavy pressure to make smart tech investments with quick returns so they can grow and scale effectively • making the right hr and people investments that can scale as the business grows, without wasting limited resources • payroll is too time-consuming, complex, and takes away focus from running the business • lack of reliable, all-in-one hr tools to handle the entire employee experience can ukg scale with my business?",0,1,0,1
"i am a chief financial officer, chief executive officer, founder, or owner. i work at a company with 1-249 employees or 250-1k employees. my main motivations: • tools and solutions that save time and reduce hassle • clear cost savings or predictable pricing that protects margins • success stories from other smb owners proving real growth and piece of mind my main pain points: • heavy pressure to make smart tech investments with quick returns so they can grow and scale effectively • making the right hr and people investments that can scale as the business grows, without wasting limited resources • payroll is too time-consuming, complex, and takes away focus from running the business • lack of reliable, all-in-one hr tools to handle the entire employee experience does ukg connect with other systems?",0,7,0,1.6
"i am a chief financial officer, chief executive officer, founder, or owner. i work at a company with 1-249 employees or 250-1k employees. my main motivations: • tools and solutions that save time and reduce hassle • clear cost savings or predictable pricing that protects margins • success stories from other smb owners proving real growth and piece of mind my main pain points: • heavy pressure to make smart tech investments with quick returns so they can grow and scale effectively • making the right hr and people investments that can scale as the business grows, without wasting limited resources • payroll is too time-consuming, complex, and takes away focus from running the business • lack of reliable, all-in-one hr tools to handle the entire employee experience does ukg pro support third-party integrations?",0,1,0,1
"i am a chief financial officer, chief executive officer, founder, or owner. i work at a company with 1-249 employees or 250-1k employees. my main motivations: • tools and solutions that save time and reduce hassle • clear cost savings or predictable pricing that protects margins • success stories from other smb owners proving real growth and piece of mind my main pain points: • heavy pressure to make smart tech investments with quick returns so they can grow and scale effectively • making the right hr and people investments that can scale as the business grows, without wasting limited resources • payroll is too time-consuming, complex, and takes away focus from running the business • lack of reliable, all-in-one hr tools to handle the entire employee experience does ukg pro use ai in hr?",0,1,0,4
"i am a chief financial officer, chief executive officer, founder, or owner. i work at a company with 1-249 employees or 250-1k employees. my main motivations: • tools and solutions that save time and reduce hassle • clear cost savings or predictable pricing that protects margins • success stories from other smb owners proving real growth and piece of mind my main pain points: • heavy pressure to make smart tech investments with quick returns so they can grow and scale effectively • making the right hr and people investments that can scale as the business grows, without wasting limited resources • payroll is too time-consuming, complex, and takes away focus from running the business • lack of reliable, all-in-one hr tools to handle the entire employee experience does ukg ready have apis for integrations?",0,1,0,9
"i am a chief financial officer, chief executive officer, founder, or owner. i work at a company with 1-249 employees or 250-1k employees. my main motivations: • tools and solutions that save time and reduce hassle • clear cost savings or predictable pricing that protects margins • success stories from other smb owners proving real growth and piece of mind my main pain points: • heavy pressure to make smart tech investments with quick returns so they can grow and scale effectively • making the right hr and people investments that can scale as the business grows, without wasting limited resources • payroll is too time-consuming, complex, and takes away focus from running the business • lack of reliable, all-in-one hr tools to handle the entire employee experience does ukg ready help small businesses save time and reduce admin work?",0,4,0,7.5
"i am a chief financial officer, chief executive officer, founder, or owner. i work at a company with 1-249 employees or 250-1k employees. my main motivations: • tools and solutions that save time and reduce hassle • clear cost savings or predictable pricing that protects margins • success stories from other smb owners proving real growth and piece of mind my main pain points: • heavy pressure to make smart tech investments with quick returns so they can grow and scale effectively • making the right hr and people investments that can scale as the business grows, without wasting limited resources • payroll is too time-consuming, complex, and takes away focus from running the business • lack of reliable, all-in-one hr tools to handle the entire employee experience does ukg ready support scheduling for small teams?",0,2,0,7
"i am a chief financial officer, chief executive officer, founder, or owner. i work at a company with 1-249 employees or 250-1k employees. my main motivations: • tools and solutions that save time and reduce hassle • clear cost savings or predictable pricing that protects margins • success stories from other smb owners proving real growth and piece of mind my main pain points: • heavy pressure to make smart tech investments with quick returns so they can grow and scale effectively • making the right hr and people investments that can scale as the business grows, without wasting limited resources • payroll is too time-consuming, complex, and takes away focus from running the business • lack of reliable, all-in-one hr tools to handle the entire employee experience how do i get the most from ukg?",0,1,0,1
"i am a chief financial officer, chief executive officer, founder, or owner. i work at a company with 1-249 employees or 250-1k employees. my main motivations: • tools and solutions that save time and reduce hassle • clear cost savings or predictable pricing that protects margins • success stories from other smb owners proving real growth and piece of mind my main pain points: • heavy pressure to make smart tech investments with quick returns so they can grow and scale effectively • making the right hr and people investments that can scale as the business grows, without wasting limited resources • payroll is too time-consuming, complex, and takes away focus from running the business • lack of reliable, all-in-one hr tools to handle the entire employee experience how do i keep employee data updated in hr software?",0,2,0,3
"i am a chief financial officer, chief executive officer, founder, or owner. i work at a company with 1-249 employees or 250-1k employees. my main motivations: • tools and solutions that save time and reduce hassle • clear cost savings or predictable pricing that protects margins • success stories from other smb owners proving real growth and piece of mind my main pain points: • heavy pressure to make smart tech investments with quick returns so they can grow and scale effectively • making the right hr and people investments that can scale as the business grows, without wasting limited resources • payroll is too time-consuming, complex, and takes away focus from running the business • lack of reliable, all-in-one hr tools to handle the entire employee experience how do i switch from my old system to new hr software?",0,11,0,3.2
"i am a chief financial officer, chief executive officer, founder, or owner. i work at a company with 1-249 employees or 250-1k employees. my main motivations: • tools and solutions that save time and reduce hassle • clear cost savings or predictable pricing that protects margins • success stories from other smb owners proving real growth and piece of mind my main pain points: • heavy pressure to make smart tech investments with quick returns so they can grow and scale effectively • making the right hr and people investments that can scale as the business grows, without wasting limited resources • payroll is too time-consuming, complex, and takes away focus from running the business • lack of reliable, all-in-one hr tools to handle the entire employee experience how do i troubleshoot common hr software issues?",0,1,0,3
"i am a chief financial officer, chief executive officer, founder, or owner. i work at a company with 1-249 employees or 250-1k employees. my main motivations: • tools and solutions that save time and reduce hassle • clear cost savings or predictable pricing that protects margins • success stories from other smb owners proving real growth and piece of mind my main pain points: • heavy pressure to make smart tech investments with quick returns so they can grow and scale effectively • making the right hr and people investments that can scale as the business grows, without wasting limited resources • payroll is too time-consuming, complex, and takes away focus from running the business • lack of reliable, all-in-one hr tools to handle the entire employee experience how does hr software improve compliance?",0,1,0,1
"i am a chief financial officer, chief executive officer, founder, or owner. i work at a company with 1-249 employees or 250-1k employees. my main motivations: • tools and solutions that save time and reduce hassle • clear cost savings or predictable pricing that protects margins • success stories from other smb owners proving real growth and piece of mind my main pain points: • heavy pressure to make smart tech investments with quick returns so they can grow and scale effectively • making the right hr and people investments that can scale as the business grows, without wasting limited resources • payroll is too time-consuming, complex, and takes away focus from running the business • lack of reliable, all-in-one hr tools to handle the entire employee experience how does hr software integrate with payroll systems?",0,1,0,2
"i am a chief financial officer, chief executive officer, founder, or owner. i work at a company with 1-249 employees or 250-1k employees. my main motivations: • tools and solutions that save time and reduce hassle • clear cost savings or predictable pricing that protects margins • success stories from other smb owners proving real growth and piece of mind my main pain points: • heavy pressure to make smart tech investments with quick returns so they can grow and scale effectively • making the right hr and people investments that can scale as the business grows, without wasting limited resources • payroll is too time-consuming, complex, and takes away focus from running the business • lack of reliable, all-in-one hr tools to handle the entire employee experience how does ukg ready compare to adp?",0,2,0,4.5
"i am a chief financial officer, chief executive officer, founder, or owner. i work at a company with 1-249 employees or 250-1k employees. my main motivations: • tools and solutions that save time and reduce hassle • clear cost savings or predictable pricing that protects margins • success stories from other smb owners proving real growth and piece of mind my main pain points: • heavy pressure to make smart tech investments with quick returns so they can grow and scale effectively • making the right hr and people investments that can scale as the business grows, without wasting limited resources • payroll is too time-consuming, complex, and takes away focus from running the business • lack of reliable, all-in-one hr tools to handle the entire employee experience how does ukg ready compare to rippling?",0,2,0,10
"i am a chief financial officer, chief executive officer, founder, or owner. i work at a company with 1-249 employees or 250-1k employees. my main motivations: • tools and solutions that save time and reduce hassle • clear cost savings or predictable pricing that protects margins • success stories from other smb owners proving real growth and piece of mind my main pain points: • heavy pressure to make smart tech investments with quick returns so they can grow and scale effectively • making the right hr and people investments that can scale as the business grows, without wasting limited resources • payroll is too time-consuming, complex, and takes away focus from running the business • lack of reliable, all-in-one hr tools to handle the entire employee experience how does ukg ready help growing businesses move off manual processes?",0,1,0,13
"i am a chief financial officer, chief executive officer, founder, or owner. i work at a company with 1-249 employees or 250-1k employees. my main motivations: • tools and solutions that save time and reduce hassle • clear cost savings or predictable pricing that protects margins • success stories from other smb owners proving real growth and piece of mind my main pain points: • heavy pressure to make smart tech investments with quick returns so they can grow and scale effectively • making the right hr and people investments that can scale as the business grows, without wasting limited resources • payroll is too time-consuming, complex, and takes away focus from running the business • lack of reliable, all-in-one hr tools to handle the entire employee experience how does ukg ready share data with other systems?",0,15,0,3.1
"i am a chief financial officer, chief executive officer, founder, or owner. i work at a company with 1-249 employees or 250-1k employees. my main motivations: • tools and solutions that save time and reduce hassle • clear cost savings or predictable pricing that protects margins • success stories from other smb owners proving real growth and piece of mind my main pain points: • heavy pressure to make smart tech investments with quick returns so they can grow and scale effectively • making the right hr and people investments that can scale as the business grows, without wasting limited resources • payroll is too time-consuming, complex, and takes away focus from running the business • lack of reliable, all-in-one hr tools to handle the entire employee experience how does ukg ready support business growth?",0,1,0,6
"i am a chief financial officer, chief executive officer, founder, or owner. i work at a company with 1-249 employees or 250-1k employees. my main motivations: • tools and solutions that save time and reduce hassle • clear cost savings or predictable pricing that protects margins • success stories from other smb owners proving real growth and piece of mind my main pain points: • heavy pressure to make smart tech investments with quick returns so they can grow and scale effectively • making the right hr and people investments that can scale as the business grows, without wasting limited resources • payroll is too time-consuming, complex, and takes away focus from running the business • lack of reliable, all-in-one hr tools to handle the entire employee experience how does ukg ready support labor law compliance?",0,1,0,6
"i am a chief financial officer, chief executive officer, founder, or owner. i work at a company with 1-249 employees or 250-1k employees. my main motivations: • tools and solutions that save time and reduce hassle • clear cost savings or predictable pricing that protects margins • success stories from other smb owners proving real growth and piece of mind my main pain points: • heavy pressure to make smart tech investments with quick returns so they can grow and scale effectively • making the right hr and people investments that can scale as the business grows, without wasting limited resources • payroll is too time-consuming, complex, and takes away focus from running the business • lack of reliable, all-in-one hr tools to handle the entire employee experience how does ukg use ai?",0,1,0,1
"i am a chief financial officer, chief executive officer, founder, or owner. i work at a company with 1-249 employees or 250-1k employees. my main motivations: • tools and solutions that save time and reduce hassle • clear cost savings or predictable pricing that protects margins • success stories from other smb owners proving real growth and piece of mind my main pain points: • heavy pressure to make smart tech investments with quick returns so they can grow and scale effectively • making the right hr and people investments that can scale as the business grows, without wasting limited resources • payroll is too time-consuming, complex, and takes away focus from running the business • lack of reliable, all-in-one hr tools to handle the entire employee experience how is ukg better than other hr tools?",0,1,0,1
"i am a chief financial officer, chief executive officer, founder, or owner. i work at a company with 1-249 employees or 250-1k employees. my main motivations: • tools and solutions that save time and reduce hassle • clear cost savings or predictable pricing that protects margins • success stories from other smb owners proving real growth and piece of mind my main pain points: • heavy pressure to make smart tech investments with quick returns so they can grow and scale effectively • making the right hr and people investments that can scale as the business grows, without wasting limited resources • payroll is too time-consuming, complex, and takes away focus from running the business • lack of reliable, all-in-one hr tools to handle the entire employee experience how long to implement ukg?",0,5,0,1.6
"i am a chief financial officer, chief executive officer, founder, or owner. i work at a company with 1-249 employees or 250-1k employees. my main motivations: • tools and solutions that save time and reduce hassle • clear cost savings or predictable pricing that protects margins • success stories from other smb owners proving real growth and piece of mind my main pain points: • heavy pressure to make smart tech investments with quick returns so they can grow and scale effectively • making the right hr and people investments that can scale as the business grows, without wasting limited resources • payroll is too time-consuming, complex, and takes away focus from running the business • lack of reliable, all-in-one hr tools to handle the entire employee experience how much does ukg cost?",0,1,0,8
"i am a chief financial officer, chief executive officer, founder, or owner. i work at a company with 1-249 employees or 250-1k employees. my main motivations: • tools and solutions that save time and reduce hassle • clear cost savings or predictable pricing that protects margins • success stories from other smb owners proving real growth and piece of mind my main pain points: • heavy pressure to make smart tech investments with quick returns so they can grow and scale effectively • making the right hr and people investments that can scale as the business grows, without wasting limited resources • payroll is too time-consuming, complex, and takes away focus from running the business • lack of reliable, all-in-one hr tools to handle the entire employee experience is ukg pro better than sap successfactors?",0,2,0,1
"i am a chief financial officer, chief executive officer, founder, or owner. i work at a company with 1-249 employees or 250-1k employees. my main motivations: • tools and solutions that save time and reduce hassle • clear cost savings or predictable pricing that protects margins • success stories from other smb owners proving real growth and piece of mind my main pain points: • heavy pressure to make smart tech investments with quick returns so they can grow and scale effectively • making the right hr and people investments that can scale as the business grows, without wasting limited resources • payroll is too time-consuming, complex, and takes away focus from running the business • lack of reliable, all-in-one hr tools to handle the entire employee experience is ukg pro good for managing hr compliance?",0,3,0,1
"i am a chief financial officer, chief executive officer, founder, or owner. i work at a company with 1-249 employees or 250-1k employees. my main motivations: • tools and solutions that save time and reduce hassle • clear cost savings or predictable pricing that protects margins • success stories from other smb owners proving real growth and piece of mind my main pain points: • heavy pressure to make smart tech investments with quick returns so they can grow and scale effectively • making the right hr and people investments that can scale as the business grows, without wasting limited resources • payroll is too time-consuming, complex, and takes away focus from running the business • lack of reliable, all-in-one hr tools to handle the entire employee experience is ukg ready a good hr and payroll solution?",0,12,0,5.9
"i am a chief financial officer, chief executive officer, founder, or owner. i work at a company with 1-249 employees or 250-1k employees. my main motivations: • tools and solutions that save time and reduce hassle • clear cost savings or predictable pricing that protects margins • success stories from other smb owners proving real growth and piece of mind my main pain points: • heavy pressure to make smart tech investments with quick returns so they can grow and scale effectively • making the right hr and people investments that can scale as the business grows, without wasting limited resources • payroll is too time-consuming, complex, and takes away focus from running the business • lack of reliable, all-in-one hr tools to handle the entire employee experience is ukg ready affordable for small businesses?",0,5,0,3.4
"i am a chief financial officer, chief executive officer, founder, or owner. i work at a company with 1-249 employees or 250-1k employees. my main motivations: • tools and solutions that save time and reduce hassle • clear cost savings or predictable pricing that protects margins • success stories from other smb owners proving real growth and piece of mind my main pain points: • heavy pressure to make smart tech investments with quick returns so they can grow and scale effectively • making the right hr and people investments that can scale as the business grows, without wasting limited resources • payroll is too time-consuming, complex, and takes away focus from running the business • lack of reliable, all-in-one hr tools to handle the entire employee experience is ukg ready an all-in-one hr system?",0,1,0,5
"i am a chief financial officer, chief executive officer, founder, or owner. i work at a company with 1-249 employees or 250-1k employees. my main motivations: • tools and solutions that save time and reduce hassle • clear cost savings or predictable pricing that protects margins • success stories from other smb owners proving real growth and piece of mind my main pain points: • heavy pressure to make smart tech investments with quick returns so they can grow and scale effectively • making the right hr and people investments that can scale as the business grows, without wasting limited resources • payroll is too time-consuming, complex, and takes away focus from running the business • lack of reliable, all-in-one hr tools to handle the entire employee experience is ukg ready better than paychex?",0,2,0,6.5
"i am a chief financial officer, chief executive officer, founder, or owner. i work at a company with 1-249 employees or 250-1k employees. my main motivations: • tools and solutions that save time and reduce hassle • clear cost savings or predictable pricing that protects margins • success stories from other smb owners proving real growth and piece of mind my main pain points: • heavy pressure to make smart tech investments with quick returns so they can grow and scale effectively • making the right hr and people investments that can scale as the business grows, without wasting limited resources • payroll is too time-consuming, complex, and takes away focus from running the business • lack of reliable, all-in-one hr tools to handle the entire employee experience is ukg ready better than using separate hr and payroll tools?",0,4,0,4.2
"i am a chief financial officer, chief executive officer, founder, or owner. i work at a company with 1-249 employees or 250-1k employees. my main motivations: • tools and solutions that save time and reduce hassle • clear cost savings or predictable pricing that protects margins • success stories from other smb owners proving real growth and piece of mind my main pain points: • heavy pressure to make smart tech investments with quick returns so they can grow and scale effectively • making the right hr and people investments that can scale as the business grows, without wasting limited resources • payroll is too time-consuming, complex, and takes away focus from running the business • lack of reliable, all-in-one hr tools to handle the entire employee experience is ukg ready easy to use for small business owners?",0,2,0,7
"i am a chief financial officer, chief executive officer, founder, or owner. i work at a company with 1-249 employees or 250-1k employees. my main motivations: • tools and solutions that save time and reduce hassle • clear cost savings or predictable pricing that protects margins • success stories from other smb owners proving real growth and piece of mind my main pain points: • heavy pressure to make smart tech investments with quick returns so they can grow and scale effectively • making the right hr and people investments that can scale as the business grows, without wasting limited resources • payroll is too time-consuming, complex, and takes away focus from running the business • lack of reliable, all-in-one hr tools to handle the entire employee experience is ukg ready good for growing businesses?",0,13,0,3.5
"i am a chief financial officer, chief executive officer, founder, or owner. i work at a company with 1-249 employees or 250-1k employees. my main motivations: • tools and solutions that save time and reduce hassle • clear cost savings or predictable pricing that protects margins • success stories from other smb owners proving real growth and piece of mind my main pain points: • heavy pressure to make smart tech investments with quick returns so they can grow and scale effectively • making the right hr and people investments that can scale as the business grows, without wasting limited resources • payroll is too time-consuming, complex, and takes away focus from running the business • lack of reliable, all-in-one hr tools to handle the entire employee experience is ukg ready good for managing hr compliance?",0,1,0,5
"i am a chief financial officer, chief executive officer, founder, or owner. i work at a company with 1-249 employees or 250-1k employees. my main motivations: • tools and solutions that save time and reduce hassle • clear cost savings or predictable pricing that protects margins • success stories from other smb owners proving real growth and piece of mind my main pain points: • heavy pressure to make smart tech investments with quick returns so they can grow and scale effectively • making the right hr and people investments that can scale as the business grows, without wasting limited resources • payroll is too time-consuming, complex, and takes away focus from running the business • lack of reliable, all-in-one hr tools to handle the entire employee experience is ukg ready good for small businesses?",0,22,0,5.8
"i am a chief financial officer, chief executive officer, founder, or owner. i work at a company with 1-249 employees or 250-1k employees. my main motivations: • tools and solutions that save time and reduce hassle • clear cost savings or predictable pricing that protects margins • success stories from other smb owners proving real growth and piece of mind my main pain points: • heavy pressure to make smart tech investments with quick returns so they can grow and scale effectively • making the right hr and people investments that can scale as the business grows, without wasting limited resources • payroll is too time-consuming, complex, and takes away focus from running the business • lack of reliable, all-in-one hr tools to handle the entire employee experience is ukg ready right for my company",0,12,0,6.3
"i am a chief financial officer, chief executive officer, founder, or owner. i work at a company with 1-249 employees or 250-1k employees. my main motivations: • tools and solutions that save time and reduce hassle • clear cost savings or predictable pricing that protects margins • success stories from other smb owners proving real growth and piece of mind my main pain points: • heavy pressure to make smart tech investments with quick returns so they can grow and scale effectively • making the right hr and people investments that can scale as the business grows, without wasting limited resources • payroll is too time-consuming, complex, and takes away focus from running the business • lack of reliable, all-in-one hr tools to handle the entire employee experience is ukg ready the right hr system for a growing company?",0,10,0,4.1
"i am a chief financial officer, chief executive officer, founder, or owner. i work at a company with 1-249 employees or 250-1k employees. my main motivations: • tools and solutions that save time and reduce hassle • clear cost savings or predictable pricing that protects margins • success stories from other smb owners proving real growth and piece of mind my main pain points: • heavy pressure to make smart tech investments with quick returns so they can grow and scale effectively • making the right hr and people investments that can scale as the business grows, without wasting limited resources • payroll is too time-consuming, complex, and takes away focus from running the business • lack of reliable, all-in-one hr tools to handle the entire employee experience ukg pro implementation timeline",0,9,0,1
"i am a chief financial officer, chief executive officer, founder, or owner. i work at a company with 1-249 employees or 250-1k employees. my main motivations: • tools and solutions that save time and reduce hassle • clear cost savings or predictable pricing that protects margins • success stories from other smb owners proving real growth and piece of mind my main pain points: • heavy pressure to make smart tech investments with quick returns so they can grow and scale effectively • making the right hr and people investments that can scale as the business grows, without wasting limited resources • payroll is too time-consuming, complex, and takes away focus from running the business • lack of reliable, all-in-one hr tools to handle the entire employee experience ukg pro payroll and hr system",0,4,0,1
"i am a chief financial officer, chief executive officer, founder, or owner. i work at a company with 1-249 employees or 250-1k employees. my main motivations: • tools and solutions that save time and reduce hassle • clear cost savings or predictable pricing that protects margins • success stories from other smb owners proving real growth and piece of mind my main pain points: • heavy pressure to make smart tech investments with quick returns so they can grow and scale effectively • making the right hr and people investments that can scale as the business grows, without wasting limited resources • payroll is too time-consuming, complex, and takes away focus from running the business • lack of reliable, all-in-one hr tools to handle the entire employee experience ukg pro pricing",0,2,0,2
"i am a chief financial officer, chief executive officer, founder, or owner. i work at a company with 1-249 employees or 250-1k employees. my main motivations: • tools and solutions that save time and reduce hassle • clear cost savings or predictable pricing that protects margins • success stories from other smb owners proving real growth and piece of mind my main pain points: • heavy pressure to make smart tech investments with quick returns so they can grow and scale effectively • making the right hr and people investments that can scale as the business grows, without wasting limited resources • payroll is too time-consuming, complex, and takes away focus from running the business • lack of reliable, all-in-one hr tools to handle the entire employee experience ukg pro reviews",0,1,0,1
"i am a chief financial officer, chief executive officer, founder, or owner. i work at a company with 1-249 employees or 250-1k employees. my main motivations: • tools and solutions that save time and reduce hassle • clear cost savings or predictable pricing that protects margins • success stories from other smb owners proving real growth and piece of mind my main pain points: • heavy pressure to make smart tech investments with quick returns so they can grow and scale effectively • making the right hr and people investments that can scale as the business grows, without wasting limited resources • payroll is too time-consuming, complex, and takes away focus from running the business • lack of reliable, all-in-one hr tools to handle the entire employee experience ukg pro vs ukg ready",0,37,0,5.4
"i am a chief financial officer, chief executive officer, founder, or owner. i work at a company with 1-249 employees or 250-1k employees. my main motivations: • tools and solutions that save time and reduce hassle • clear cost savings or predictable pricing that protects margins • success stories from other smb owners proving real growth and piece of mind my main pain points: • heavy pressure to make smart tech investments with quick returns so they can grow and scale effectively • making the right hr and people investments that can scale as the business grows, without wasting limited resources • payroll is too time-consuming, complex, and takes away focus from running the business • lack of reliable, all-in-one hr tools to handle the entire employee experience ukg ready pricing",0,29,0,2.7
"i am a chief financial officer, chief executive officer, founder, or owner. i work at a company with 1-249 employees or 250-1k employees. my main motivations: • tools and solutions that save time and reduce hassle • clear cost savings or predictable pricing that protects margins • success stories from other smb owners proving real growth and piece of mind my main pain points: • heavy pressure to make smart tech investments with quick returns so they can grow and scale effectively • making the right hr and people investments that can scale as the business grows, without wasting limited resources • payroll is too time-consuming, complex, and takes away focus from running the business • lack of reliable, all-in-one hr tools to handle the entire employee experience ukg ready vs bamboohr: which is better?",0,2,0,13
"i am a chief financial officer, chief executive officer, founder, or owner. i work at a company with 1-249 employees or 250-1k employees. my main motivations: • tools and solutions that save time and reduce hassle • clear cost savings or predictable pricing that protects margins • success stories from other smb owners proving real growth and piece of mind my main pain points: • heavy pressure to make smart tech investments with quick returns so they can grow and scale effectively • making the right hr and people investments that can scale as the business grows, without wasting limited resources • payroll is too time-consuming, complex, and takes away focus from running the business • lack of reliable, all-in-one hr tools to handle the entire employee experience what ai capabilities are in ukg pro?",0,3,0,3
"i am a chief financial officer, chief executive officer, founder, or owner. i work at a company with 1-249 employees or 250-1k employees. my main motivations: • tools and solutions that save time and reduce hassle • clear cost savings or predictable pricing that protects margins • success stories from other smb owners proving real growth and piece of mind my main pain points: • heavy pressure to make smart tech investments with quick returns so they can grow and scale effectively • making the right hr and people investments that can scale as the business grows, without wasting limited resources • payroll is too time-consuming, complex, and takes away focus from running the business • lack of reliable, all-in-one hr tools to handle the entire employee experience what are the pros and cons of ukg pro?",0,2,0,1
"i am a chief financial officer, chief executive officer, founder, or owner. i work at a company with 1-249 employees or 250-1k employees. my main motivations: • tools and solutions that save time and reduce hassle • clear cost savings or predictable pricing that protects margins • success stories from other smb owners proving real growth and piece of mind my main pain points: • heavy pressure to make smart tech investments with quick returns so they can grow and scale effectively • making the right hr and people investments that can scale as the business grows, without wasting limited resources • payroll is too time-consuming, complex, and takes away focus from running the business • lack of reliable, all-in-one hr tools to handle the entire employee experience what are the pros and cons of ukg ready?",0,2,0,9.5
"i am a chief financial officer, chief executive officer, founder, or owner. i work at a company with 1-249 employees or 250-1k employees. my main motivations: • tools and solutions that save time and reduce hassle • clear cost savings or predictable pricing that protects margins • success stories from other smb owners proving real growth and piece of mind my main pain points: • heavy pressure to make smart tech investments with quick returns so they can grow and scale effectively • making the right hr and people investments that can scale as the business grows, without wasting limited resources • payroll is too time-consuming, complex, and takes away focus from running the business • lack of reliable, all-in-one hr tools to handle the entire employee experience what contract options does ukg have?",0,6,0,4.8
"i am a chief financial officer, chief executive officer, founder, or owner. i work at a company with 1-249 employees or 250-1k employees. my main motivations: • tools and solutions that save time and reduce hassle • clear cost savings or predictable pricing that protects margins • success stories from other smb owners proving real growth and piece of mind my main pain points: • heavy pressure to make smart tech investments with quick returns so they can grow and scale effectively • making the right hr and people investments that can scale as the business grows, without wasting limited resources • payroll is too time-consuming, complex, and takes away focus from running the business • lack of reliable, all-in-one hr tools to handle the entire employee experience what does hr software do and why do companies use it?",0,1,0,1
"i am a chief financial officer, chief executive officer, founder, or owner. i work at a company with 1-249 employees or 250-1k employees. my main motivations: • tools and solutions that save time and reduce hassle • clear cost savings or predictable pricing that protects margins • success stories from other smb owners proving real growth and piece of mind my main pain points: • heavy pressure to make smart tech investments with quick returns so they can grow and scale effectively • making the right hr and people investments that can scale as the business grows, without wasting limited resources • payroll is too time-consuming, complex, and takes away focus from running the business • lack of reliable, all-in-one hr tools to handle the entire employee experience what does ukg pro do",0,1,0,1
"i am a chief financial officer, chief executive officer, founder, or owner. i work at a company with 1-249 employees or 250-1k employees. my main motivations: • tools and solutions that save time and reduce hassle • clear cost savings or predictable pricing that protects margins • success stories from other smb owners proving real growth and piece of mind my main pain points: • heavy pressure to make smart tech investments with quick returns so they can grow and scale effectively • making the right hr and people investments that can scale as the business grows, without wasting limited resources • payroll is too time-consuming, complex, and takes away focus from running the business • lack of reliable, all-in-one hr tools to handle the entire employee experience what features should i look for in hr software?",0,1,0,1
"i am a chief financial officer, chief executive officer, founder, or owner. i work at a company with 1-249 employees or 250-1k employees. my main motivations: • tools and solutions that save time and reduce hassle • clear cost savings or predictable pricing that protects margins • success stories from other smb owners proving real growth and piece of mind my main pain points: • heavy pressure to make smart tech investments with quick returns so they can grow and scale effectively • making the right hr and people investments that can scale as the business grows, without wasting limited resources • payroll is too time-consuming, complex, and takes away focus from running the business • lack of reliable, all-in-one hr tools to handle the entire employee experience what is the value of ukg ready for small business hr?",0,1,0,12
"i am a chief financial officer, chief executive officer, founder, or owner. i work at a company with 1-249 employees or 250-1k employees. my main motivations: • tools and solutions that save time and reduce hassle • clear cost savings or predictable pricing that protects margins • success stories from other smb owners proving real growth and piece of mind my main pain points: • heavy pressure to make smart tech investments with quick returns so they can grow and scale effectively • making the right hr and people investments that can scale as the business grows, without wasting limited resources • payroll is too time-consuming, complex, and takes away focus from running the business • lack of reliable, all-in-one hr tools to handle the entire employee experience what kpis should hr software track for workforce performance?",0,1,0,3
"i am a chief financial officer, chief executive officer, founder, or owner. i work at a company with 1-249 employees or 250-1k employees. my main motivations: • tools and solutions that save time and reduce hassle • clear cost savings or predictable pricing that protects margins • success stories from other smb owners proving real growth and piece of mind my main pain points: • heavy pressure to make smart tech investments with quick returns so they can grow and scale effectively • making the right hr and people investments that can scale as the business grows, without wasting limited resources • payroll is too time-consuming, complex, and takes away focus from running the business • lack of reliable, all-in-one hr tools to handle the entire employee experience what makes hr software easy to implement?",0,1,0,2
"i am a chief financial officer, chief executive officer, founder, or owner. i work at a company with 1-249 employees or 250-1k employees. my main motivations: • tools and solutions that save time and reduce hassle • clear cost savings or predictable pricing that protects margins • success stories from other smb owners proving real growth and piece of mind my main pain points: • heavy pressure to make smart tech investments with quick returns so they can grow and scale effectively • making the right hr and people investments that can scale as the business grows, without wasting limited resources • payroll is too time-consuming, complex, and takes away focus from running the business • lack of reliable, all-in-one hr tools to handle the entire employee experience what makes ukg ready different from other hr software?",0,15,0,1.7
"i am a chief financial officer, chief executive officer, founder, or owner. i work at a company with 1-249 employees or 250-1k employees. my main motivations: • tools and solutions that save time and reduce hassle • clear cost savings or predictable pricing that protects margins • success stories from other smb owners proving real growth and piece of mind my main pain points: • heavy pressure to make smart tech investments with quick returns so they can grow and scale effectively • making the right hr and people investments that can scale as the business grows, without wasting limited resources • payroll is too time-consuming, complex, and takes away focus from running the business • lack of reliable, all-in-one hr tools to handle the entire employee experience what processes can ukg ready automate?",0,1,0,10
"i am a chief financial officer, chief executive officer, founder, or owner. i work at a company with 1-249 employees or 250-1k employees. my main motivations: • tools and solutions that save time and reduce hassle • clear cost savings or predictable pricing that protects margins • success stories from other smb owners proving real growth and piece of mind my main pain points: • heavy pressure to make smart tech investments with quick returns so they can grow and scale effectively • making the right hr and people investments that can scale as the business grows, without wasting limited resources • payroll is too time-consuming, complex, and takes away focus from running the business • lack of reliable, all-in-one hr tools to handle the entire employee experience what security features should workforce software have?",0,1,0,5
"i am a chief financial officer, chief executive officer, founder, or owner. i work at a company with 1-249 employees or 250-1k employees. my main motivations: • tools and solutions that save time and reduce hassle • clear cost savings or predictable pricing that protects margins • success stories from other smb owners proving real growth and piece of mind my main pain points: • heavy pressure to make smart tech investments with quick returns so they can grow and scale effectively • making the right hr and people investments that can scale as the business grows, without wasting limited resources • payroll is too time-consuming, complex, and takes away focus from running the business • lack of reliable, all-in-one hr tools to handle the entire employee experience what’s in ukg’s setup process?",0,1,0,1
"i am a chief financial officer, chief executive officer, founder, or owner. i work at a company with 1-249 employees or 250-1k employees. my main motivations: • tools and solutions that save time and reduce hassle • clear cost savings or predictable pricing that protects margins • success stories from other smb owners proving real growth and piece of mind my main pain points: • heavy pressure to make smart tech investments with quick returns so they can grow and scale effectively • making the right hr and people investments that can scale as the business grows, without wasting limited resources • payroll is too time-consuming, complex, and takes away focus from running the business • lack of reliable, all-in-one hr tools to handle the entire employee experience what’s the difference between workforce management and hr software?",0,1,0,1
"i am a chief financial officer, chief executive officer, founder, or owner. i work at a company with 1-249 employees or 250-1k employees. my main motivations: • tools and solutions that save time and reduce hassle • clear cost savings or predictable pricing that protects margins • success stories from other smb owners proving real growth and piece of mind my main pain points: • heavy pressure to make smart tech investments with quick returns so they can grow and scale effectively • making the right hr and people investments that can scale as the business grows, without wasting limited resources • payroll is too time-consuming, complex, and takes away focus from running the business • lack of reliable, all-in-one hr tools to handle the entire employee experience when should a growing business switch to ukg ready?",0,35,0,4.2
"i am a chief financial officer, chief executive officer, founder, or owner. i work at a company with 1-249 employees or 250-1k employees. my main motivations: • tools and solutions that save time and reduce hassle • clear cost savings or predictable pricing that protects margins • success stories from other smb owners proving real growth and piece of mind my main pain points: • heavy pressure to make smart tech investments with quick returns so they can grow and scale effectively • making the right hr and people investments that can scale as the business grows, without wasting limited resources • payroll is too time-consuming, complex, and takes away focus from running the business • lack of reliable, all-in-one hr tools to handle the entire employee experience who is ukg pro best suited for?",0,7,0,1
"i am a chief financial officer, chief executive officer, founder, or owner. i work at a company with 1-249 employees or 250-1k employees. my main motivations: • tools and solutions that save time and reduce hassle • clear cost savings or predictable pricing that protects margins • success stories from other smb owners proving real growth and piece of mind my main pain points: • heavy pressure to make smart tech investments with quick returns so they can grow and scale effectively • making the right hr and people investments that can scale as the business grows, without wasting limited resources • payroll is too time-consuming, complex, and takes away focus from running the business • lack of reliable, all-in-one hr tools to handle the entire employee experience who is ukg ready best suited for?",0,39,0,4.2
"i am a chief financial officer, chief executive officer, founder, or owner. i work at a company with 1-249 employees or 250-1k employees. my main motivations: • tools and solutions that save time and reduce hassle • clear cost savings or predictable pricing that protects margins • success stories from other smb owners proving real growth and piece of mind my main pain points: • heavy pressure to make smart tech investments with quick returns so they can grow and scale effectively • making the right hr and people investments that can scale as the business grows, without wasting limited resources • payroll is too time-consuming, complex, and takes away focus from running the business • lack of reliable, all-in-one hr tools to handle the entire employee experience why choose ukg ready for hr and payroll?",0,2,0,6.5
"i am a chief financial officer, chief executive officer, founder, or owner. i work at a company with 1-249 employees or 250-1k employees. my main motivations: • tools and solutions that save time and reduce hassle • clear cost savings or predictable pricing that protects margins • success stories from other smb owners proving real growth and piece of mind my main pain points: • heavy pressure to make smart tech investments with quick returns so they can grow and scale effectively • making the right hr and people investments that can scale as the business grows, without wasting limited resources • payroll is too time-consuming, complex, and takes away focus from running the business • lack of reliable, all-in-one hr tools to handle the entire employee experience why is hr software better than spreadsheets?",0,2,0,4
"i am a chief financial officer. my job seniority is at the manager, director, vp, or executive level. i work at a company with 1k-10k employees or 10k+ employees. my main motivations: • a cfo trying to integrate pay processes and data more directly into broader initiatives around budgeting and cost savings, financial goals, securing investments, reducing risk, and incentivizing performance. • a payroll leader needing to support payroll accuracy, efficiency, visibility, experience, compliance, and impact my main pain points: • feels an immense amount of pressure to keep up with regulatory changes, ensure pay accuracy, and relieve the burden of outdated technology • fragmented payroll data preventing unified visibility into costs, compliance risk, and workforce efficiency • complex regulations exposing the company financial, legal, and reputational risk • payroll errors and administrative slowdowns breaking employee trust evaluate the business/productivity software company dayforce on global payroll",0,1,0,8
"i am a chief human resources officer, chief people officer, evp human resources, or svp human resources. my job seniority is at the executive level. i work at a company with 1k-10k employees or 10k+ employees. my main motivations: workforce risks surface in financial results before hr can act; data fragmented and not trusted at scale; no system to model forward-looking business decisions my main pain points: lead ai workforce readiness; connect workforce strategy to measurable business outcomes; maintain credibility with ceo, cfo, and board what hr technology platform integrates recruiting, performance management, scheduling, and payroll?",0,1,0,1
"i am a chief human resources officer, chief people officer, evp human resources, or svp human resources. my job seniority is at the executive level. i work at a company with 1k-10k employees or 10k+ employees. my main motivations: workforce risks surface in financial results before hr can act; data fragmented and not trusted at scale; no system to model forward-looking business decisions my main pain points: lead ai workforce readiness; connect workforce strategy to measurable business outcomes; maintain credibility with ceo, cfo, and board what integration between skills data and talent processes is essential in a modern platform?",0,1,0,1
"i am a chief human resources officer, chief people officer, evp human resources, or svp human resources. my job seniority is at the executive level. i work at a company with 1k-10k employees or 10k+ employees. my main motivations: workforce risks surface in financial results before hr can act; data fragmented and not trusted at scale; no system to model forward-looking business decisions my main pain points: lead ai workforce readiness; connect workforce strategy to measurable business outcomes; maintain credibility with ceo, cfo, and board what integration with financial planning tools should you expect from a workforce planning solution?",0,2,0,2
"i am a chief human resources officer, chief people officer, evp human resources, or svp human resources. my job seniority is at the executive level. i work at a company with 1k-10k employees or 10k+ employees. my main motivations: workforce risks surface in financial results before hr can act; data fragmented and not trusted at scale; no system to model forward-looking business decisions my main pain points: lead ai workforce readiness; connect workforce strategy to measurable business outcomes; maintain credibility with ceo, cfo, and board why is annual headcount planning no longer sufficient in today's business environment?",0,1,0,3
"i am a chief human resources officer. my job seniority is at the executive, vp, director, or manager level. i work at a company with 1k-10k employees or 10k+ employees. my main motivations: â€¢ a chro trying to balance employee experience with strategic transformation. â€¢ an hr leader trying to connect employee needs with business goals. my main pain points: â€¢ feel caught in the middle, trying to meet evolving employee expectations while also driving strategic organizational and workplace tech transformation. â€¢ disrupted employee experiences from delayed or inaccurate data proving hrâ€™s impact on business results beyond engagement metrics â€¢ outdated talent models unable to account for ai led transformation, shifting skills, and workforce expectations. can ukg help me with employee retention?",0,3,0,8.7
"i am a chief human resources officer. my job seniority is at the executive, vp, director, or manager level. i work at a company with 1k-10k employees or 10k+ employees. my main motivations: â€¢ a chro trying to balance employee experience with strategic transformation. â€¢ an hr leader trying to connect employee needs with business goals. my main pain points: â€¢ feel caught in the middle, trying to meet evolving employee expectations while also driving strategic organizational and workplace tech transformation. â€¢ disrupted employee experiences from delayed or inaccurate data proving hrâ€™s impact on business results beyond engagement metrics â€¢ outdated talent models unable to account for ai led transformation, shifting skills, and workforce expectations. can ukg pro connect with erp systems?",0,1,0,3
"i am a chief human resources officer. my job seniority is at the executive, vp, director, or manager level. i work at a company with 1k-10k employees or 10k+ employees. my main motivations: â€¢ a chro trying to balance employee experience with strategic transformation. â€¢ an hr leader trying to connect employee needs with business goals. my main pain points: â€¢ feel caught in the middle, trying to meet evolving employee expectations while also driving strategic organizational and workplace tech transformation. â€¢ disrupted employee experiences from delayed or inaccurate data proving hrâ€™s impact on business results beyond engagement metrics â€¢ outdated talent models unable to account for ai led transformation, shifting skills, and workforce expectations. can ukg pro help modernize hr systems?",0,1,0,3
"i am a chief human resources officer. my job seniority is at the executive, vp, director, or manager level. i work at a company with 1k-10k employees or 10k+ employees. my main motivations: â€¢ a chro trying to balance employee experience with strategic transformation. â€¢ an hr leader trying to connect employee needs with business goals. my main pain points: â€¢ feel caught in the middle, trying to meet evolving employee expectations while also driving strategic organizational and workplace tech transformation. â€¢ disrupted employee experiences from delayed or inaccurate data proving hrâ€™s impact on business results beyond engagement metrics â€¢ outdated talent models unable to account for ai led transformation, shifting skills, and workforce expectations. can ukg pro replace multiple hr systems?",0,12,0,4.6
"i am a chief human resources officer. my job seniority is at the executive, vp, director, or manager level. i work at a company with 1k-10k employees or 10k+ employees. my main motivations: â€¢ a chro trying to balance employee experience with strategic transformation. â€¢ an hr leader trying to connect employee needs with business goals. my main pain points: â€¢ feel caught in the middle, trying to meet evolving employee expectations while also driving strategic organizational and workplace tech transformation. â€¢ disrupted employee experiences from delayed or inaccurate data proving hrâ€™s impact on business results beyond engagement metrics â€¢ outdated talent models unable to account for ai led transformation, shifting skills, and workforce expectations. does ukg pro integrate with other systems?",0,108,0,1.8
"i am a chief human resources officer. my job seniority is at the executive, vp, director, or manager level. i work at a company with 1k-10k employees or 10k+ employees. my main motivations: â€¢ a chro trying to balance employee experience with strategic transformation. â€¢ an hr leader trying to connect employee needs with business goals. my main pain points: â€¢ feel caught in the middle, trying to meet evolving employee expectations while also driving strategic organizational and workplace tech transformation. â€¢ disrupted employee experiences from delayed or inaccurate data proving hrâ€™s impact on business results beyond engagement metrics â€¢ outdated talent models unable to account for ai led transformation, shifting skills, and workforce expectations. does ukg pro support third-party integrations?",0,64,0,1.3
"i am a chief human resources officer. my job seniority is at the executive, vp, director, or manager level. i work at a company with 1k-10k employees or 10k+ employees. my main motivations: â€¢ a chro trying to balance employee experience with strategic transformation. â€¢ an hr leader trying to connect employee needs with business goals. my main pain points: â€¢ feel caught in the middle, trying to meet evolving employee expectations while also driving strategic organizational and workplace tech transformation. â€¢ disrupted employee experiences from delayed or inaccurate data proving hrâ€™s impact on business results beyond engagement metrics â€¢ outdated talent models unable to account for ai led transformation, shifting skills, and workforce expectations. does ukg pro use ai in hr?",0,7,0,6
"i am a chief human resources officer. my job seniority is at the executive, vp, director, or manager level. i work at a company with 1k-10k employees or 10k+ employees. my main motivations: â€¢ a chro trying to balance employee experience with strategic transformation. â€¢ an hr leader trying to connect employee needs with business goals. my main pain points: â€¢ feel caught in the middle, trying to meet evolving employee expectations while also driving strategic organizational and workplace tech transformation. â€¢ disrupted employee experiences from delayed or inaccurate data proving hrâ€™s impact on business results beyond engagement metrics â€¢ outdated talent models unable to account for ai led transformation, shifting skills, and workforce expectations. how can i use ukg to improve employee engagement?",0,1,0,12
"i am a chief human resources officer. my job seniority is at the executive, vp, director, or manager level. i work at a company with 1k-10k employees or 10k+ employees. my main motivations: â€¢ a chro trying to balance employee experience with strategic transformation. â€¢ an hr leader trying to connect employee needs with business goals. my main pain points: â€¢ feel caught in the middle, trying to meet evolving employee expectations while also driving strategic organizational and workplace tech transformation. â€¢ disrupted employee experiences from delayed or inaccurate data proving hrâ€™s impact on business results beyond engagement metrics â€¢ outdated talent models unable to account for ai led transformation, shifting skills, and workforce expectations. how do companies evaluate hcm vendor support quality?",0,18,0,3.8
"i am a chief human resources officer. my job seniority is at the executive, vp, director, or manager level. i work at a company with 1k-10k employees or 10k+ employees. my main motivations: â€¢ a chro trying to balance employee experience with strategic transformation. â€¢ an hr leader trying to connect employee needs with business goals. my main pain points: â€¢ feel caught in the middle, trying to meet evolving employee expectations while also driving strategic organizational and workplace tech transformation. â€¢ disrupted employee experiences from delayed or inaccurate data proving hrâ€™s impact on business results beyond engagement metrics â€¢ outdated talent models unable to account for ai led transformation, shifting skills, and workforce expectations. how does hcm software help frontline workers?",0,1,0,10
"i am a chief human resources officer. my job seniority is at the executive, vp, director, or manager level. i work at a company with 1k-10k employees or 10k+ employees. my main motivations: â€¢ a chro trying to balance employee experience with strategic transformation. â€¢ an hr leader trying to connect employee needs with business goals. my main pain points: â€¢ feel caught in the middle, trying to meet evolving employee expectations while also driving strategic organizational and workplace tech transformation. â€¢ disrupted employee experiences from delayed or inaccurate data proving hrâ€™s impact on business results beyond engagement metrics â€¢ outdated talent models unable to account for ai led transformation, shifting skills, and workforce expectations. how does ukg pro automate hr processes?",0,7,0,6.6
"i am a chief human resources officer. my job seniority is at the executive, vp, director, or manager level. i work at a company with 1k-10k employees or 10k+ employees. my main motivations: â€¢ a chro trying to balance employee experience with strategic transformation. â€¢ an hr leader trying to connect employee needs with business goals. my main pain points: â€¢ feel caught in the middle, trying to meet evolving employee expectations while also driving strategic organizational and workplace tech transformation. â€¢ disrupted employee experiences from delayed or inaccurate data proving hrâ€™s impact on business results beyond engagement metrics â€¢ outdated talent models unable to account for ai led transformation, shifting skills, and workforce expectations. how does ukg pro compare to workday?",0,1,0,8
"i am a chief human resources officer. my job seniority is at the executive, vp, director, or manager level. i work at a company with 1k-10k employees or 10k+ employees. my main motivations: â€¢ a chro trying to balance employee experience with strategic transformation. â€¢ an hr leader trying to connect employee needs with business goals. my main pain points: â€¢ feel caught in the middle, trying to meet evolving employee expectations while also driving strategic organizational and workplace tech transformation. â€¢ disrupted employee experiences from delayed or inaccurate data proving hrâ€™s impact on business results beyond engagement metrics â€¢ outdated talent models unable to account for ai led transformation, shifting skills, and workforce expectations. how does ukg pro unify hr, payroll, and talent?",0,3,0,8.7
"i am a chief human resources officer. my job seniority is at the executive, vp, director, or manager level. i work at a company with 1k-10k employees or 10k+ employees. my main motivations: â€¢ a chro trying to balance employee experience with strategic transformation. â€¢ an hr leader trying to connect employee needs with business goals. my main pain points: â€¢ feel caught in the middle, trying to meet evolving employee expectations while also driving strategic organizational and workplace tech transformation. â€¢ disrupted employee experiences from delayed or inaccurate data proving hrâ€™s impact on business results beyond engagement metrics â€¢ outdated talent models unable to account for ai led transformation, shifting skills, and workforce expectations. how does ukg pro use predictive analytics?",0,5,0,5.2
"i am a chief human resources officer. my job seniority is at the executive, vp, director, or manager level. i work at a company with 1k-10k employees or 10k+ employees. my main motivations: â€¢ a chro trying to balance employee experience with strategic transformation. â€¢ an hr leader trying to connect employee needs with business goals. my main pain points: â€¢ feel caught in the middle, trying to meet evolving employee expectations while also driving strategic organizational and workplace tech transformation. â€¢ disrupted employee experiences from delayed or inaccurate data proving hrâ€™s impact on business results beyond engagement metrics â€¢ outdated talent models unable to account for ai led transformation, shifting skills, and workforce expectations. how easy is it to integrate ukg pro with existing software?",0,68,0,3
"i am a chief human resources officer. my job seniority is at the executive, vp, director, or manager level. i work at a company with 1k-10k employees or 10k+ employees. my main motivations: â€¢ a chro trying to balance employee experience with strategic transformation. â€¢ an hr leader trying to connect employee needs with business goals. my main pain points: â€¢ feel caught in the middle, trying to meet evolving employee expectations while also driving strategic organizational and workplace tech transformation. â€¢ disrupted employee experiences from delayed or inaccurate data proving hrâ€™s impact on business results beyond engagement metrics â€¢ outdated talent models unable to account for ai led transformation, shifting skills, and workforce expectations. if you were choosing an hcm platform today, which vendors would make the shortlist?",0,4,0,6.2
"i am a chief human resources officer. my job seniority is at the executive, vp, director, or manager level. i work at a company with 1k-10k employees or 10k+ employees. my main motivations: â€¢ a chro trying to balance employee experience with strategic transformation. â€¢ an hr leader trying to connect employee needs with business goals. my main pain points: â€¢ feel caught in the middle, trying to meet evolving employee expectations while also driving strategic organizational and workplace tech transformation. â€¢ disrupted employee experiences from delayed or inaccurate data proving hrâ€™s impact on business results beyond engagement metrics â€¢ outdated talent models unable to account for ai led transformation, shifting skills, and workforce expectations. is ukg pro a single system of record for hr?",0,9,0,5.7
"i am a chief human resources officer. my job seniority is at the executive, vp, director, or manager level. i work at a company with 1k-10k employees or 10k+ employees. my main motivations: â€¢ a chro trying to balance employee experience with strategic transformation. â€¢ an hr leader trying to connect employee needs with business goals. my main pain points: â€¢ feel caught in the middle, trying to meet evolving employee expectations while also driving strategic organizational and workplace tech transformation. â€¢ disrupted employee experiences from delayed or inaccurate data proving hrâ€™s impact on business results beyond engagement metrics â€¢ outdated talent models unable to account for ai led transformation, shifting skills, and workforce expectations. is ukg pro an all-in-one hr solution?",0,2,0,2
"i am a chief human resources officer. my job seniority is at the executive, vp, director, or manager level. i work at a company with 1k-10k employees or 10k+ employees. my main motivations: â€¢ a chro trying to balance employee experience with strategic transformation. â€¢ an hr leader trying to connect employee needs with business goals. my main pain points: â€¢ feel caught in the middle, trying to meet evolving employee expectations while also driving strategic organizational and workplace tech transformation. â€¢ disrupted employee experiences from delayed or inaccurate data proving hrâ€™s impact on business results beyond engagement metrics â€¢ outdated talent models unable to account for ai led transformation, shifting skills, and workforce expectations. ukg pro demo request",0,1,0,1
"i am a chief human resources officer. my job seniority is at the executive, vp, director, or manager level. i work at a company with 1k-10k employees or 10k+ employees. my main motivations: â€¢ a chro trying to balance employee experience with strategic transformation. â€¢ an hr leader trying to connect employee needs with business goals. my main pain points: â€¢ feel caught in the middle, trying to meet evolving employee expectations while also driving strategic organizational and workplace tech transformation. â€¢ disrupted employee experiences from delayed or inaccurate data proving hrâ€™s impact on business results beyond engagement metrics â€¢ outdated talent models unable to account for ai led transformation, shifting skills, and workforce expectations. ukg pro features",0,1,0,8
"i am a chief human resources officer. my job seniority is at the executive, vp, director, or manager level. i work at a company with 1k-10k employees or 10k+ employees. my main motivations: â€¢ a chro trying to balance employee experience with strategic transformation. â€¢ an hr leader trying to connect employee needs with business goals. my main pain points: â€¢ feel caught in the middle, trying to meet evolving employee expectations while also driving strategic organizational and workplace tech transformation. â€¢ disrupted employee experiences from delayed or inaccurate data proving hrâ€™s impact on business results beyond engagement metrics â€¢ outdated talent models unable to account for ai led transformation, shifting skills, and workforce expectations. ukg pro hr software capabilities",0,1,0,10
"i am a chief human resources officer. my job seniority is at the executive, vp, director, or manager level. i work at a company with 1k-10k employees or 10k+ employees. my main motivations: â€¢ a chro trying to balance employee experience with strategic transformation. â€¢ an hr leader trying to connect employee needs with business goals. my main pain points: â€¢ feel caught in the middle, trying to meet evolving employee expectations while also driving strategic organizational and workplace tech transformation. â€¢ disrupted employee experiences from delayed or inaccurate data proving hrâ€™s impact on business results beyond engagement metrics â€¢ outdated talent models unable to account for ai led transformation, shifting skills, and workforce expectations. ukg pro implementation timeline",0,155,0,2.1
"i am a chief human resources officer. my job seniority is at the executive, vp, director, or manager level. i work at a company with 1k-10k employees or 10k+ employees. my main motivations: â€¢ a chro trying to balance employee experience with strategic transformation. â€¢ an hr leader trying to connect employee needs with business goals. my main pain points: â€¢ feel caught in the middle, trying to meet evolving employee expectations while also driving strategic organizational and workplace tech transformation. â€¢ disrupted employee experiences from delayed or inaccurate data proving hrâ€™s impact on business results beyond engagement metrics â€¢ outdated talent models unable to account for ai led transformation, shifting skills, and workforce expectations. ukg pro integrations",0,17,0,3.8
"i am a chief human resources officer. my job seniority is at the executive, vp, director, or manager level. i work at a company with 1k-10k employees or 10k+ employees. my main motivations: â€¢ a chro trying to balance employee experience with strategic transformation. â€¢ an hr leader trying to connect employee needs with business goals. my main pain points: â€¢ feel caught in the middle, trying to meet evolving employee expectations while also driving strategic organizational and workplace tech transformation. â€¢ disrupted employee experiences from delayed or inaccurate data proving hrâ€™s impact on business results beyond engagement metrics â€¢ outdated talent models unable to account for ai led transformation, shifting skills, and workforce expectations. ukg pro payroll and hr system",0,1,0,5
"i am a chief human resources officer. my job seniority is at the executive, vp, director, or manager level. i work at a company with 1k-10k employees or 10k+ employees. my main motivations: â€¢ a chro trying to balance employee experience with strategic transformation. â€¢ an hr leader trying to connect employee needs with business goals. my main pain points: â€¢ feel caught in the middle, trying to meet evolving employee expectations while also driving strategic organizational and workplace tech transformation. â€¢ disrupted employee experiences from delayed or inaccurate data proving hrâ€™s impact on business results beyond engagement metrics â€¢ outdated talent models unable to account for ai led transformation, shifting skills, and workforce expectations. ukg pro pricing",0,86,0,3.9
"i am a chief human resources officer. my job seniority is at the executive, vp, director, or manager level. i work at a company with 1k-10k employees or 10k+ employees. my main motivations: â€¢ a chro trying to balance employee experience with strategic transformation. â€¢ an hr leader trying to connect employee needs with business goals. my main pain points: â€¢ feel caught in the middle, trying to meet evolving employee expectations while also driving strategic organizational and workplace tech transformation. â€¢ disrupted employee experiences from delayed or inaccurate data proving hrâ€™s impact on business results beyond engagement metrics â€¢ outdated talent models unable to account for ai led transformation, shifting skills, and workforce expectations. ukg pro reviews",0,2,0,13
"i am a chief human resources officer. my job seniority is at the executive, vp, director, or manager level. i work at a company with 1k-10k employees or 10k+ employees. my main motivations: â€¢ a chro trying to balance employee experience with strategic transformation. â€¢ an hr leader trying to connect employee needs with business goals. my main pain points: â€¢ feel caught in the middle, trying to meet evolving employee expectations while also driving strategic organizational and workplace tech transformation. â€¢ disrupted employee experiences from delayed or inaccurate data proving hrâ€™s impact on business results beyond engagement metrics â€¢ outdated talent models unable to account for ai led transformation, shifting skills, and workforce expectations. ukg pro vs ukg ready",0,36,0,3.3
"i am a chief human resources officer. my job seniority is at the executive, vp, director, or manager level. i work at a company with 1k-10k employees or 10k+ employees. my main motivations: â€¢ a chro trying to balance employee experience with strategic transformation. â€¢ an hr leader trying to connect employee needs with business goals. my main pain points: â€¢ feel caught in the middle, trying to meet evolving employee expectations while also driving strategic organizational and workplace tech transformation. â€¢ disrupted employee experiences from delayed or inaccurate data proving hrâ€™s impact on business results beyond engagement metrics â€¢ outdated talent models unable to account for ai led transformation, shifting skills, and workforce expectations. ukg pro vs workday",0,1,0,1
"i am a chief human resources officer. my job seniority is at the executive, vp, director, or manager level. i work at a company with 1k-10k employees or 10k+ employees. my main motivations: â€¢ a chro trying to balance employee experience with strategic transformation. â€¢ an hr leader trying to connect employee needs with business goals. my main pain points: â€¢ feel caught in the middle, trying to meet evolving employee expectations while also driving strategic organizational and workplace tech transformation. â€¢ disrupted employee experiences from delayed or inaccurate data proving hrâ€™s impact on business results beyond engagement metrics â€¢ outdated talent models unable to account for ai led transformation, shifting skills, and workforce expectations. what ai capabilities are in ukg pro?",0,6,0,4
"i am a chief human resources officer. my job seniority is at the executive, vp, director, or manager level. i work at a company with 1k-10k employees or 10k+ employees. my main motivations: â€¢ a chro trying to balance employee experience with strategic transformation. â€¢ an hr leader trying to connect employee needs with business goals. my main pain points: â€¢ feel caught in the middle, trying to meet evolving employee expectations while also driving strategic organizational and workplace tech transformation. â€¢ disrupted employee experiences from delayed or inaccurate data proving hrâ€™s impact on business results beyond engagement metrics â€¢ outdated talent models unable to account for ai led transformation, shifting skills, and workforce expectations. what are the biggest mistakes companies make during hcm implementation?",0,95,0,2.3
"i am a chief human resources officer. my job seniority is at the executive, vp, director, or manager level. i work at a company with 1k-10k employees or 10k+ employees. my main motivations: â€¢ a chro trying to balance employee experience with strategic transformation. â€¢ an hr leader trying to connect employee needs with business goals. my main pain points: â€¢ feel caught in the middle, trying to meet evolving employee expectations while also driving strategic organizational and workplace tech transformation. â€¢ disrupted employee experiences from delayed or inaccurate data proving hrâ€™s impact on business results beyond engagement metrics â€¢ outdated talent models unable to account for ai led transformation, shifting skills, and workforce expectations. what are the hidden costs of implementing hcm software?",0,54,0,2.6
"i am a chief human resources officer. my job seniority is at the executive, vp, director, or manager level. i work at a company with 1k-10k employees or 10k+ employees. my main motivations: â€¢ a chro trying to balance employee experience with strategic transformation. â€¢ an hr leader trying to connect employee needs with business goals. my main pain points: â€¢ feel caught in the middle, trying to meet evolving employee expectations while also driving strategic organizational and workplace tech transformation. â€¢ disrupted employee experiences from delayed or inaccurate data proving hrâ€™s impact on business results beyond engagement metrics â€¢ outdated talent models unable to account for ai led transformation, shifting skills, and workforce expectations. what are the most customizable hcm platforms?",0,1,0,3
"i am a chief human resources officer. my job seniority is at the executive, vp, director, or manager level. i work at a company with 1k-10k employees or 10k+ employees. my main motivations: â€¢ a chro trying to balance employee experience with strategic transformation. â€¢ an hr leader trying to connect employee needs with business goals. my main pain points: â€¢ feel caught in the middle, trying to meet evolving employee expectations while also driving strategic organizational and workplace tech transformation. â€¢ disrupted employee experiences from delayed or inaccurate data proving hrâ€™s impact on business results beyond engagement metrics â€¢ outdated talent models unable to account for ai led transformation, shifting skills, and workforce expectations. what are the pros and cons of ukg pro?",0,2,0,2
"i am a chief human resources officer. my job seniority is at the executive, vp, director, or manager level. i work at a company with 1k-10k employees or 10k+ employees. my main motivations: â€¢ a chro trying to balance employee experience with strategic transformation. â€¢ an hr leader trying to connect employee needs with business goals. my main pain points: â€¢ feel caught in the middle, trying to meet evolving employee expectations while also driving strategic organizational and workplace tech transformation. â€¢ disrupted employee experiences from delayed or inaccurate data proving hrâ€™s impact on business results beyond engagement metrics â€¢ outdated talent models unable to account for ai led transformation, shifting skills, and workforce expectations. what are the signs a company has outgrown its hcm system?",0,1,0,1
"i am a chief human resources officer. my job seniority is at the executive, vp, director, or manager level. i work at a company with 1k-10k employees or 10k+ employees. my main motivations: â€¢ a chro trying to balance employee experience with strategic transformation. â€¢ an hr leader trying to connect employee needs with business goals. my main pain points: â€¢ feel caught in the middle, trying to meet evolving employee expectations while also driving strategic organizational and workplace tech transformation. â€¢ disrupted employee experiences from delayed or inaccurate data proving hrâ€™s impact on business results beyond engagement metrics â€¢ outdated talent models unable to account for ai led transformation, shifting skills, and workforce expectations. what do hr leaders wish they knew before buying hcm software?",0,20,0,2.9
"i am a chief human resources officer. my job seniority is at the executive, vp, director, or manager level. i work at a company with 1k-10k employees or 10k+ employees. my main motivations: â€¢ a chro trying to balance employee experience with strategic transformation. â€¢ an hr leader trying to connect employee needs with business goals. my main pain points: â€¢ feel caught in the middle, trying to meet evolving employee expectations while also driving strategic organizational and workplace tech transformation. â€¢ disrupted employee experiences from delayed or inaccurate data proving hrâ€™s impact on business results beyond engagement metrics â€¢ outdated talent models unable to account for ai led transformation, shifting skills, and workforce expectations. what does ukg pro do",0,2,0,2.5
"i am a chief human resources officer. my job seniority is at the executive, vp, director, or manager level. i work at a company with 1k-10k employees or 10k+ employees. my main motivations: â€¢ a chro trying to balance employee experience with strategic transformation. â€¢ an hr leader trying to connect employee needs with business goals. my main pain points: â€¢ feel caught in the middle, trying to meet evolving employee expectations while also driving strategic organizational and workplace tech transformation. â€¢ disrupted employee experiences from delayed or inaccurate data proving hrâ€™s impact on business results beyond engagement metrics â€¢ outdated talent models unable to account for ai led transformation, shifting skills, and workforce expectations. what features does ukg pro offer?",0,2,0,2.5
"i am a chief human resources officer. my job seniority is at the executive, vp, director, or manager level. i work at a company with 1k-10k employees or 10k+ employees. my main motivations: â€¢ a chro trying to balance employee experience with strategic transformation. â€¢ an hr leader trying to connect employee needs with business goals. my main pain points: â€¢ feel caught in the middle, trying to meet evolving employee expectations while also driving strategic organizational and workplace tech transformation. â€¢ disrupted employee experiences from delayed or inaccurate data proving hrâ€™s impact on business results beyond engagement metrics â€¢ outdated talent models unable to account for ai led transformation, shifting skills, and workforce expectations. what hcm platform would you recommend for a company with 10,000 employees?",0,1,0,9
"i am a chief human resources officer. my job seniority is at the executive, vp, director, or manager level. i work at a company with 1k-10k employees or 10k+ employees. my main motivations: â€¢ a chro trying to balance employee experience with strategic transformation. â€¢ an hr leader trying to connect employee needs with business goals. my main pain points: â€¢ feel caught in the middle, trying to meet evolving employee expectations while also driving strategic organizational and workplace tech transformation. â€¢ disrupted employee experiences from delayed or inaccurate data proving hrâ€™s impact on business results beyond engagement metrics â€¢ outdated talent models unable to account for ai led transformation, shifting skills, and workforce expectations. what hcm systems are easiest for employees to learn?",0,1,0,4
"i am a chief human resources officer. my job seniority is at the executive, vp, director, or manager level. i work at a company with 1k-10k employees or 10k+ employees. my main motivations: â€¢ a chro trying to balance employee experience with strategic transformation. â€¢ an hr leader trying to connect employee needs with business goals. my main pain points: â€¢ feel caught in the middle, trying to meet evolving employee expectations while also driving strategic organizational and workplace tech transformation. â€¢ disrupted employee experiences from delayed or inaccurate data proving hrâ€™s impact on business results beyond engagement metrics â€¢ outdated talent models unable to account for ai led transformation, shifting skills, and workforce expectations. what integrations matter most when choosing hcm software?",0,1,0,7
"i am a chief human resources officer. my job seniority is at the executive, vp, director, or manager level. i work at a company with 1k-10k employees or 10k+ employees. my main motivations: â€¢ a chro trying to balance employee experience with strategic transformation. â€¢ an hr leader trying to connect employee needs with business goals. my main pain points: â€¢ feel caught in the middle, trying to meet evolving employee expectations while also driving strategic organizational and workplace tech transformation. â€¢ disrupted employee experiences from delayed or inaccurate data proving hrâ€™s impact on business results beyond engagement metrics â€¢ outdated talent models unable to account for ai led transformation, shifting skills, and workforce expectations. what is ukg pro",0,2,0,2.5
"i am a chief human resources officer. my job seniority is at the executive, vp, director, or manager level. i work at a company with 1k-10k employees or 10k+ employees. my main motivations: â€¢ a chro trying to balance employee experience with strategic transformation. â€¢ an hr leader trying to connect employee needs with business goals. my main pain points: â€¢ feel caught in the middle, trying to meet evolving employee expectations while also driving strategic organizational and workplace tech transformation. â€¢ disrupted employee experiences from delayed or inaccurate data proving hrâ€™s impact on business results beyond engagement metrics â€¢ outdated talent models unable to account for ai led transformation, shifting skills, and workforce expectations. what is ukg pro used for?",0,2,0,6
"i am a chief human resources officer. my job seniority is at the executive, vp, director, or manager level. i work at a company with 1k-10k employees or 10k+ employees. my main motivations: â€¢ a chro trying to balance employee experience with strategic transformation. â€¢ an hr leader trying to connect employee needs with business goals. my main pain points: â€¢ feel caught in the middle, trying to meet evolving employee expectations while also driving strategic organizational and workplace tech transformation. â€¢ disrupted employee experiences from delayed or inaccurate data proving hrâ€™s impact on business results beyond engagement metrics â€¢ outdated talent models unable to account for ai led transformation, shifting skills, and workforce expectations. what questions should procurement ask before buying hcm software?",0,5,0,3.4
"i am a chief human resources officer. my job seniority is at the executive, vp, director, or manager level. i work at a company with 1k-10k employees or 10k+ employees. my main motivations: â€¢ a chro trying to balance employee experience with strategic transformation. â€¢ an hr leader trying to connect employee needs with business goals. my main pain points: â€¢ feel caught in the middle, trying to meet evolving employee expectations while also driving strategic organizational and workplace tech transformation. â€¢ disrupted employee experiences from delayed or inaccurate data proving hrâ€™s impact on business results beyond engagement metrics â€¢ outdated talent models unable to account for ai led transformation, shifting skills, and workforce expectations. what systems can ukg pro integrate with?",0,13,0,3.8
"i am a chief human resources officer. my job seniority is at the executive, vp, director, or manager level. i work at a company with 1k-10k employees or 10k+ employees. my main motivations: â€¢ a chro trying to balance employee experience with strategic transformation. â€¢ an hr leader trying to connect employee needs with business goals. my main pain points: â€¢ feel caught in the middle, trying to meet evolving employee expectations while also driving strategic organizational and workplace tech transformation. â€¢ disrupted employee experiences from delayed or inaccurate data proving hrâ€™s impact on business results beyond engagement metrics â€¢ outdated talent models unable to account for ai led transformation, shifting skills, and workforce expectations. whatâ€™s the best hcm software for large enterprises?",0,2,0,3.5
"i am a chief human resources officer. my job seniority is at the executive, vp, director, or manager level. i work at a company with 1k-10k employees or 10k+ employees. my main motivations: â€¢ a chro trying to balance employee experience with strategic transformation. â€¢ an hr leader trying to connect employee needs with business goals. my main pain points: â€¢ feel caught in the middle, trying to meet evolving employee expectations while also driving strategic organizational and workplace tech transformation. â€¢ disrupted employee experiences from delayed or inaccurate data proving hrâ€™s impact on business results beyond engagement metrics â€¢ outdated talent models unable to account for ai led transformation, shifting skills, and workforce expectations. which hcm platforms have the strongest ai capabilities?",0,1,0,1
"i am a chief human resources officer. my job seniority is at the executive, vp, director, or manager level. i work at a company with 1k-10k employees or 10k+ employees. my main motivations: â€¢ a chro trying to balance employee experience with strategic transformation. â€¢ an hr leader trying to connect employee needs with business goals. my main pain points: â€¢ feel caught in the middle, trying to meet evolving employee expectations while also driving strategic organizational and workplace tech transformation. â€¢ disrupted employee experiences from delayed or inaccurate data proving hrâ€™s impact on business results beyond engagement metrics â€¢ outdated talent models unable to account for ai led transformation, shifting skills, and workforce expectations. which hcm platforms scale best during rapid growth?",0,7,0,3.1
"i am a chief human resources officer. my job seniority is at the executive, vp, director, or manager level. i work at a company with 1k-10k employees or 10k+ employees. my main motivations: â€¢ a chro trying to balance employee experience with strategic transformation. â€¢ an hr leader trying to connect employee needs with business goals. my main pain points: â€¢ feel caught in the middle, trying to meet evolving employee expectations while also driving strategic organizational and workplace tech transformation. â€¢ disrupted employee experiences from delayed or inaccurate data proving hrâ€™s impact on business results beyond engagement metrics â€¢ outdated talent models unable to account for ai led transformation, shifting skills, and workforce expectations. which hcm software vendors are best for midsize businesses?",0,1,0,4
"i am a chief human resources officer. my job seniority is at the executive, vp, director, or manager level. i work at a company with 1k-10k employees or 10k+ employees. my main motivations: â€¢ a chro trying to balance employee experience with strategic transformation. â€¢ an hr leader trying to connect employee needs with business goals. my main pain points: â€¢ feel caught in the middle, trying to meet evolving employee expectations while also driving strategic organizational and workplace tech transformation. â€¢ disrupted employee experiences from delayed or inaccurate data proving hrâ€™s impact on business results beyond engagement metrics â€¢ outdated talent models unable to account for ai led transformation, shifting skills, and workforce expectations. who is ukg pro best suited for?",0,52,0,3.1
"i am a chief human resources officer. my job seniority is at the executive, vp, director, or manager level. i work at a company with 1k-10k employees or 10k+ employees. my main motivations: â€¢ a chro trying to balance employee experience with strategic transformation. â€¢ an hr leader trying to connect employee needs with business goals. my main pain points: â€¢ feel caught in the middle, trying to meet evolving employee expectations while also driving strategic organizational and workplace tech transformation. â€¢ disrupted employee experiences from delayed or inaccurate data proving hrâ€™s impact on business results beyond engagement metrics â€¢ outdated talent models unable to account for ai led transformation, shifting skills, and workforce expectations. why choose ukg pro over other hr systems?",0,5,0,5
"i am a chief human resources officer. my job seniority is at the executive, vp, director, or manager level. i work at a company with 1k-10k employees or 10k+ employees. my main motivations: â€¢ a chro trying to balance employee experience with strategic transformation. â€¢ an hr leader trying to connect employee needs with business goals. my main pain points: â€¢ feel caught in the middle, trying to meet evolving employee expectations while also driving strategic organizational and workplace tech transformation. â€¢ disrupted employee experiences from delayed or inaccurate data proving hrâ€™s impact on business results beyond engagement metrics â€¢ outdated talent models unable to account for ai led transformation, shifting skills, and workforce expectations. why is ukg good for c-suite?",0,1,0,4
"i am a chief product officer, vp of product, svp of product, head of product, director of product, or director of product strategy in the technology, hr tech, or saas industry. my job seniority is at the director, vp, or executive level. i work at a company with 1k-10k employees or 10k+ employees. my main motivations: engineering stuck building data foundations instead of shipping features; ai features slow to launch; losing competitive ground due to data readiness gaps my main pain points: ship ai-powered features faster; deliver consistent intelligence across customers; unlock new revenue with premium ai features how do you build an hr strategy that is credible with finance and the c-suite?",0,1,0,7
"i am a head of people analytics, director of people analytics, or vp of people analytics in the technology or human resources industry. my job seniority is at the vp or director level. i work at a company with 1k-10k employees or 10k+ employees. my main motivations: deliver trusted workforce insights at scale; build ai-ready analytics foundation; connect people data to business decisions my main pain points: inconsistent data definitions across systems; time spent on data reconciliation vs. analysis; inability to deliver reliable, trusted insights how do you measure the incremental value ai delivers over traditional hr analytics?",0,1,0,13
"i am a head of people analytics, director of people analytics, or vp of people analytics in the technology or human resources industry. my job seniority is at the vp or director level. i work at a company with 1k-10k employees or 10k+ employees. my main motivations: deliver trusted workforce insights at scale; build ai-ready analytics foundation; connect people data to business decisions my main pain points: inconsistent data definitions across systems; time spent on data reconciliation vs. analysis; inability to deliver reliable, trusted insights what does a manager effectiveness dashboard look like for hr business partners?",0,1,0,2
"i am a head of people analytics, director of people analytics, or vp of people analytics in the technology or human resources industry. my job seniority is at the vp or director level. i work at a company with 1k-10k employees or 10k+ employees. my main motivations: deliver trusted workforce insights at scale; build ai-ready analytics foundation; connect people data to business decisions my main pain points: inconsistent data definitions across systems; time spent on data reconciliation vs. analysis; inability to deliver reliable, trusted insights what does it mean to democratize workforce insights across an organization?",0,1,0,1
"i am a head of workforce planning, director of strategic workforce planning, or vp of workforce planning in the technology or human resources industry. my job seniority is at the vp or director level. i work at a company with 1k-10k employees or 10k+ employees. my main motivations: build accurate headcount forecasts; enable scenario modeling for org decisions; connect workforce supply to business demand my main pain points: cannot model future workforce scenarios with confidence; data is stale by the time it reaches planning teams; no unified view across functions how do you evaluate a vendor's ability to support evolving hr priorities over a multi-year horizon?",0,1,0,4
"i am a head of workforce planning, director of strategic workforce planning, or vp of workforce planning in the technology or human resources industry. my job seniority is at the vp or director level. i work at a company with 1k-10k employees or 10k+ employees. my main motivations: build accurate headcount forecasts; enable scenario modeling for org decisions; connect workforce supply to business demand my main pain points: cannot model future workforce scenarios with confidence; data is stale by the time it reaches planning teams; no unified view across functions how should organizations prioritize retention investment across employee populations?",0,1,0,3
"i am a head of workforce planning, director of strategic workforce planning, or vp of workforce planning in the technology or human resources industry. my job seniority is at the vp or director level. i work at a company with 1k-10k employees or 10k+ employees. my main motivations: build accurate headcount forecasts; enable scenario modeling for org decisions; connect workforce supply to business demand my main pain points: cannot model future workforce scenarios with confidence; data is stale by the time it reaches planning teams; no unified view across functions what does a skills measurement framework look like for executive reporting?",0,1,0,3
"i am a head of workforce planning, director of strategic workforce planning, or vp of workforce planning in the technology or human resources industry. my job seniority is at the vp or director level. i work at a company with 1k-10k employees or 10k+ employees. my main motivations: build accurate headcount forecasts; enable scenario modeling for org decisions; connect workforce supply to business demand my main pain points: cannot model future workforce scenarios with confidence; data is stale by the time it reaches planning teams; no unified view across functions what hr technology platform integrates recruiting, performance management, scheduling, and payroll?",0,1,0,1
"i am a vp of hr operations, director of hr operations, hr service delivery lead, director of people operations, or people operations senior manager in the human resources industry. my job seniority is at the vp or director level. i work at a company with 1k-10k employees or 10k+ employees. my main motivations: workforce data fragmented, requiring constant manual reconciliation; compliance and audit requirements increasing without supporting infrastructure; executive requests demand real-time data my main pain points: ensure workforce data is accurate, governed, and audit-ready; reduce manual processes; deliver fast, reliable data to support executives and the business how do you build an hr strategy that is credible with finance and the c-suite?",0,1,0,2
"i am a vp of hr operations, director of hr operations, hr service delivery lead, director of people operations, or people operations senior manager in the human resources industry. my job seniority is at the vp or director level. i work at a company with 1k-10k employees or 10k+ employees. my main motivations: workforce data fragmented, requiring constant manual reconciliation; compliance and audit requirements increasing without supporting infrastructure; executive requests demand real-time data my main pain points: ensure workforce data is accurate, governed, and audit-ready; reduce manual processes; deliver fast, reliable data to support executives and the business i need an hr technology system that handles payroll, performance, leave, and recruitment",0,1,0,3
"i am a vp of hr operations, director of hr operations, hr service delivery lead, director of people operations, or people operations senior manager in the human resources industry. my job seniority is at the vp or director level. i work at a company with 1k-10k employees or 10k+ employees. my main motivations: workforce data fragmented, requiring constant manual reconciliation; compliance and audit requirements increasing without supporting infrastructure; executive requests demand real-time data my main pain points: ensure workforce data is accurate, governed, and audit-ready; reduce manual processes; deliver fast, reliable data to support executives and the business what implementation timelines are realistic for enterprise hr technology?",0,3,0,5.3
"i am a vp of hrit/hris, director of hrit/hris, head of people technology, hr digital transformation lead, or director of people systems in the technology or human resources industry. my job seniority is at the director or vp level. i work at a company with 1k-10k employees or 10k+ employees. my main motivations: keep systems secure and compliant; ensure reliable, consistent reporting; reduce manual work from recurring data requests my main pain points: workforce data scattered across multiple systems; reporting breaks during hcm migrations; ai initiatives stalled because sensitive people data can't use generic models how do hr teams translate workforce intelligence into board-level narratives?",0,1,0,1
"i am a vp of hrit/hris, director of hrit/hris, head of people technology, hr digital transformation lead, or director of people systems in the technology or human resources industry. my job seniority is at the director or vp level. i work at a company with 1k-10k employees or 10k+ employees. my main motivations: keep systems secure and compliant; ensure reliable, consistent reporting; reduce manual work from recurring data requests my main pain points: workforce data scattered across multiple systems; reporting breaks during hcm migrations; ai initiatives stalled because sensitive people data can't use generic models how do organizations determine which workforce programs are actually moving the needle?",0,1,0,4
"i am a vp of hrit/hris, director of hrit/hris, head of people technology, hr digital transformation lead, or director of people systems in the technology or human resources industry. my job seniority is at the director or vp level. i work at a company with 1k-10k employees or 10k+ employees. my main motivations: keep systems secure and compliant; ensure reliable, consistent reporting; reduce manual work from recurring data requests my main pain points: workforce data scattered across multiple systems; reporting breaks during hcm migrations; ai initiatives stalled because sensitive people data can't use generic models need a productivity needs analysis to guide workforce operations and retention using people analytics?",0,1,0,5
"i am a vp of hrit/hris, director of hrit/hris, head of people technology, hr digital transformation lead, or director of people systems in the technology or human resources industry. my job seniority is at the director or vp level. i work at a company with 1k-10k employees or 10k+ employees. my main motivations: keep systems secure and compliant; ensure reliable, consistent reporting; reduce manual work from recurring data requests my main pain points: workforce data scattered across multiple systems; reporting breaks during hcm migrations; ai initiatives stalled because sensitive people data can't use generic models what are the best workforce operations and retention solutions using people analytics for distributed workforce challenges?",0,1,0,9
"i am a vp of hrit/hris, director of hrit/hris, head of people technology, hr digital transformation lead, or director of people systems in the technology or human resources industry. my job seniority is at the director or vp level. i work at a company with 1k-10k employees or 10k+ employees. my main motivations: keep systems secure and compliant; ensure reliable, consistent reporting; reduce manual work from recurring data requests my main pain points: workforce data scattered across multiple systems; reporting breaks during hcm migrations; ai initiatives stalled because sensitive people data can't use generic models what are the most common integration challenges with hr technology?",0,1,0,3
"i am a vp of hrit/hris, director of hrit/hris, head of people technology, hr digital transformation lead, or director of people systems in the technology or human resources industry. my job seniority is at the director or vp level. i work at a company with 1k-10k employees or 10k+ employees. my main motivations: keep systems secure and compliant; ensure reliable, consistent reporting; reduce manual work from recurring data requests my main pain points: workforce data scattered across multiple systems; reporting breaks during hcm migrations; ai initiatives stalled because sensitive people data can't use generic models what does successful hr strategy execution look like at the 12-month mark?",0,1,0,1
"i am a vp of hrit/hris, director of hrit/hris, head of people technology, hr digital transformation lead, or director of people systems in the technology or human resources industry. my job seniority is at the director or vp level. i work at a company with 1k-10k employees or 10k+ employees. my main motivations: keep systems secure and compliant; ensure reliable, consistent reporting; reduce manual work from recurring data requests my main pain points: workforce data scattered across multiple systems; reporting breaks during hcm migrations; ai initiatives stalled because sensitive people data can't use generic models what implementation timelines are realistic for enterprise hr technology?",0,1,0,2
"i am a vp of hrit/hris, director of hrit/hris, head of people technology, hr digital transformation lead, or director of people systems in the technology or human resources industry. my job seniority is at the director or vp level. i work at a company with 1k-10k employees or 10k+ employees. my main motivations: keep systems secure and compliant; ensure reliable, consistent reporting; reduce manual work from recurring data requests my main pain points: workforce data scattered across multiple systems; reporting breaks during hcm migrations; ai initiatives stalled because sensitive people data can't use generic models what workforce data should inform hiring volume decisions across business units?",0,1,0,4
"i am a vp of hrit/hris, director of hrit/hris, head of people technology, hr digital transformation lead, or director of people systems in the technology or human resources industry. my job seniority is at the director or vp level. i work at a company with 1k-10k employees or 10k+ employees. my main motivations: keep systems secure and compliant; ensure reliable, consistent reporting; reduce manual work from recurring data requests my main pain points: workforce data scattered across multiple systems; reporting breaks during hcm migrations; ai initiatives stalled because sensitive people data can't use generic models where can i buy hr technology that integrates self service, expense management, and communication channels?",0,1,0,1
"i am a vp of talent management, senior director of talent management, chief talent officer, head of talent, or head of talent strategy in the human resources industry. my job seniority is at the director or vp level. i work at a company with 1k-10k employees or 10k+ employees. my main motivations: cannot measure the impact of talent programs; skills data is incomplete or unreliable; internal mobility is limited by lack of visibility my main pain points: reduce attrition; build leadership pipeline; connect talent investments to measurable retention and performance outcomes how are business leaders demanding workforce insights beyond headcount and cost?",0,1,0,5
"i am a vp of talent management, senior director of talent management, chief talent officer, head of talent, or head of talent strategy in the human resources industry. my job seniority is at the director or vp level. i work at a company with 1k-10k employees or 10k+ employees. my main motivations: cannot measure the impact of talent programs; skills data is incomplete or unreliable; internal mobility is limited by lack of visibility my main pain points: reduce attrition; build leadership pipeline; connect talent investments to measurable retention and performance outcomes how do leading organizations connect hr priorities to enterprise business goals?",0,1,0,8
"i am a vp of talent management, senior director of talent management, chief talent officer, head of talent, or head of talent strategy in the human resources industry. my job seniority is at the director or vp level. i work at a company with 1k-10k employees or 10k+ employees. my main motivations: cannot measure the impact of talent programs; skills data is incomplete or unreliable; internal mobility is limited by lack of visibility my main pain points: reduce attrition; build leadership pipeline; connect talent investments to measurable retention and performance outcomes how do organizations balance hierarchy efficiency with workforce agility?",0,1,0,1
"i am a vp of talent management, senior director of talent management, chief talent officer, head of talent, or head of talent strategy in the human resources industry. my job seniority is at the director or vp level. i work at a company with 1k-10k employees or 10k+ employees. my main motivations: cannot measure the impact of talent programs; skills data is incomplete or unreliable; internal mobility is limited by lack of visibility my main pain points: reduce attrition; build leadership pipeline; connect talent investments to measurable retention and performance outcomes what business outcomes have organizations achieved by operationalizing workforce intelligence?",0,1,0,4
"i am a vp of talent management, senior director of talent management, chief talent officer, head of talent, or head of talent strategy in the human resources industry. my job seniority is at the director or vp level. i work at a company with 1k-10k employees or 10k+ employees. my main motivations: cannot measure the impact of talent programs; skills data is incomplete or unreliable; internal mobility is limited by lack of visibility my main pain points: reduce attrition; build leadership pipeline; connect talent investments to measurable retention and performance outcomes what implementation timelines are realistic for enterprise hr technology?",0,1,0,15
"i am a vp of talent management, senior director of talent management, chief talent officer, head of talent, or head of talent strategy in the human resources industry. my job seniority is at the director or vp level. i work at a company with 1k-10k employees or 10k+ employees. my main motivations: cannot measure the impact of talent programs; skills data is incomplete or unreliable; internal mobility is limited by lack of visibility my main pain points: reduce attrition; build leadership pipeline; connect talent investments to measurable retention and performance outcomes who offers a holistic process for planning, recruiting, selecting, developing, managing, and compensating employees?",0,1,0,8
i am an hris leader. which internal mobility platforms integrate well with existing hcm and learning systems?,0,3,0,10.7
"i am in the united states i am a vp of finance or cfo at a company with 500 to 3,000 employees. i oversee budgeting, forecasting, and financial reporting and i am evaluating whether our current planning tools can keep up with how fast the business moves. how well does workday | adaptive handle increasing amounts of data and users as my business grows?",0,3,0,34
"i am in the united states i am a vp of finance or cfo at a company with 500 to 3,000 employees. i oversee budgeting, forecasting, and financial reporting and i am evaluating whether our current planning tools can keep up with how fast the business moves. how well does workday | adaptive integrate with our existing erp systems and other business applications?",0,3,0,33.3
"i am in the united states i am a vp of finance or cfo at a company with 500 to 3,000 employees. i oversee budgeting, forecasting, and financial reporting and i am evaluating whether our current planning tools can keep up with how fast the business moves. how well does workday | adaptive integrate with our existing financial systems and erp software?",0,4,0,32.2
"i am in the united states i am a vp of finance or cfo at a company with 500 to 3,000 employees. i oversee budgeting, forecasting, and financial reporting and i am evaluating whether our current planning tools can keep up with how fast the business moves. how well does workday | adaptive integrate with the existing financial systems and tools we currently use?",0,5,0,33
"i am in the united states i am a vp of finance or cfo at a company with 500 to 3,000 employees. i oversee budgeting, forecasting, and financial reporting and i am evaluating whether our current planning tools can keep up with how fast the business moves. in what ways can workday | adaptive's ai capabilities help in predicting financial trends and making data-driven decisions?",0,2,0,27.5
"i am in the united states i am a vp of finance or cfo at a company with 500 to 3,000 employees. i oversee budgeting, forecasting, and financial reporting and i am evaluating whether our current planning tools can keep up with how fast the business moves. in what ways does workday | adaptive's ai capabilities integrate with existing business systems to streamline performance management?",0,3,0,26.3
"i am in the united states i am a vp of finance or cfo at a company with 500 to 3,000 employees. i oversee budgeting, forecasting, and financial reporting and i am evaluating whether our current planning tools can keep up with how fast the business moves. what are the key features of workday | adaptive that support scenario modeling?",0,7,0,20.3
"i am in the united states i am a vp of finance or cfo at a company with 500 to 3,000 employees. i oversee budgeting, forecasting, and financial reporting and i am evaluating whether our current planning tools can keep up with how fast the business moves. what features does workday | adaptive offer to ensure seamless communication and collaboration between different departments during the financial planning process?",0,3,0,25
"i am in the united states i am a vp of finance or cfo at a company with 500 to 3,000 employees. i oversee budgeting, forecasting, and financial reporting and i am evaluating whether our current planning tools can keep up with how fast the business moves. what features does workday | adaptive offer to ensure that all stakeholders can easily access and contribute to the budgeting and forecasting data?",0,5,0,24
"i am in the united states i am a vp of finance or cfo at a company with 500 to 3,000 employees. i oversee budgeting, forecasting, and financial reporting and i am evaluating whether our current planning tools can keep up with how fast the business moves. what features does workday | adaptive offer to track and manage collaborative projects effectively?",0,5,0,24.2
i mean for job application,0,1,0,5
i need an hris that consolidates hr and payroll data. how does paylocity compare to workday for companies with 500 employees?,0,3,0,2.3
i need identity platform implementation checklists as a developer,0,1,0,89
i want to implement an hris that supports multiple countries,0,6,0,60.3
i'm a store director considering esl — what are the most common implementation pitfalls i should plan for?,0,1,0,5
i'm looking for case studies that can tell me which hris platforms actually work for thousands of employees.,0,1,0,3
identify companies in human capital management software that have a reputation for product reliability and low failure rates.,0,1,0,3
identify providers offering ai-enhanced payroll data mapping and cleaning.,0,3,0,1
"if you were asked to develop a training plan for an hris implementation, what kinds of things would you include? why?",0,1,0,1
"if you were choosing an hcm platform today, which vendors would make the shortlist?",0,47,0,9.5
ignite hcm,0,8,0,44.8
implementation challenges with hr platforms and how to avoid them,0,4,0,37
implementation checklist,0,2,0,40.5
implementation details,0,1,0,8
implementation issues,0,1,0,7
"implementation models for hr compliance software—vendor-led vs partner-led; training hours, change management, and go-live risks.",0,1,0,1
implementation of hris,0,1,0,53
implementation of workday,0,60,0,29.5
implementation services,0,1,0,3
implementation support,0,1,0,8
implementation tenant in workday,0,26,0,34.2
implementation workday,0,71,0,28.0
implementing an hris system,0,3,0,49.3
implementing best practices in daily operations,0,2,0,49.5
implementing workday,0,153,0,17.5
importance of data conversion,0,8,0,66
importance of employee alignment in mergers and acquisitions,0,4,0,44.8
importance of hcm customer support,0,2,0,18
improve ukg usability services,0,3,0,16.7
improve visibility of contingent workforce,0,61,0,14.4
in good company hibob,0,1,0,30
in hr,0,1,0,2
in-rgy,0,2,0,40
infinium hr,0,2,0,47
inflection hr integration,0,4,0,27
informatica migration checklist,0,7,0,37.1
integración de ukg kronos,0,3,0,81.3
integración ukg kronos,0,2,0,93
integrate hr,0,2,0,68
integrate your hcm,0,18,0,40
integrated hcm,0,44,0,13.5
integrated hr and finance systems,0,1,0,100
integrated hr platform,0,2,0,73
integrated hr service solutions,0,1,0,79
integrated hr software,0,4,0,59.5
integrated hr system,0,1,0,98
integrated staff training,0,2,0,64
integrated staff training solution,0,5,0,77.4
integrating ai workforce planning with hcm,0,12,0,23.2
integrating hr systems,0,4,0,73.8
integrating hr tools,0,2,0,81.5
integration,0,1,0,1
integration consultant ukg,0,1,0,21
integration hr,0,3,0,67.7
intercompany position management,0,2,0,79
internal mobility & skills matching,0,5,0,77.2
internal mobility and career growth,0,4,0,62.2
internal mobility market,0,51,0,62.6
internal mobility metrics,0,2,0,76.5
internal mobility of human resources,0,1,0,84
internal mobility rate,0,2,0,72.5
internal mobility rate benchmark,0,10,0,54.2
internal mobility roi case study,0,20,0,9.7
internal mobility solutions in manufacturing,0,2,0,66
internal mobility tools,0,1,0,77
internal talent mobility,0,129,0,42.9
internal talent mobility best practices,0,17,0,56.5
internal talent mobility platform,0,10,0,67.4
internal talent mobility programs,0,2,0,64
internal talent mobility strategy,0,49,0,39.3
internal talent mobiltiy,0,3,0,38
"intitle:""ukg""",0,2,0,39
"intitle:""ukg"" -site:ukg.com -site:wikipedia.org -site:x.com -site:twitter.com -site:reddit.com -site:instagram.com -site:linkedin.com -site:github.com -site:medium.com -stock -quote",0,11,0,32.6
intranet migration checklist,0,2,0,64.5
intranet vendor checklist,0,1,0,53
intuitive configuration,0,12,0,34.1
intégrateur ukg workforce management,0,3,0,38.7
intégration hibob,0,8,0,19.1
intégration pos avec ukg,0,12,0,27.8
intégration ukg,0,4,0,28.8
intégration ukg pro,0,2,0,41.5
iqnavigator careers,0,3,0,42.3
is adp a hris system,0,1,0,63
"is dayforce hcm a good fit for unified hr, payroll, benefits, and workforce management in a single platform needing features?",0,1,0,3
is hibob a good hr platform?,0,1,0,9
is hibob easy to implement?,0,161,0,5.4
is hibob good for companies with international teams?,0,95,0,9.2
is hibob suitable for midsize companies?,0,1,0,7
is it ai based,0,1,0,2
is it best practices for ukg configuration and payroll setup to support growing teams with complex services,0,5,0,6.8
is it common challenges with hcm implementation,0,14,0,4.9
is it dayforce consulting firms specializing in api integrations with existing time tracking and hr systems,0,20,0,8.4
is it evaluate the hr company hibob on accounting bureau,0,1,0,10
is it evaluate the hr company hibob on employee assistance program,0,1,0,11
is it evaluate the hr company hibob on employer of record,0,2,0,10
is it evaluate the hr solutions company dayforce on ai,0,17,0,8.1
is it evaluate the hr solutions company paychex on hcm,0,1,0,8
is it evaluate the hr solutions company paylocity on managed services,0,1,0,11
is it evaluate the hr solutions company paylocity on workforce management,0,1,0,11
is it evaluate the hr solutions company ukg on ai,0,4,0,8.5
is it evaluate the hr solutions company ukg on business insurance,0,7,0,8
is it evaluate the hr solutions company ukg on hcm,0,24,0,6.3
is it evaluate the hr solutions company ukg on health insurance,0,1,0,10
is it evaluate the hr solutions company ukg on talent acquisition,0,2,0,8
is it evaluate the hr solutions company ukg on talent management,0,4,0,8
is it evaluate the hr solutions company workday on ai,0,10,0,7.4
is it hiring slowing down,0,2,0,89.5
is it how do companies evaluate hcm vendor support quality?,0,4,0,11
is it how long to implement ukg?,0,1,0,11
is it marketplace integrations compared to custom development for ukg for organizations comparing vendors on features,0,5,0,8.2
is it what are the biggest mistakes companies make during hcm implementation?,0,17,0,4.6
is it what are the hidden costs of implementing hcm software?,0,1,0,11
is it what’s in ukg’s setup process?,0,4,0,10.2
is it which hcm platforms have the strongest ai capabilities?,0,1,0,2
"is jifflenow effective for retail, hospitality, and logistics companies needing flexible workforce solutions across all teams?",0,1,0,4
is kimberly clark union,0,8,0,5.4
is my organisation too small to benefit from workday ai?,0,1,0,9
"is paychex a good fit for a fast-growing company that keeps adding new states, or should it look elsewhere?",0,16,0,3.8
is paylocity a good hcm platform?,0,14,0,8.6
is paylocity a hris system,0,10,0,44
is paylocity effective at integrating workflows across different departments?,0,39,0,9.0
is paylocity equipped to handle organizational change and growth?,0,40,0,6.0
is paylocity good for large businessess?,0,3,0,2
is paylocity good for mid-market companies,0,35,0,8.2
"is paylocity the best all-in-one hr and payroll platforms for mid-market companies managing payroll, benefits, and engagement?",0,8,0,7.1
is target switching to ukg,0,2,0,9
is there a hiring freeze,0,1,0,98
is there a platform that focuses on both talent management and labor cost analysis?,0,1,0,1
is there a tool to build internal tools that doesn't lock us into vendor apis?,0,5,0,91.6
is there workforce management software that deploys in about 12 weeks?,0,1,0,2
is ukg an ats,0,1,0,53
is ukg ready a good fit for small and mid-size businesses automating payroll processing with compliance and tax management built in needing payroll?,0,7,0,5.4
issue checklist migration,0,10,0,48.9
ist hibob einfach zu implementieren?,0,28,0,2.7
ist hibob für mittelständische unternehmen geeignet?,0,2,0,11.5
it evaluation criteria for new hcm platform,0,1,0,9
it migration checklist,0,21,0,47.8
ja,0,1,0,8
ja bitte,0,1,0,14
jia vs workday,0,1,0,65
job align,0,15,0,18.1
job hcm,0,52,0,9.1
job industries,0,1,0,1
jobalign jobs,0,1,0,88
jobs align,0,4,0,10.2
jobs at align,0,3,0,10.3
"justworks vs paychex flex for peo and payroll software: which offers better benefits access, compliance support, pricing, and hr tools?",0,1,0,9
k-12 hcm jobs,0,3,0,70.3
key consideration for billing data migration,0,4,0,75.5
key features and capabilities of ukg marketplace solutions to find the best fit?,0,71,0,7.4
key services offered by ukg consulting providers for organizations comparing vendors on features cost,0,85,0,6.1
key to workday implementation,0,37,0,34.2
kimberly clark hr,0,1,0,29
kimberly clark human resources,0,1,0,42
kimberly group,0,2,0,23
kin hr software,0,2,0,56
kohls ukg,0,1,0,4
kronos api,0,1,0,39
kronos dimensions training,0,1,0,49
kronos hcm,0,58,0,42.6
kronos partner,0,1,0,33
kronos vs current,0,1,0,1
kw market center ap process and vendor checklist,0,1,0,42
launch hcm,0,11,0,53.4
lawson hcm,0,2,0,52
leading consultants for managed care alignment,0,5,0,71
leading enterprise timesheet implementation partners,0,1,0,11
leading timesheet implementation services providers,0,1,0,8
lift hcm,0,6,0,40.2
"like it finance hr""",0,33,0,69.5
link hcm,0,10,0,19.4
linkhcm,0,50,0,16.1
list of hcm software companies,0,1,0,64
list the best hcm software vendors for companies with over 1000 employees,0,1,0,3
list the top workday ai-style hr platforms for data export and open apis and how they compare for developers,0,1,0,13
lista de requisitos hris,0,3,0,71.3
lkm human capital solutions,0,1,0,27
lms vendor selection criteria checklist,0,4,0,56
local government employers,0,3,0,63
local governments hr software,0,1,0,84
localization integrations,0,3,0,62.7
"looking for a vendor management system that tracks allied health fill rates, credential expirations, and overtime costs—what solutions integrate well with ukg pro?",0,3,0,5
looking for fractional support on assessment transformation,0,1,0,8
looking for hr consultants who can handle system integration between our new hcm and our payroll software. we want partners who've done this before for companies our size.,0,11,0,4.2
lsp-r for strategic workforce planning,0,1,0,22
luk,0,1,0,3
mahncy mehrotra,0,1,0,51
manage contracts in hibob,0,28,0,23.6
managed hcm services,0,3,0,29
managed human capital services,0,1,0,23
managed paylocity implementation,0,139,0,15.2
manager coaching platform with hr admin controls and role-based permissions,0,4,0,30.5
managing contingent workforce,0,1,0,12
manufacturing liaison,0,6,0,52.7
marcom alignment,0,10,0,45.7
marketplace integrations compared to custom development for ukg for organizations comparing vendors on features,0,162,0,4.9
maximize paylocity features,0,2,0,19
maximize talent mobility,0,4,0,56.2
medical devices m&a synergy capture,0,1,0,1
medical staffing options payroll,0,35,0,57.3
medical staffing payroll,0,1,0,89
mentoring solutions evaluating program roi through career advancement and internal mobility tracking before signing a long-term vendor contract,0,18,0,9.3
merger communication hr,0,3,0,58.3
merger communications hr,0,4,0,76.2
mgh ukg dimensions,0,1,0,3
michelle hancic,0,1,0,88
migración hris,0,26,0,8.2
migrate data from alphastaff,0,3,0,43.7
migrate data from ceridian,0,1,0,40
migrate data from thread hcm,0,1,0,57
migrate data from workforce junction,0,14,0,14.3
migrate data from worklio,0,2,0,56
migrate data from workplace hcm,0,6,0,27.8
migrate excel to hris system,0,2,0,28.5
migrate from workday to new hris,0,38,0,16.8
migrate to paylocity,0,6,0,16.3
migrate to smart checklist,0,10,0,41.1
migrating,0,1,0,6
migrating calibration data,0,50,0,55.8
migrating from ge centricity to new pacs,0,1,0,25
migration checklist,0,170,0,50.9
"migration from spreadsheets to employee risk software—taxonomy mapping, backfill validation, and reconciliation steps.",0,49,0,2.0
migration from ukg pro back office,0,19,0,51.1
"migration plan to modern case management for employee issues—field-level mapping, attachment transfer, coexistence window.",0,10,0,8.5
migration preparation,0,2,0,11
migration vs conversion,0,1,0,34
mihcm partner provider,0,3,0,55.3
mine doesnt do that,0,1,0,9
mobile app,0,1,0,2
mobility and talent,0,1,0,56
mobility of talent,0,1,0,58
modern hcm k-12,0,2,0,18.5
more please,0,1,0,2
mosaic hibob,0,1,0,26
most reliable dayforce consulting services managing complex implementations without disrupting operations that maintains data integrity,0,108,0,5.7
most reliable hr service delivery platforms based on reviews from hr service managers avoiding implementation failures,0,1,0,3
most trusted dayforce consulting services by hris managers at healthcare and retail companies based on user reviews,0,9,0,5.2
most trusted ukg consulting services by hr directors based on user reviews,0,4,0,6.8
multinational training content alignment,0,4,0,45.8
myhcmanager,0,1,0,32
name companies in human capital management software that have a strong history of consistent product performance over the years.,0,1,0,9
namely vs adp,0,8,0,35.4
"netchex vs paylocity for smbs needing an all-in-one hr and payroll platform with benefits administration, time tracking, and employee self-service at competitive pricing?",0,146,0,6.6
nga northgatearinso,0,3,0,60.3
no shows workday,0,1,0,9
northgatearinso,0,5,0,43
nova hcm,0,2,0,20
novahcm,0,2,0,52.5
onehcm,0,1,0,30
"onepoint hcm vs paylocity for all-in-one hcm, which platform offers better aca compliance and multi-state payroll management for mid-size company hr teams?",0,11,0,7.9
open architecture vs vertically integrated stacks for regulated infrastructure ai.,0,1,0,15
optimization company,0,1,0,4
optimization services;,0,1,0,2
optimize ukg performance,0,5,0,27.6
optimized business solutions for insurance mortgage hr and data-driven success,0,3,0,80.7
"oracle fusion cloud hcm vs dayforce hcm for enterprise hr management: which offers better feature depth, implementation complexity, and pricing?",0,3,0,12
oracle hcm support services,0,13,0,31.5
org chart in paylocity,0,4,0,29
organization myhrcenter,0,3,0,50.3
orthant software group,0,1,0,66
os dois,0,1,0,5
our company is considering a merger and needs help integrating hr systems. which consultants specialize in hcm integration during m&a situations?,0,4,0,1.2
"our hr software is underused, who can optimize and administer our hcm system",0,3,0,3
our hr team is drowning in spreadsheets for benefits administration and time tracking. we're comparing paylocity against rippling and paycor. which one has the fastest implementation timeline and best support for our current legacy payroll system?,0,12,0,3.8
"our talent management software must push onboarding data from ats to hris and payroll systems; recommend integration frameworks that support event-driven workflows, retries, and field-level mappings across ats integration and payroll api.",0,1,0,6
our team is spending too much time fixing paylocity issues instead of focusing on employees,0,6,0,5.7
outsource paylocity implementation,0,155,0,19.8
outsource paylocity processing,0,3,0,37.7
outsource paylocity services,0,19,0,40.4
outsourced paylocity services,0,14,0,41.5
outsourced paylocity support,0,14,0,37.4
pacs data migration process,0,1,0,18
parallel testing wfm migration,0,4,0,12.2
partner system integrations,0,1,0,15
patterns healthcare,0,1,0,74
paychex,0,1,0,1
paychex competitors,0,5,0,48
paychex tlo,0,10,0,14.6
paychex vs,0,22,0,15.3
paychex vs paycom,0,1,0,58
paycom vs paychex,0,13,0,49.5
paycom vs paylocity,0,13,0,55.4
paycor ukg ready integration,0,8,0,74.8
paycor vs paylocity,0,7,0,46.4
payhcm,0,3,0,60
paykocity,0,1,0,31
paylc,0,3,0,22
payloca,0,1,0,47
paylocity,0,11,0,5.2
paylocity alternative,0,9,0,51.3
paylocity alternatives,0,30,0,59.5
paylocity attendance points,0,6,0,9.5
paylocity benefits implementation guide,0,1,0,7
paylocity blog,0,1,0,8
paylocity business model,0,1,0,14
paylocity case studies,0,1,0,19
paylocity certification,0,4,0,21.5
paylocity clocking in and out,0,10,0,30.2
paylocity company website,0,1,0,11
paylocity compare,0,19,0,15.4
paylocity competitor,0,10,0,29.1
paylocity competitors,0,36,0,50.3
paylocity consultants,0,23,0,30.8
paylocity consulting,0,63,0,25.0
paylocity consulting firm,0,43,0,25.7
paylocity consulting services,0,41,0,21.0
paylocity core values,0,6,0,20
paylocity corporation,0,1,0,2
paylocity demo,0,1,0,4
paylocity elevate solutions vs emphasishr,0,34,0,37.9
paylocity hcm,0,6,0,13.5
paylocity headquarters,0,1,0,62
paylocity hours,0,1,0,11
paylocity hq,0,1,0,66
paylocity hr & payroll,0,1,0,2
paylocity human capital management,0,2,0,19.5
paylocity implementation,0,208,0,15.0
paylocity implementation and optimization,0,187,0,10.2
paylocity implementation checklist,0,180,0,8.3
paylocity implementation consultant,0,20,0,35.4
paylocity implementation consultants,0,60,0,31.6
paylocity implementation consulting,0,85,0,31.1
paylocity implementation example,0,147,0,7.8
paylocity implementation help,0,33,0,14.4
paylocity implementation partners nationwide,0,11,0,23.5
paylocity implementation services,0,159,0,20.7
paylocity implementation support,0,150,0,13.7
paylocity implementation template,0,153,0,7.3
paylocity india,0,4,0,37.8
paylocity international payroll,0,1,0,41
paylocity learning,0,4,0,18.5
paylocity learning management system,0,15,0,26.4
paylocity llh wellness partnership,0,1,0,19
paylocity location,0,1,0,27
paylocity location tracking,0,1,0,27
paylocity locations,0,1,0,24
paylocity managed hr services,0,19,0,37.4
paylocity managed human resources,0,3,0,36.7
paylocity managed human resources services,0,21,0,36.1
paylocity managed services,0,42,0,26.0
paylocity managed services partner,0,62,0,29.5
paylocity managed services provider,0,41,0,30.0
paylocity modules,0,2,0,15.5
paylocity office bangalore,0,1,0,54
paylocity optimization,0,161,0,13.1
paylocity optimization services,0,105,0,15.5
paylocity org chart,0,20,0,35.0
paylocity outsourcing,0,38,0,29.3
paylocity outsourcing chicago,0,4,0,73.8
paylocity outsourcing managed services,0,30,0,45.1
paylocity outsourcing partners,0,12,0,43.4
paylocity outsourcing services partners,0,9,0,57.4
paylocity outsourcing services provider,0,5,0,50.6
paylocity parent company,0,1,0,3
paylocity partnerships hr,0,2,0,35
paylocity partnerships implementation,0,31,0,12.5
paylocity paychex,0,41,0,7.5
paylocity payroll service,0,1,0,2
paylocity pricing,0,1,0,3
paylocity punch in,0,1,0,11
paylocity reviews,0,1,0,1
paylocity saas valuation,0,4,0,26.2
paylocity setup expert,0,12,0,11.5
paylocity software,0,1,0,2
paylocity time and attendance,0,97,0,7.4
paylocity time clock,0,1,0,9
paylocity time clock hardware,0,2,0,21.5
paylocity time tracking,0,1,0,11
paylocity training,0,20,0,17.4
paylocity training and support,0,23,0,16.6
paylocity training catalog,0,1,0,29
paylocity tutorial,0,1,0,9
paylocity user guide,0,1,0,19
paylocity vendor management,0,7,0,16.4
paylocity vendor management features,0,2,0,12
paylocity vs,0,28,0,5.2
paylocity vs ceridian,0,7,0,48.9
paylocity vs competitors,0,52,0,35
paylocity vs paychex,0,230,0,4.7
paylocity vs paychex cost comparison for small business,0,63,0,4.0
paylocity vs paychex for small business,0,60,0,5.3
paylocity vs paycom,0,2,0,48.5
paylocity vs paycor,0,2,0,47.5
paylocity vs quickbooks,0,2,0,50
paylocity vs ukg,0,16,0,28.9
paylocity vs zenefits,0,9,0,14.8
paylocity workflows,0,1,0,14
paylocity6,0,1,0,67
paypaylocity,0,1,0,46
payroll admin,0,1,0,2
payroll and benefits,0,1,0,6
payroll and hr administration integration providers,0,4,0,72.8
payroll assistance,0,3,0,18.3
payroll conversion checklist,0,4,0,58.5
payroll data integration,0,12,0,71.9
payroll hcm integration,0,7,0,38.1
payroll implementation,0,8,0,20
payroll implementation checklist,0,4,0,11.2
payroll implementation guide,0,5,0,32
payroll implementation plan,0,2,0,31
payroll implementation process,0,3,0,31.3
payroll implementation timeline,0,1,0,47
payroll management solutions for contingent workforce,0,1,0,23
payroll migration checklist,0,122,0,38.6
payroll partner,0,1,0,9
payroll processing automation,0,3,0,2
payroll software for healthcare,0,6,0,6.8
payroll year end checklist,0,3,0,60.7
performance hcm,0,11,0,13.2
picking system implementation challenges and change management concerns before committing to a multi-year vendor,0,2,0,2
plataforma hris global com implantação rápida,0,1,0,7
playlocity,0,1,0,46
portfolio company hr integration,0,1,0,68
pos integration with ukg,0,1,0,17
post go live,0,1,0,1
post implementation workday support,0,9,0,16.3
post migration checklist,0,3,0,46.7
post migration reconciliation,0,6,0,24.2
pre implementation checklist,0,3,0,40.3
pre migration,0,5,0,58.6
pre migration checklist,0,18,0,59.4
pre requisite to implement workday time tracking module,0,34,0,50.6
pre-implementation reviews,0,6,0,45.2
predictivehr,0,1,0,49
prehcm services,0,1,0,40
prepare for data migration,0,17,0,23.1
prepare for payroll year end us,0,1,0,70
prepare for workday release,0,2,0,64
privacy policy alignlast.net,0,8,0,2.8
pro,0,1,0,5
project management advantage,0,1,0,9
project manager hcm,0,1,0,10
pros and cons of hiring fractional transformation partners,0,1,0,2
psa data migration checklist,0,4,0,1.5
pto coverage,0,23,0,11.6
pto coverage plan,0,3,0,12
public sector hcm,0,8,0,21.1
public sector hcm solution,0,13,0,27.4
pwc dayforce implementation partner,0,2,0,7.5
qsr,0,1,0,4
quarterly,0,1,0,3
quarterly check in questions,0,2,0,7
quarterly check up,0,1,0,9
quarterly checks,0,1,0,9
questions to ask during vendor selection,0,1,0,52
questions to ask vendors when evaluating constituent engagement platforms,0,1,0,23
rapid hire,0,14,0,8.6
rapid hire meaning,0,2,0,11.5
rapid hire pro,0,3,0,9.3
rapid hire ukg,0,74,0,5.6
rapid hiring,0,1,0,1
rapidhire ukg,0,27,0,7.5
raven intel ukg consulting,0,9,0,29.3
recalibrate hcm,0,1,0,29
recommend firms that rescue failed hris rollouts,0,1,0,1
recordkeeping integration,0,3,0,58.7
records management data conversion,0,30,0,29.7
records management software data conversion,0,12,0,15.7
reducing contingent workforce overhead,0,2,0,72.5
referral alignment,0,4,0,28.5
release contingent workforce management,0,1,0,41
restaurant workforce management,0,4,0,10.2
rims vendor selection,0,18,0,74.6
rizing hcm,0,17,0,54.8
roi of time tracking,0,37,0,11.9
roi of using time & attendance software,0,9,0,22.7
role based learning,0,6,0,80.7
role based learning management,0,2,0,91
role based onboarding training,0,51,0,35.3
role based training,0,125,0,44.0
role based training definition,0,6,0,37.3
role based training examples,0,6,0,49.7
role based training matrix,0,1,0,61
"role based training,",0,16,0,46.1
role specific and competency based training,0,2,0,65.5
role specific training,0,9,0,48
role training,0,3,0,21
role-based learning,0,4,0,65.8
role-based learning path training,0,5,0,76
role-based onboarding lms,0,2,0,87
role-based training,0,40,0,42.4
role-based training assignments,0,10,0,33.8
role-based training automation,0,2,0,55
role-based training programs for msps,0,4,0,7.2
role-fit capability,0,1,0,33
rush ukg,0,1,0,20
sability ukg partner,0,1,0,20
santa barbara hcm system,0,7,0,27.6
sap hcm integration services,0,6,0,16.8
scenario a,0,1,0,5
"school staffing vendor +""classroom"" -""college"" -""university"" -""professor"" -""hospital"" -""nursing""",0,1,0,4
"school staffing vendor +""district"" -""college"" -""university"" -""professor"" -""hospital"" -""nursing""",0,3,0,4
"school staffing vendor +""education"" -""college"" -""university"" -""professor"" -""hospital"" -""nursing""",0,1,0,3
"school staffing vendor +""substitute"" -""college"" -""university"" -""professor"" -""hospital"" -""nursing""",0,1,0,2
schwächen von hibob für teams in mehreren ländern,0,5,0,7.6
secure.lyric.adp.com,0,3,0,64.7
seo underperformance hcm providers,0,3,0,7.7
shift align,0,17,0,12.5
shift fractional,0,1,0,2
shiftalign,0,2,0,10
shorter,0,1,0,1
single hcm solution,0,1,0,67
site:hs-sites-na2.com,0,25,0,21.9
smart align,0,1,0,59
smart hcm,0,1,0,50
smartcare evolve,0,1,0,2
smartcare services,0,1,0,14
smartcare.com,0,1,0,96
smartmen hcm,0,1,0,48
so it is same,0,1,0,2
software conversions & data migration,0,92,0,53.2
software hcm,0,1,0,33
software industry m&a synergy capture,0,1,0,1
software optimization services,0,1,0,3
solution consultant ukg,0,1,0,58
specialized ukg consultants,0,9,0,46.3
spreadsheets limitations contingent workforce oversight,0,5,0,9.4
staffing decisions,0,2,0,6
staffing support solutions payroll,0,1,0,79
stage.dayforce.hcm,0,1,0,11
steps for accounting team during payroll migration,0,1,0,10
steps in implementing hris,0,20,0,50.9
steps to build internal mobility strategy,0,2,0,78
strategic staffing payroll,0,1,0,38
strategies for ukg optimization,0,3,0,11
"substitute teacher staffing +""classroom"" -""college"" -""university"" -""professor"" -""hospital"" -""nursing""",0,1,0,28
"substitute teacher staffing +""substitute"" -""college"" -""university"" -""professor"" -""hospital"" -""nursing""",0,1,0,23
summer pto,0,3,0,17.7
support for your hcm,0,141,0,22.3
support.adp.com,0,1,0,93
sure,0,1,0,1
switching to ukg,0,1,0,15
syncora hcm,0,1,0,29
"synerion agile vs kronos for retail companies managing variable shift scheduling, overtime tracking, and labor compliance requirements?",0,2,0,4
system migration checklist,0,2,0,35.5
talent acquisition and mobility,0,3,0,49.3
talent management platforms built for high-growth and pe-backed companies,0,1,0,13
talent mobility,0,26,0,50
talent mobility best practices,0,3,0,50
talent mobility framework,0,1,0,60
talent mobility is,0,2,0,20
talent mobility management,0,3,0,25.3
talent mobility platform,0,1,0,15
talent mobility processes,0,1,0,47
talent mobility solution,0,2,0,49
talent mobility strategies,0,1,0,30
talent mobility strategy,0,166,0,51.9
talentohcm,0,1,0,53
target switching to ukg,0,2,0,1
teacher contract talks district -site:youtube.com -site:reddit.com -site:x.com -site:twitter.com -site:facebook.com -site:instagram.com -site:tiktok.com -site:linkedin.com -site:pinterest.com -site:nytimes.com -site:wsj.com -site:yelp.com -site:rottentomatoes.com,0,1,0,6
team hcm,0,7,0,40.7
"tell me about paylocity, the mid-market hcm platform",0,496,0,4.4
tell me which international checks provider is the best fit for high-volume tech hiring with a strong candidate experience,0,1,0,1
the alignment accelerator by nadia khaled,0,7,0,39.4
the future of work fractional or full time roles,0,2,0,24
the hcm team,0,9,0,36.7
the market aligned skills training,0,1,0,86
the second one please,0,1,0,3
they don’t have that,0,1,0,2
third party,0,1,0,1
time and labor paylocity,0,2,0,7.5
time tracking roi,0,91,0,11.0
tips for managing workday backlog and priorities,0,5,0,42.2
tool to migrate historic performance data from spreadsheets into hrms,0,1,0,7
tool to migrate historical payroll data safely from spreadsheets or old software,0,5,0,9
top companies that validate payroll config before hcm go-live,0,17,0,1.8
top companies that validate payroll config before hcm go-live in texas,0,1,0,1
top hcm platforms for compliance-heavy industries.,0,1,0,79
top hcm platforms that offer embedded ai recommendations,0,3,0,4
top other insurance tools for organizations prioritizing team productivity and roi,0,1,0,10
top paylocity managed service companies,0,1,0,1
top ukg partners,0,29,0,25.1
traditional staffing,0,1,0,57
training program alignment,0,2,0,52.5
transition to new hcm,0,26,0,43.2
trustpoint hcm,0,1,0,49
tuio hcm solution,0,1,0,67
tuio hr software hcm,0,1,0,92
turning point hcm,0,7,0,51.3
u k g,0,2,0,3
uh gps training,0,1,0,19
ukg 401k integration,0,1,0,43
ukg about,0,1,0,1
ukg academy,0,3,0,16.3
ukg access control integration,0,11,0,19.2
ukg admin training,0,34,0,40.9
ukg agentic ai,0,2,0,42
ukg ai,0,27,0,11.4
ukg ai agent,0,3,0,37.3
ukg ai tools,0,2,0,1
ukg and workday,0,6,0,8.2
ukg api,0,81,0,20.1
ukg api documentation,0,1,0,4
ukg api integration,0,108,0,23.4
ukg apis,0,129,0,17.1
ukg aspire 2027 dates,0,1,0,3
ukg ats integrations,0,4,0,55.8
ukg automation,0,40,0,13.3
ukg bi consulting,0,9,0,37.9
ukg bot applicants,0,5,0,24
ukg business intelligence consulting,0,57,0,43.5
ukg business model,0,3,0,7.7
ukg calendar sync,0,1,0,39
ukg certification,0,3,0,52.3
ukg certification courses,0,1,0,34
ukg certified partner,0,6,0,14.3
ukg client side,0,54,0,14.0
ukg client side support,0,40,0,15
ukg client-side implementation assistance,0,30,0,12.4
ukg client-side services,0,106,0,15.6
ukg client-side subject matter expertise,0,49,0,17.8
ukg client-side support,0,56,0,14.2
ukg compliance,0,4,0,24
ukg concierge support,0,4,0,35.8
ukg configuration,0,1,0,11
ukg configuration review,0,2,0,5.5
ukg consultant,0,153,0,35.2
ukg consultants,0,71,0,36.3
ukg consultants for construction,0,8,0,27.4
ukg consultants for education,0,3,0,24
ukg consultants for financial services,0,8,0,26.8
ukg consulting,0,112,0,34.1
ukg consulting compared to in-house implementation and support for enterprise buyers assessing total cost,0,200,0,3.5
ukg consulting for healthcare,0,44,0,29.0
ukg consulting for staffing companies,0,38,0,29.4
ukg consulting partner,0,3,0,21.3
ukg consulting partner comparison,0,2,0,20
ukg consulting providers,0,56,0,32.6
ukg consulting services,0,98,0,36.2
ukg consulting services that specialize in implementation and optimization to identify the best fit,0,202,0,5.9
ukg consulting with expertise in data migration and compliance before committing to a multi-year,0,110,0,7.2
ukg core,0,2,0,28.5
ukg cost per employee,0,1,0,1
ukg courses,0,1,0,49
ukg data migration,0,1,0,40
ukg data services,0,1,0,1
ukg definition,0,1,0,15
ukg developer,0,1,0,45
ukg dimensions implementation,0,13,0,11.3
ukg dimensions training,0,10,0,45.5
ukg employee training,0,13,0,42.7
ukg enhanced migration,0,24,0,28.5
ukg enterprise implementation,0,8,0,15.8
ukg evaluation and selection,0,10,0,10.7
ukg financial services consulting,0,3,0,26.7
ukg flex,0,1,0,43
ukg for hospitals,0,8,0,28
ukg full suite implementation,0,16,0,27.2
ukg gartner magic quadrant,0,61,0,27.2
ukg gl automation,0,5,0,23.4
ukg guide,0,7,0,8.9
ukg hcl comparison,0,1,0,10
ukg hcl comparison recent happenings,0,3,0,10.7
ukg hcm,0,155,0,23.5
ukg hcm consulting,0,28,0,10.5
ukg hcm platform,0,1,0,9
ukg hcm solution,0,147,0,24.8
ukg hcm solutions,0,75,0,25.3
ukg health assessment,0,27,0,15.7
ukg healthcare,0,3,0,23.3
ukg healthcare implementation,0,25,0,19.1
ukg hiring process,0,6,0,24.5
ukg hospitality consulting,0,6,0,28.7
ukg hr outsourcing,0,2,0,28
ukg implementación pro,0,4,0,53.2
ukg implementación workforce management,0,4,0,51.2
ukg implementation,0,219,0,13.6
ukg implementation checklist,0,2,0,12.5
ukg implementation consultant,0,77,0,28.6
ukg implementation consultant for education,0,19,0,21.5
ukg implementation cost,0,31,0,18.7
ukg implementation partner,0,164,0,3.0
ukg implementation partners,0,200,0,4.4
ukg implementation services,0,169,0,19.9
ukg implementation specialist,0,114,0,26.1
ukg implementation support,0,102,0,14.6
ukg implementation timeline,0,183,0,3.2
ukg implementer,0,16,0,19.9
ukg integration,0,68,0,49.2
ukg integration consultant,0,3,0,32
ukg integration hub,0,2,0,38
ukg integration partners,0,104,0,8.9
ukg integration services,0,20,0,27.9
ukg integrations,0,142,0,33.6
ukg interface,0,21,0,12.0
ukg interfaces,0,47,0,10.3
ukg interfaces & integration,0,30,0,15.2
ukg intouch dx g2,0,1,0,5
ukg is service based company,0,1,0,30
ukg kronos,0,1,0,4
ukg kronos training,0,54,0,42.4
ukg launch implementation,0,119,0,25.6
ukg launch services,0,144,0,21.5
ukg learning center,0,2,0,29
ukg learning management,0,1,0,52
ukg lms,0,1,0,48
ukg logistics consulting,0,21,0,31.8
ukg managed service consultants for construction,0,3,0,28
ukg managed service consultants for financial services,0,1,0,26
ukg managed services provider,0,2,0,24.5
ukg manual,0,2,0,1
ukg marketplace partners,0,5,0,21.4
ukg marketplace vendors with strong security and compliance credentials before committing to a multi-year,0,114,0,7.9
ukg mcp server,0,2,0,43
ukg meaning,0,5,0,12
ukg meaning in hr,0,1,0,10
ukg migration,0,114,0,31.4
ukg migration services,0,95,0,29.5
ukg migration testing,0,15,0,15.7
ukg modules,0,10,0,17.8
ukg nonprofit consulting,0,21,0,29.6
ukg open api,0,1,0,5
ukg optimization,0,199,0,21.0
ukg optimization assessment,0,136,0,19.9
ukg optimization case studies,0,9,0,4.1
ukg optimization consulting,0,7,0,29.3
ukg optimization planning,0,3,0,15
ukg optimization services,0,132,0,27.8
ukg optimization techniques,0,45,0,18.4
ukg optimized migration services,0,119,0,14.4
ukg oracle,0,1,0,54
ukg partner,0,173,0,7.3
ukg partner / implementer intent (primary national targets),0,5,0,11
ukg partner marketplace,0,2,0,25
ukg partners,0,271,0,13.1
ukg partnership,0,5,0,20.8
ukg payroll,0,7,0,2
ukg payroll -site:ukg.com,0,7,0,90.4
ukg payroll -site:ukg.com -site:linkedin.com -site:facebook.com,0,4,0,83
ukg payroll compliance support,0,5,0,23
ukg payroll consulting,0,4,0,28.8
ukg payroll optimization,0,7,0,17.4
ukg payroll software,0,1,0,1
ukg payroll support consultants,0,11,0,27.9
ukg payroll training,0,77,0,36.6
ukg performance optimization tips,0,4,0,26.8
ukg phase 10,0,2,0,44
ukg platform,0,2,0,5.5
ukg pos integration,0,15,0,22.9
ukg post implementation,0,53,0,18.9
ukg post implementation services,0,129,0,20.5
ukg post implementation support,0,113,0,19.9
ukg post live consulting services tam 2025,0,29,0,20.2
ukg post-live consulting,0,23,0,19.5
ukg post-live optimization,0,2,0,15
ukg post-live solutions,0,22,0,15.5
ukg pre-implementation planning,0,6,0,12.8
ukg pricing model,0,61,0,24.8
ukg pro,0,4,0,6
ukg pro back office to ukg pro web migration,0,20,0,41.2
ukg pro consulting,0,43,0,31.8
ukg pro hcm,0,2,0,15
ukg pro implementation,0,188,0,12.3
ukg pro implementation partner,0,146,0,1.5
ukg pro implementation services,0,83,0,19.4
ukg pro implementation timeline,0,3,0,8.3
ukg pro implementierung,0,1,0,19
ukg pro implémentation,0,22,0,17.5
ukg pro integration,0,45,0,52.5
ukg pro integration hub,0,2,0,48.5
ukg pro integration services,0,1,0,56
ukg pro integrations,0,5,0,59.6
ukg pro learning center,0,7,0,31.3
ukg pro migration,0,32,0,39.7
ukg pro optimization,0,11,0,18.4
ukg pro target,0,1,0,18
ukg pro training,0,81,0,38.9
ukg pro vs hibob,0,1,0,15
ukg pro vs ready,0,12,0,9.5
ukg pro vs rippling,0,2,0,10.5
ukg pro vs ukg ready,0,110,0,12.5
ukg pro vs. ukg ready,0,4,0,6.5
ukg pro wfm training,0,1,0,45
ukg project support,0,3,0,29
ukg rapid hire,0,113,0,6.1
ukg rapid hire login,0,5,0,9.6
ukg rapid response,0,5,0,9
ukg rapid response number,0,2,0,10
ukg rapid response phone number,0,1,0,9
ukg readiness assessment,0,6,0,14.5
ukg ready,0,8,0,4
ukg ready apis for integrations,0,1,0,31
ukg ready consultant,0,2,0,39.5
ukg ready consulting,0,72,0,33.3
ukg ready consulting services,0,3,0,46.3
ukg ready cost,0,3,0,31.3
ukg ready hcm platform tennessee,0,3,0,31.7
ukg ready implementation,0,60,0,24.8
ukg ready implementation consultant,0,55,0,37
ukg ready implementation cost,0,3,0,41.3
ukg ready implementation partner,0,1,0,11
ukg ready implementation services,0,55,0,25.3
ukg ready implementation timeline,0,5,0,28
ukg ready integration,0,56,0,62.8
ukg ready integrations,0,1,0,59
ukg ready partner,0,8,0,13.4
ukg ready partners,0,53,0,13.6
ukg ready pricing,0,43,0,30.3
ukg ready training,0,2,0,48
ukg ready vs paycor,0,3,0,14.3
ukg ready vs pro,0,14,0,7.6
ukg ready vs rippling,0,2,0,12
ukg ready vs ukg pro,0,44,0,12.7
ukg recruiting,0,51,0,26.3
ukg recruitment,0,2,0,19.5
ukg recruitment platform,0,5,0,7.4
ukg report optimization,0,3,0,21.7
ukg reseller,0,5,0,21
ukg reseller partner,0,43,0,13.4
ukg retail consulting,0,4,0,25.2
ukg roadmap strategy,0,51,0,9.7
ukg roadmapping,0,41,0,12.3
ukg rush,0,1,0,3
ukg salesforce integration,0,1,0,48
ukg seattle office,0,1,0,3
ukg servicenow integration,0,1,0,35
ukg services partner,0,36,0,13.3
ukg solution consultant,0,1,0,42
ukg solutions provider,0,7,0,19.6
ukg somc,0,1,0,10
ukg sponsor,0,3,0,21
ukg sponsorship,0,2,0,25
ukg staging,0,17,0,37.9
ukg strategic advisory,0,4,0,11
ukg strategic assessment,0,39,0,11.4
ukg strategic services,0,1,0,11
ukg strategy consulting,0,6,0,19.3
ukg system assessment,0,14,0,20.3
ukg system health check services,0,1,0,39
ukg system integration,0,22,0,32.9
ukg system optimization,0,114,0,28.6
ukg system optimization services,0,40,0,34.1
ukg system optimization solutions,0,26,0,25.5
ukg system utilization,0,1,0,42
ukg systems,0,1,0,1
ukg talent acquisition,0,52,0,17.7
ukg telestaff implementation,0,31,0,41.1
ukg test automation,0,4,0,18.5
ukg thp,0,1,0,11
ukg toronto,0,1,0,12
ukg training,0,141,0,44.7
ukg training and education,0,7,0,40.9
ukg training certification,0,1,0,40
ukg training courses,0,3,0,41.7
ukg training module,0,89,0,35.9
ukg uta,0,3,0,9.3
ukg uta to wfm,0,1,0,13
ukg utm,0,3,0,7.3
ukg utm to wfm,0,15,0,18.7
ukg values,0,40,0,18.1
ukg vendor,0,2,0,4.5
ukg vs adp,0,1,0,1
"ukg vs dayforce for a workforce with hourly and salaried employees: which is better for scheduling, payroll, and implementation complexity?",0,2,0,5.5
ukg vs gusto,0,2,0,13
ukg vs hibob,0,4,0,10.5
ukg vs paylocity,0,16,0,30
ukg vs rippling,0,3,0,12
ukg vs workday,0,105,0,23.7
ukg wfc interfaces,0,18,0,24.7
ukg wfd interfaces,0,3,0,19.3
ukg wfm certification,0,1,0,3
ukg wfm consultant,0,3,0,60
ukg wfm consulting,0,6,0,37.5
ukg wfm migration testing,0,2,0,27
ukg wfm training,0,1,0,49
ukg white glove partner,0,1,0,25
ukg white glove service,0,4,0,22
ukg workday,0,2,0,14
ukg workforce,0,1,0,45
ukg workforce -site:ukg.com -site:ukg.net,0,2,0,75.5
ukg workforce consultants,0,35,0,30.5
ukg workforce management implementation,0,28,0,9.6
ukg workforce management implémentation,0,6,0,20
ukm training,0,1,0,20
ultimate hcm,0,1,0,44
ultimate software hcm,0,13,0,49.1
ultipro hcm,0,11,0,30.8
ultipro partners,0,2,0,50.5
ultipro software training,0,56,0,32.1
ultipro training classes,0,47,0,26.3
ultipro training courses,0,35,0,28.1
understanding the key hire train deploy services implementation challenges for staffing services solutions in enterprise environments,0,1,0,1
unicorn hcm,0,1,0,53
unicorn hcm or hcm,0,1,0,49
unicorn hcm or hcm for employees,0,1,0,60
unify hrs,0,1,0,64
unily intranet training,0,4,0,38.8
us federal government accountability reports -site:youtube.com -site:reddit.com -site:x.com -site:twitter.com -site:facebook.com -site:instagram.com -site:tiktok.com -site:linkedin.com -site:pinterest.com -site:nytimes.com -site:wsj.com -site:yelp.com -site:rottentomatoes.com,0,1,0,10
using ai for internal talent mobility,0,3,0,70.3
uta/utm to wfm migration,0,48,0,25.9
utilities workforce scheduling,0,2,0,57
vagas align,0,1,0,30
vendor selection checklist,0,9,0,23
vendor selection criteria checklist,0,6,0,35.8
vendor selection criteria for workforce analytics tools,0,2,0,14.5
vibehcm,0,1,0,29
vibra,0,2,0,1
vibra healthcare,0,1,0,3
vibra hospital of northern california photos,0,1,0,2
vibra hr,0,1,0,26
walmart ai system workplace challenges,0,2,0,3
"we already have paylocity, but we need someone to help us use it better",0,4,0,1
"we already use paylocity but nobody on our team knows how to run it properly, can we hire someone to fully manage our hcm software for us",0,2,0,2.5
we are comparing rippling with enterprise-ready hcm platforms. what should be included in our shortlist?,0,5,0,4.8
"we bought paylocity but never fully implemented it, who can run it for us",0,2,0,1
"we have paylocity but no one to run it, who can manage hcm software for us",0,5,0,2.2
"we implemented paylocity, but now we need ongoing support to keep it running smoothly",0,5,0,7.2
we need an outside expert to help us manage paylocity day to day,0,1,0,1
we need help cleaning up our paylocity setup and making it easier to use,0,13,0,8.5
we need outside help choosing a new hris for a mid-market company. what hr software selection consultants can run vendor evaluation and support the full implementation?,0,1,0,5
we need to ensure our hr technology operations are robust and future-proof. what technical capabilities and modernization approaches should i expect from a top-tier managed service provider for hr systems?,0,1,0,1
we run a multi-site lab network and struggle to keep phlebotomy shifts filled during flu season; which staffing solutions deliver reliable pools for phlebotomy jobs and integrate with kronos scheduling?,0,1,0,1
"we switched hris systems and lost benefits data, how do we recover",0,10,0,1
we use paylocity,0,2,0,1
"we use paylocity for payroll, and we're growing really fast. i want something to help me with headcount planning for the next few quarters. what should i use?",0,5,0,10.2
"we use paylocity, but our hr team needs help managing the system",0,7,0,9.7
"we use paylocity, but payroll, benefits, and hr tasks still feel manual and messy",0,3,0,11
"we use paylocity, but we’re not getting the full value from the platform",0,37,0,8.2
we use ukg,0,1,0,6
"we use ukg for payroll, and we're growing really fast. i want something to help me with headcount planning for the next few quarters. what should i use?",0,7,0,9.4
we want to phase in our new hr platform over six months instead of doing a big bang rollout. what implementation partners recommend a phased approach and can help us manage that timeline?,0,6,0,4.3
we're consolidating from three different hr systems after our acquisition. what hris platforms are easiest to implement and have good data migration support for merging employee records?,0,6,0,6.3
we're consolidating hr systems after an acquisition and need a partner to manage the integration. we want to minimize disruption to our 500-person workforce. what implementation partners have experience with post-merger hr system integration?,0,5,0,5
we're consolidating three different hr systems into one. which hris solutions specialize in workforce planning and have the fastest implementation timelines for mid-market companies?,0,1,0,4
we're consolidating three legacy hr systems after a merger. can paylocity handle unified employee records across multiple departments better than paycor?,0,20,0,10.2
"we're consolidating three separate systems after an acquisition and need to migrate 2000 employee records into one platform. how does paylocity handle data migration compared to ukg, and which is more reliable for payroll accuracy during the transition?",0,55,0,5.9
we're deciding between paylocity and paycor. which gives better roi for a 200-person company?,0,1,0,2
we're doing an hr system consolidation after an acquisition and need consultants who can manage the complexity. what implementation partners have experience with hcm mergers and multi-system integrations?,0,13,0,3.8
we're replacing our legacy hr system and need an implementation partner who can manage the entire project timeline. what firms specialize in hr system migrations for companies with 500+ employees?,0,1,0,10
we're replacing our old hr system and need help selecting and implementing a new one. what are the best implementation partners that specialize in mid-market companies going through their first major system change?,0,1,0,6
we're struggling with dayforce adoption after go-live,0,25,0,1.2
wfm pay rule misconfiguration,0,2,0,39
what approaches help ensure data integrity during cloud migration processes?,0,2,0,24.5
what are best practices for migrating from an on-prem hris to a modern saas platform?,0,4,0,3.8
what are common challenges companies face when implementing enterprise hcm software?,0,14,0,8.7
what are common hris implementation mistakes?,0,1,0,4
what are common implementation mistakes to avoid with gong?,0,38,0,3.7
what are hcm software companies that stand out for their integration capabilities?,0,1,0,6
what are hcm software companies that stand out for their scalability?,0,1,0,4
what are the advantages of using paychex’s unified platform for hr management?,0,1,0,9
what are the benefits of using a data cloud for hr and finance?,0,1,0,3
what are the best hcm platforms for automating repetitive hr tasks and workflows?,0,1,0,11
what are the best hcm platforms for complex organizations?,0,1,0,3
what are the best hcm platforms for enterprise payroll and workforce management?,0,1,0,2
what are the best hcm platforms for unifying workflows and cross department collaboration?,0,1,0,28
what are the best hcm providers for international implementation and ongoing support?,0,50,0,7.6
what are the best internal communications platforms for companies going through a merger or acquisition?,0,2,0,8.5
what are the best questions to include in a data migration rfp for audit and validation?,0,1,0,1
what are the best reporting platform companies that unify hr time and payroll data?,0,2,0,10
what are the best workday ai-style systems for multi-state compliance in the us and how do they compare?,0,1,0,30
what are the best workforce solutions providers for large enterprises?,0,7,0,1
what are the biggest mistakes companies make during hcm implementation?,0,278,0,5.3
what are the challenges and benefits of implementing global hcm solutions?,0,1,0,5
"what are the common architectural considerations and data migration strategies for moving enterprise hr and finance functions from disparate legacy systems to workday, especially concerning data integrity and security?",0,1,0,1
what are the common challenges faced during payroll software migration,0,1,0,4
what are the common failure points in etl migration projects?,0,1,0,10
what are the common pitfalls to avoid during the implementation phase of new human resources software,0,1,0,6
what are the different data validation options offered by data conversion service providers?,0,2,0,9.5
what are the hidden costs of implementing hcm software?,0,53,0,1.9
what are the key challenges in implementing ukg systems for teams looking to streamline,0,83,0,6.9
what are the key considerations when selecting an hris technology vendor?,0,1,0,3
what are the most common failure points in large-scale marketing cms modernization projects,0,2,0,1
what are the most common signs that a company's workforce management system is creating operational blind spots?,0,4,0,4.2
what are the risks of poor onboarding data for downstream reporting obligations?,0,1,0,16
what are the signs a company has outgrown its hcm system?,0,4,0,5
what are the top choices similar to workday ai for time-off management and how do they differ in ease of use?,0,1,0,12
what are the top companies providing learning management systems inside hcm platforms?,0,1,0,35
what are the top companies providing talent management suites integrated with payroll?,0,1,0,32
what are the top global hcm platforms for standardizing hr operations across countries?,0,1,0,9
what are the top hcm companies for retail and hourly workforces?,0,1,0,1
what are the top hcm solutions for consolidating hr systems?,0,1,0,16
what are the typical industries or company sizes that use paylocity or gusto?,0,3,0,4.7
what challenges do companies face when switching to fractional hr?. my location is united states.,0,2,0,16
what cloud-based hr systems can help streamline time tracking and benefits management for large companies?,0,1,0,15
what companies switch from paylocity and why?,0,9,0,6.2
what companies use paylocity,0,1,0,25
what compliance gaps exist when using an hcm platform alone?,0,9,0,6.3
what contract options does ukg have?,0,19,0,4.8
"what criteria differentiate adp and ukg when evaluating a full hcm suite for system consolidation, rather than a single module?",0,10,0,6.2
what data do you need to have clean and ready before migrating to a new wfm platform?,0,1,0,1
what data hygiene tasks should happen immediately after a migration?,0,2,0,1
what data integration features should be on my shortlist when comparing hris options for a 500-employee company?,0,3,0,5.7
what data quality and validation steps should be built into an enterprise data migration framework?,0,1,0,1
what data should i prepare before migrating from spreadsheets to wfm software?. my location is usa.,0,11,0,5.2
what do customers say about paylocity implementation?,0,1,0,7
what do customers say about workday hcm?,0,1,0,13
what do employees complain about most with hcm systems?,0,5,0,5
what do hr leaders wish they knew before buying hcm software?,0,24,0,4.7
what does a data reconciliation checklist look like when migrating translation memories across incompatible cat tool formats,0,1,0,1
what does an hcm system not handle that employers often assume it does?,0,5,0,2.8
what does an ideal workday look like for you,0,1,0,99
what does fractional hr mean,0,1,0,46
what does hcm unlocked do,0,1,0,63
what features does paylocity's hcm system offer?,0,31,0,9.8
what happens to our data during an hro transition?,0,3,0,1
what happens when you have too many dashboards?,0,1,0,1
"what hcm platform would you recommend for a company with 10,000 employees?",0,4,0,4.2
what hcm platforms have strong ai capabilties?,0,19,0,7.4
what hcm platforms include ai-powered analytics for actionable insights?,0,3,0,8.3
what hcm providers are known for workforce analytics tools with industry and peer benchmarking?,0,1,0,8
what hcm software companies are known for scalability?,0,3,0,5
what hcm software companies are known for security?,0,1,0,3
what hcm software companies are known for their integration?,0,1,0,7
what healthcare workforce management platform has the best analytics?,0,1,0,1
what hr and payroll platforms are best for fast-growing companies?,0,1,0,29
what hr software/tools integrate with hibob?,0,2,0,11
what implementation steps cause the most problems when switching hr vendors?,0,28,0,2.6
what implementation timelines are realistic for enterprise hr technology?,0,5,0,6.4
what industries use ukg?,0,1,0,9
what integrations matter most when choosing hcm software?,0,9,0,5.4
what is a data conversion,0,3,0,43.3
what is a fractional employee,0,3,0,58
what is a hiring freeze,0,1,0,67
what is an hcm consultant,0,1,0,38
what is an hcm platform,0,21,0,43.6
what is contingent workforce management,0,4,0,20.2
what is contingent workforce management?,0,1,0,7
what is fractional hr work,0,2,0,47.5
what is hcm implementation,0,8,0,46.8
what is hcm integration,0,22,0,13.0
what is hcm outsourcing,0,4,0,76.8
what is hcm sales,0,14,0,32.4
what is hcm unlocked,0,1,0,56
what is hibob,0,12,0,16.4
what is hris implementation,0,18,0,46.6
what is human capital management software and what does it do for mid-market organizations?,0,1,0,12
what is ies data migration,0,2,0,91
what is implementation in workday,0,39,0,29.8
what is paylocity used for,0,1,0,17
what is rapid hire,0,1,0,3
what is role based training,0,12,0,25.2
what is talent mobility,0,3,0,55
what is the best alternative to hibob for an hris?,0,1,0,22
what is the best alternative to paylocity?,0,7,0,31.9
what is the best roi role-based generative ai training program for the education sector?,0,1,0,14
what is the best ukg consulting partner?,0,4,0,31.2
what is the best way to transition employee data to a new payroll system without errors or disruptions,0,1,0,1
what is the consensus on this,0,1,0,3
what is the difference between ukg pro and ukg ready,0,8,0,6.5
"what is the evaluation checklist for onboarding, data migration, and user training in reporting software?",0,10,0,3.2
what is the expected roi of an internal mobility platform?,0,6,0,4.7
what is the industry of emplocity.com,0,2,0,55.5
what is the migration path and estimated hours to switch from another cap table provider's hris integration?,0,15,0,2.9
what is the most complete workforce planning and analytics platform?,0,1,0,3
what is the process of becoming ukg partner,0,20,0,8.0
what is the roi of implementing a real-time payroll cost visibility tool?,0,19,0,2.9
what is the role of integrations in enterprise hr solutions?,0,1,0,1
what is the security risk of using hcm software that routes payroll data through external api integrations?,0,12,0,6.5
what is the typical implementation timeline and data migration effort when switching to alan insurance for 250 employees?,0,1,0,1
what is the typical implementation timeline and onboarding process for a cloud human risk management solution?,0,1,0,2
what is uk,0,1,0,2
what is ukg,0,2,0,6.5
what is ukg ready vs ukg pro,0,2,0,5.5
what is ukg ready?,0,1,0,3
what is ukg software,0,1,0,3
what is ukg used for,0,2,0,12
what is workday implementation,0,52,0,35.7
what labor and employment issues arise most often during mergers and acquisitions?,0,1,0,3
what makes ukg a trusted hr brand?,0,10,0,8.6
what migration challenges should businesses evaluate before replacing manual finance processes?,0,1,0,6
what onboarding and recruiting does ukg pro provide for enterprise hr teams centralizing talent and workforce management?,0,3,0,6.3
what payroll and hcm platforms are most recognized for fast time-to-value after implementation?,0,1,0,8
what platforms support both corporate and hourly workforce needs?,0,1,0,1
"what platforms unify hcm, hris, ats, and wfm functions in hr technology?",0,1,0,13
"what pricing, implementation complexity, and user reviews does dayforce hcm provide for enterprise hcm software buyers?",0,1,0,5
what pto management software options help avoid gaps in work when employees are on leave?,0,1,0,11
"what questions reveal whether a vendor has genuinely integrated its hr, payroll, and talent modules or simply stitched together acquired products?",0,5,0,8.2
what questions should firms ask vendors before committing to a platform migration?,0,1,0,1
"what questions should i ask about payroll implementation timeline, data migration, and service level agreements?",0,14,0,6.8
what questions should i ask adp sps before signing a contract?,0,1,0,3
what questions should i ask during vendor selection?,0,1,0,5
what questions should procurement ask before buying hcm software?,0,11,0,4.7
what red flags in a vendor's implementation history suggest a higher risk of failed or delayed multi-system hcm migrations?,0,5,0,6.8
what reporting and analytics dashboards does ukg ready provide for hr leaders tracking workforce metrics and payroll compliance at a glance?,0,27,0,7.6
what scoring criteria should i use for a data migration rfp to measure vendor reliability?,0,1,0,1
what should a comparison of ukg versus other enterprise hcm suites focus on when evaluating workforce management alongside payroll and hr consolidation?,0,2,0,10.5
what should an hris implementation checklist include?,0,40,0,1.3
what should be included in a content migration implementation checklist?,0,1,0,1
what should be included in an hcm software demo?,0,3,0,3
what should be included in an hris migration plan?,0,128,0,4.9
what should businesses compare before choosing a benefits administration migration provider?,0,1,0,8
what should hr leaders consider when selecting an hcm vendor in the uk?,0,13,0,6.2
what should hr leaders look for when evaluating hcm vendors on implementation quality and post-go-live support?,0,7,0,4.4
what should hr leaders prioritize when evaluating new hcm technology?,0,1,0,8
what should i consider when comparing hcm managed service vendors?,0,1,0,1
what should i look for in an hr services vendor contract?,0,2,0,5
what should i look for in an hris demo?,0,1,0,3
"what should we expect during implementation with adp vs a peo like trinet (timeline, data migration, support)?",0,3,0,7
what software helps model the impact of a hiring freeze on team capacity?,0,59,0,4.4
what software supports leadership communication during m&a transitions?,0,5,0,10.4
what software supports leadership communication during manda transitions?,0,1,0,17
what support does ukg offer?,0,1,0,11
what support is available during hr software implementation,0,1,0,6
what support is available for hr software data migration and setup,0,3,0,66
what system do they use,0,1,0,1
what systems support client-side contractor operations?,0,4,0,10
what third-party integrations are available for ukg systems to support growing teams with complex,0,18,0,9.8
what training programs are needed to prepare employees for a new enterprise resource management platform?,0,2,0,2.5
what workforce management software can standardize pay rules across newly acquired sites?,0,23,0,1.3
what workforce management tools help with compliance monitoring across multiple regions?,0,1,0,20
what's involved in migrating employee data to a new hr system,0,7,0,1
what's the best hcm for enterprise level?,0,1,0,7
what's the best hr platform for a company where manager adoption has been a problem with previous tools - needs to be intuitive without a learning curve?,0,1,0,6
what's the best time and attendance system for a union workforce?,0,1,0,1
what's the best ukg ready-based payroll and hr platform with white-glove implementation for mid-sized healthcare organizations?,0,20,0,4.2
what's the data migration process for existing hr systems?,0,2,0,2
what's the fastest way to migrate from informatica to snowflake?,0,1,0,27
what's the onboarding experience like with hibob?,0,21,0,6.5
what's the process for implementing a new hris from start to finish?,0,2,0,3
"what's the real cost of switching hr systems, including implementation?",0,1,0,1
what's the standard way to document existing campaign and activation logic before a migration so nothing gets lost,0,7,0,9.4
whats hibob,0,1,0,11
what’s in ukg’s setup process?,0,51,0,6.7
what’s the pricing?,0,1,0,2
when is a good time to hire a fractional cfo,0,1,0,81
when is data migration required,0,34,0,82.9
when is it time to migrate your data,0,1,0,68
when to hire fractional vs full time,0,12,0,13.3
where can i find flexible hr support that scales with headcount growth?,0,1,0,4
where can i find workforce management software with 24/7 customer support?,0,1,0,6
where is paylocity located,0,2,0,38
where to find hr solutions that align talent strategy with payroll budgeting and forecasting?,0,2,0,7.5
which ai procurement tools integrate with workday,0,4,0,69
"which auto repair shop management platforms are hardest to integrate with, and how do companies work around it?",0,1,0,16
which companies are best for hcm implementations with limited internal hris resources?,0,5,0,5.6
which companies in human capital management software are known for regularly seeking and acting on customer feedback to improve their products and services?,0,4,0,2.2
which contingent labor management systems integrate cna travel jobs scheduling with our existing kronos timekeeping?,0,1,0,1
which dayforce consulting services excel at benefits integration and multi-vendor enrollment optimization,0,77,0,8.6
which digital platforms support employee alignment post-acquisition?,0,1,0,1
which enterprise hcm platforms are most recognized for supporting healthcare organizations at scale?,0,1,0,1
"which enterprise hr / hcm platform would you recommend for 1,000+ employees in the uk?",0,1,0,7
which enterprise platforms integrate payroll with workforce and hr?,0,1,0,5
which firms provide expert guidance on dayforce configuration and payroll process improvements,0,236,0,4.7
which global hcm platforms combine software with international hr and workforce advisory services?,0,25,0,9.0
which global hcm providers should organizations evaluate when expanding internationally?,0,1,0,11
which hcm integrates most seamlessly with third-party systems?,0,16,0,8.8
which hcm platform has the fewest system outages?,0,3,0,9.7
which hcm platform is fastest to implement?,0,2,0,12
which hcm platform provides ai-powered analytics for workforce planning and talent insights?,0,9,0,3.6
"which hcm platforms accommodate organizational growth, acquisitions, and restructuring?",0,1,0,5
which hcm platforms are known for having the most difficult implementations and why?,0,30,0,4.1
which hcm platforms are most differentiated on implementation speed and training support after go-live?,0,1,0,1
which hcm platforms combine software with professional services?,0,5,0,2.8
which hcm platforms have the best scheduling features?,0,1,0,27
which hcm platforms have the most practical ai capabilities for hr teams?,0,2,0,1
which hcm platforms have the strongest ai capabilities?,0,59,0,5.8
which hcm platforms offer dedicated implementation specialists who stay with the account after go-live?,0,27,0,2.9
which hcm platforms should a enterprise company evaluate to solve multiple disconnected workforce systems?,0,1,0,2
which hcm platforms should a mid-size company evaluate to solve employees relying on hr for routine tasks and information?,0,1,0,20
which hcm platforms turn workforce insights into recommended actions?,0,2,0,3
which hcm platforms work best on mobile?,0,1,0,13
which hcm provider is best for consolidating employee records across multiple business units?,0,1,0,14
which hcm providers offer best workforce analytics and planning features for a growing company?,0,1,0,16
which hcm providers offer the best overall platform for managing a workforce?,0,1,0,6
which hcm providers support customers with organizational change and technology adoption?,0,1,0,13
which hcm provides the best scheduling and shift management tools?,0,1,0,16
which hcm provides the best visibility into workforce data?,0,6,0,9.8
which hcm solution provides ai-driven insights for workforce planning?,0,1,0,10
which hcm solutions are most frequently compared against paychex?,0,55,0,5.2
which hcm solutions should multinational companies consider for managing changing labor and employment regulations?,0,1,0,15
which hcm solutions unify workforce data?,0,1,0,9
which hcm systems are best for company acquisitions,0,1,0,1
which hcm systems are best for healthcare organizations?,0,2,0,11.5
which hcm systems are best for hourly and frontline workers?,0,1,0,13
which hcm vendors are best for workforce management?,0,1,0,16
which hcm vendors are easiest to work with after implementation?,0,2,0,10
which hcm vendors have the best customer support?,0,1,0,15
which hcm vendors offer dedicated implementation support and a named specialist throughout the onboarding process?,0,17,0,1.5
which hcm vendors provide open apis for hr data integrations?,0,9,0,3.6
which health savings account hsa solutions offer the best integration capabilities for existing systems,0,1,0,8
which healthcare hr platforms streamline onboarding for clinical and support staff across departments?,0,1,0,12
which hr and payroll platforms offer integrated talent management and time tracking for enterprise-level businesses?,0,3,0,2.7
which hr automation vendors offer ai-powered insights for hr?,0,1,0,2
which hr management platforms integrate with existing systems,0,1,0,13
which hr platforms have the best user experience?,0,1,0,6
which hr risk solution has the best onboarding and user adoption features?,0,1,0,10
"which hr software companies are profitable, stable, and built for the long term rather than dependent on vc funding?",0,1,0,1
which hr software has the best customer support during implementation?,0,1,0,14
which hr software has the best user experience and support,0,1,0,1
which hr software is best for companies that want to consolidate multiple point solutions into one platform?,0,1,0,22
which hr solutions offer the best customisation options?,0,1,0,30
which hr vendors offer phased implementation,0,2,0,5
which hr vendors support phased implementation,0,1,0,5
which hris platforms give mid-market hr teams the analytics they need to justify headcount decisions to the cfo?,0,3,0,2
which hros offer technical support for hcm systems?,0,3,0,1
which implementation services providers don't push clients to go live before the platform is properly configured and the team is trained?,0,2,0,3
"which implementation services providers have certified expertise across erp, hcm, and crm platforms like financialforce, kronos, and ultipro?",0,1,0,9
which internal mobility platforms have the fastest enterprise implementation?,0,1,0,1
which is better for mid-market hr automation — paycom or ukg?,0,2,0,7.5
which manufacturers offer real opportunities for internal mobility and advancement?,0,1,0,1
which other recruiting avoid common implementation problems and pitfalls? for mid-market teams that need fast deployment,0,1,0,5
which pam solution is best for a mid-market company?,0,1,0,12
which payroll outsourcing providers are best for compliance?,0,1,0,21
which payroll platforms offer the best value for medium-sized companies?,0,1,0,27
which payroll platforms offer the most seamless third-party integrations?,0,1,0,25
"which payroll providers are easiest to switch to from adp, paychex, or paylocity?",0,4,0,10.8
which payroll systems offer built-in time tracking?,0,1,0,24
which payroll systems use ai to detect anomalies in multinational payroll data and recommend corrective actions?,0,1,0,10
which platform between paycom and adp offers better compliance automation,0,1,0,33
which platform is best for managing a high volume of applicants?,0,1,0,1
which platforms support role-based training assignments at scale?,0,85,0,9.0
which provider supports talent mobility with education benefits and internal mobility analytics?,0,1,0,50
which services handle skill assessments for shift-based roles?,0,1,0,3
which solutions support multi-location contingent onboarding?,0,1,0,2
which time & attendance tools prevent payroll errors when leave rules change mid-month,0,1,0,15
"which top hcm providers support complex organizational structures, employment models, policies, and approval processes across countries?",0,1,0,11
which top hr providers use ai to identify workforce issues and recommend next steps?,0,1,0,2
which top payroll platforms offer the deepest workforce datasets for pay and labor-market analysis?,0,2,0,12.5
which transportation payroll tools offer strong compliance features?,0,1,0,33
which trusted systems integrate labor cost analytics with payroll?,0,1,0,2
which ukg consulting services platforms let teams avoid payroll errors and compliance issues during ukg migration for organizations in highly services,0,14,0,6.7
which ukg consulting services platforms let teams minimize disruption during ukg implementation transitions for businesses managing high volumes of services,0,17,0,9.2
which ukg marketplace platforms let teams ensure security and compliance with ukg marketplace integrations before signing a long-term vendor contract,0,138,0,6.8
which vendors keep answers aligned with current policy language?,0,22,0,3
which vendors offer ai-powered solutions integrated into their hcm platforms?,0,41,0,4.9
which workday ai alternatives are best for companies hiring hourly staff in the us and why?,0,2,0,4
which workforce management tools provide accurate cost reporting and forecasting for mid to large enterprises?,0,1,0,13
who are paychex competitors,0,1,0,46
who can help us manage paylocity after implementation,0,52,0,5.9
who can rescue a failed dayforce/hcm project?,0,3,0,5
who do they sell to,0,1,0,3
who implement this,0,1,0,3
who is more likely to succeed,0,1,0,2
who is the ceo of emplocity.com,0,1,0,9
who offers enterprise consulting for labor scheduling systems?,0,1,0,3
who offers the best customer support and implementation services for hcm?,0,4,0,5
who offers trusted services aligning workforce and technology in the public sector?,0,1,0,10
who provides all-in-one workforce management with analytics?,0,1,0,14
why companies outsource paylocity administration,0,3,0,43.3
"why do hr system implementations fail, and how can i avoid failure in my company?",0,8,0,6.8
why do some hcm implementations fail to improve hr efficiency?,0,30,0,5.6
why does every new best-of-breed marketing tool request come with integration complexity and technical debt that compounds across the stack in ways we didn't anticipate when we approved the investment?,0,1,0,2
why implement workday,0,46,0,30.8
will we lose historical data when switching erp systems?,0,1,0,1
work management buyers guide,0,170,0,19.3
work management buyers guide template,0,4,0,23.5
workday absence management implémentation,0,2,0,36.5
workday agile implementation,0,51,0,39.2
workday ai,0,8,0,46
workday ai assistant,0,2,0,24
workday ai capabilities,0,1,0,38
workday aligntech,0,1,0,7
workday alternative talent intelligence,0,1,0,78
workday and ukg,0,14,0,10.3
workday assistant,0,9,0,27.7
workday assistant ai,0,1,0,27
workday benefits implementation,0,44,0,27.7
workday best practices,0,9,0,12.8
workday case management failing. compare switching costs to staying put,0,3,0,1
workday continuous improvement,0,3,0,31.3
workday data migration strategy,0,88,0,58.4
workday deployment,0,10,0,20.8
workday deployment methodology,0,25,0,28.2
workday deployment readiness,0,1,0,20
workday deployments,0,2,0,23.5
workday failed implementations,0,1,0,35
workday financials implementation,0,17,0,30.6
workday fit,0,6,0,2
workday gap,0,2,0,10.5
workday guidance,0,57,0,16.9
workday guide,0,4,0,25
workday guides,0,2,0,27
workday hacks,0,2,0,25.5
workday hcm configuration guide,0,43,0,14.8
workday hcm deployment,0,21,0,25
workday hcm healthcare implementation,0,5,0,38
workday hcm implementation,0,163,0,11.7
workday hcm implementation best practices,0,1,0,4
workday hcm implementation guide,0,94,0,9.4
workday hcm implementation services,0,51,0,32.2
workday hcm implementierung deutschland,0,4,0,57.8
workday hcm optimization,0,105,0,15.7
workday hcm support services,0,53,0,21.9
workday hcm use cases,0,14,0,30
workday help guides,0,1,0,25
workday hr ai,0,1,0,32
workday hr system implementation,0,48,0,29.0
workday hris implementation,0,6,0,23.7
workday implementación learning,0,2,0,38
workday implementatie,0,7,0,26.4
workday implementation,0,620,0,25.1
workday implementation advisory healthcare,0,1,0,46
workday implementation best practices,0,26,0,12.7
workday implementation case study,0,94,0,38.9
workday implementation challenges,0,81,0,35.6
workday implementation communication plan,0,27,0,26.7
workday implementation failures,0,97,0,26.1
workday implementation guide,0,231,0,22.9
workday implementation issues,0,134,0,30.9
workday implementation lessons learned,0,72,0,13.6
workday implementation methodology,0,60,0,43.5
workday implementation negotiations,0,9,0,27.2
workday implementation phases,0,53,0,34.7
workday implementation plan,0,47,0,36.9
workday implementation process,0,58,0,23.5
workday implementation project plan,0,49,0,33.4
workday implementation reviews,0,28,0,29.6
workday implementation services,0,52,0,55.6
workday implementation solution,0,53,0,31.0
workday implementation steps,0,51,0,33.4
workday implementation timeline,0,83,0,35.2
workday implementations,0,62,0,22.7
workday implementierung,0,125,0,32.1
workday integrations,0,1,0,26
workday issues about data,0,1,0,77
workday launch methodology,0,3,0,34.7
workday learning implementation,0,10,0,17.2
workday learning implementierung,0,2,0,39.5
workday learning implémentation,0,18,0,15.2
workday methodology,0,9,0,25.9
workday payroll implementation,0,64,0,22
workday phase x,0,3,0,42.3
workday post implementation,0,7,0,27.4
workday post implementation support model,0,102,0,35.2
workday post-implementation optimization,0,5,0,36
workday practice,0,39,0,10.7
workday recruiting implémentation,0,5,0,32.4
workday reporting limitations,0,28,0,13.8
workday skills cloud limitations,0,2,0,46
workday stabilization,0,17,0,27.1
workday support model,0,9,0,26.1
workday testing best practices,0,19,0,31.8
workday time tracking implementierung,0,1,0,48
workday time tracking implémentation,0,3,0,42.7
workday tips,0,6,0,47.3
workday tips and tricks,0,4,0,46.5
workday ukg,0,20,0,10.3
workday vs ukg,0,95,0,29.0
workday vs ukg for hcm,0,1,0,4
workday-implementierung,0,48,0,28.1
workday?,0,1,0,3
workey hcm,0,6,0,7
workforce alignment solutions,0,3,0,80.3
workforce data integration,0,7,0,24.1
workforce hcm,0,1,0,17
workforce management consulting dayforce,0,2,0,61.5
workforce management guide,0,1,0,34
workforce management migration testing,0,11,0,9.2
workforce management system integration,0,4,0,58.2
workforce planning & analytics,0,1,0,1
workforce planning analytics,0,16,0,5.2
workforce planning and analytics,0,6,0,12.8
workforce planning tools,0,1,0,37
workforce systems integration,0,1,0,39
workforce travel visibility,0,2,0,28.5
workforce visibility,0,194,0,18.2
workforce visibility platform,0,14,0,18.1
workforce visibility tools frontline leadership,0,4,0,2.5
workplace hcm,0,2,0,48
workplace implementation,0,64,0,80.1
workplace strategic alignment consulting houston,0,1,0,60
workplace strategic alignment houston,0,2,0,88
worksight hcm,0,1,0,33
worldwide hcm,0,2,0,71
would paylocity be a good choice for a company replacing its current payroll provider?,0,6,0,4
write a checklist for migrating employees to a new card issuing solution.,0,12,0,11.1
www.align,0,61,0,9.5
www.align.com,0,4,0,34.5
www.hcm.com,0,16,0,39.9
www.securesteps.co.in,0,3,0,52.7
year end compliance,0,1,0,81
year end payroll,0,1,0,77
year end payroll checklist,0,52,0,37.1
year end payroll guide,0,1,0,53
year end payroll reports,0,1,0,67
year end payroll tax checklist,0,1,0,51
yes,0,11,0,2.5
yes and yes,0,1,0,1
"yes, please.",0,1,0,4
yourhcm,0,5,0,7.8
¿qué herramientas integran los datos de cumplimiento de los contratistas con los sistemas hris?,0,1,0,16
“how to recruit large volumes of temporary workers fast”,0,1,0,13
