query,clicks,impressions,ctr_pct,avg_position
bar crawl usa,757,1959,38.64,9.4
barcrawlusa,561,922,60.85,1.0
tacos and tequila bar crawl,280,1131,24.76,10.1
bar crawl,259,50153,0.52,7.8
taco and tequila bar crawl,181,733,24.69,2.2
taco and tequila crawl,117,701,16.69,4.9
bar crawl columbia sc,109,414,26.33,6.4
beltline bar crawl,100,924,10.82,4.8
march cocktails,80,1417,5.65,4.1
soulard bar crawl,70,249,28.11,8.3
tacos and tequila,70,4335,1.61,6.6
lakewood bar crawl,68,951,7.15,4.5
taco crawl,65,806,8.06,5.9
bar crawl atlanta,63,1437,4.38,6.8
halloween bar crawl,63,1560,4.04,12.0
halloween bar crawl 2026,62,480,12.92,3.7
roswell bar crawl,62,324,19.14,4.6
lakewood bar crawl st patrick's day,59,156,37.82,1.1
lawrenceville brunch crawl,56,90,62.22,1.3
roswell st patrick's bar crawl,55,181,30.39,1.0
onesie bar crawl,54,865,6.24,3.6
bar crawl greenville sc,52,482,10.79,9.8
taco crawl lawrenceville ga,52,137,37.96,1.0
asheville bar crawl,49,597,8.21,4.6
taco bar crawl,48,273,17.58,2.6
bar crawl birmingham,47,344,13.66,6.3
cincinnati bar crawl,45,395,11.39,13.1
barcrawl usa,43,91,47.25,1
lakewood st patty's bar crawl,40,177,22.6,1.3
alpharetta bar crawl,39,257,15.18,9.8
barcrawl,39,3002,1.3,10.8
macon bar crawl,38,147,25.85,3.2
soulard taco and tequila crawl,38,131,29.01,1.1
bar crawl cincinnati,37,248,14.92,4.2
bar crawl usa atlanta,35,98,35.71,1
portland maine bar crawl,35,206,16.99,7.1
bar crawl cleveland,34,971,3.5,6.3
greenville bar crawl,34,845,4.02,11.6
tacos and tequila crawl,33,217,15.21,3.5
tacos and tequila portland maine,33,157,21.02,4.5
taco and tequila crawl columbia sc,32,85,37.65,1.1
lakewood st patrick's day bar crawl,31,114,27.19,1.2
cleveland bar crawl,30,912,3.29,9.9
taco and tequila crawl portland maine,30,107,28.04,1.1
bar crawl macon ga,29,110,26.36,1.7
taco and tequila crawl chattanooga,29,160,18.12,1.1
beltline bar crawl atlanta,28,315,8.89,6.6
birmingham bar crawl,28,174,16.09,10.2
duluth bar crawl,27,120,22.5,2.2
lawrenceville taco crawl,27,84,32.14,1
sarasota bar crawl,27,187,14.44,12.4
tacos and tequila chattanooga,27,133,20.3,2.3
bar crawl alpharetta,26,68,38.24,1.1
bar crawl asheville nc,26,415,6.27,2.6
bar crawl indianapolis,24,540,4.44,4.3
columbia bar crawl,24,281,8.54,22.9
taco tequila bar crawl,24,91,26.37,1.5
what is a bar crawl,24,15285,0.16,4.7
atlanta beltline bar crawl,23,275,8.36,7.5
bar crawl near me,23,2750,0.84,30.4
bar crawl portland maine,23,210,10.95,5.2
green mile bar crawl,23,94,24.47,2.4
bar crawls near me,22,598,3.68,15.4
lawrenceville bar crawl,21,251,8.37,5.6
st pete bar crawl,21,810,2.59,5.7
brunch crawl lawrenceville ga,20,32,62.5,1.0
portland bar crawl,20,508,3.94,18.9
st louis bar crawl,20,163,12.27,5.2
bar crawl beltline,19,82,23.17,4.7
bar crawl stl,19,179,10.61,4.6
bar hopping atlanta,19,590,3.22,9.1
brunch crawl,19,398,4.77,9.4
tacos and tequila festival,19,991,1.92,7.1
bar crawl chattanooga,18,115,15.65,3.1
chattanooga bar crawl,18,381,4.72,18.4
tacos and tequila columbia sc,18,127,14.17,3.4
beltline taco and tequila bar crawl,17,54,31.48,1.1
columbus bar crawl,17,717,2.37,6.4
lakewood st patricks day bar crawl,17,39,43.59,1.1
taco and tequila festival,17,378,4.5,6.6
bar crawls,16,4469,0.36,7.6
halloween bar crawl atlanta,16,116,13.79,13.1
taco and margarita bar crawl,16,388,4.12,6.3
taco and tequila,16,1164,1.37,6.7
taco and tequila crawl 2026,16,80,20.0,3.6
tacos and tequila soulard,16,33,48.48,1.3
tequila crawl,16,140,11.43,1.9
atlanta bar crawl,15,667,2.25,15.9
atlanta halloween bar crawl,15,114,13.16,16.9
bar crawl bingo,15,1754,0.86,7.2
march cocktail ideas,15,164,9.15,7.7
taco crawl gainesville ga,15,116,12.93,2.0
taco and tequila bar crawl cleveland,14,36,38.89,1
west park bar crawl,14,56,25.0,1.4
bar crawl st pete,13,286,4.55,6.3
indianapolis bar crawl,13,375,3.47,8.7
pub crawl asheville nc,13,120,10.83,6.1
tacos and tequila macon ga,13,44,29.55,6.5
cleveland st patrick's day bar crawl,12,689,1.74,8.0
greenville sc bar crawl,12,99,12.12,8.2
indy bar crawl,12,76,15.79,4.3
taco and tequila bar crawl columbia sc,12,22,54.55,1.2
bar crawl columbus ohio,11,579,1.9,5.7
bar crawl map,11,382,2.88,9.7
bar crawl st louis,11,145,7.59,7.0
asheville pub crawl,10,193,5.18,9.4
bar crawl sarasota,10,57,17.54,2.5
pub crawl,10,5126,0.2,13.2
pub crawl portland maine,10,125,8.0,14.2
alpharetta pub crawl,9,42,21.43,1.8
bar crawl halloween,9,219,4.11,13.0
halloween atlanta 2026,9,103,8.74,6.7
lakewood taco and tequila bar crawl,9,27,33.33,1.2
margarita crawl,9,171,5.26,10.3
onesie bar crawl 2026,9,312,2.88,4.8
st patrick's day alpharetta,9,100,9.0,7.8
taco crawl portland maine,9,24,37.5,1.7
tacos and tequila bar crawl portland maine,9,27,33.33,1.6
tacos and tequila greenville sc,9,365,2.47,7.2
bar crawl fort worth,8,297,2.69,7.6
cleveland halloween bar crawl,8,149,5.37,9.5
lakewood halloween bar crawl,8,9,88.89,1
march themed cocktails,8,78,10.26,5.7
onsie bar crawl,8,41,19.51,4.1
sarasota pub crawl,8,46,17.39,3.2
sarasota st patricks day 2026,8,334,2.4,7.3
st pattys bar crawl,8,746,1.07,8.5
stl bar crawl,8,36,22.22,3.7
tequila bar crawl,8,90,8.89,2.0
atlanta bar crawl halloween,7,340,2.06,5.8
atlanta pub crawl,7,349,2.01,21.0
bar crawl in atlanta,7,89,7.87,7.7
bar crawl map maker,7,72,9.72,8.2
chattanooga taco crawl,7,27,25.93,1.4
cleveland taco and tequila crawl,7,18,38.89,1
crawlmap,7,125,5.6,5.9
macon taco and tequila crawl,7,18,38.89,1.3
march drinks,7,449,1.56,4.1
portland maine pub crawl,7,161,4.35,11.9
pub crawl st louis,7,400,1.75,4.5
shamrock bar crawl,7,496,1.41,6.7
taco & tequila bar crawl,7,26,26.92,1.8
taco crawl chattanooga,7,87,8.05,1.2
taco crawl near me,7,74,9.46,5.6
tacos and tequila bar crawl atlanta,7,43,16.28,2.0
tacos and tequila birmingham,7,22,31.82,4.5
tacos and tequila indianapolis,7,232,3.02,6.8
tequila and tacos,7,181,3.87,6.2
bar crawl columbus,6,170,3.53,6.1
bar crawl columbus ga,6,436,1.38,8.7
bar crawl halloween 2026,6,15,40.0,1.9
bar crawl lawrenceville,6,29,20.69,1.6
bars near me,6,5827,0.1,8.7
beer crawl near me,6,86,6.98,9.9
beltline brunch crawl,6,24,25.0,1.0
birmingham pub crawl,6,372,1.61,6.7
crawl list near me,6,462,1.3,4.2
fort worth bar crawl,6,329,1.82,14.5
greenville st patrick's day bar crawl,6,64,9.38,3.1
party bus bar crawl,6,515,1.17,14.7
pub crawl cincinnati,6,351,1.71,3.1
pub crawl near me,6,751,0.8,13.6
roswell st patricks day,6,34,17.65,1.3
roswell taco and tequila crawl,6,31,19.35,1.0
shamrock crawl,6,456,1.32,9.9
st patrick's day bar crawl 2026,6,327,1.83,8.8
st patricks day bar crawl,6,611,0.98,13.5
taco and tequila bar crawl macon ga,6,14,42.86,1
taco and tequila crawl st louis,6,94,6.38,1.7
tacos and margaritas bar crawl,6,250,2.4,10.0
tacos and tequila roswell,6,664,0.9,7.2
tequila and tacos festival,6,50,12.0,6.7
tequila crawl chattanooga,6,36,16.67,1.5
bar crawl costume ideas,5,220,2.27,4.9
bar crawl duluth,5,13,38.46,1
bar crawl lakewood,5,61,8.2,3.0
bar crawl meaning,5,8564,0.06,5.7
bar hopping,5,3876,0.13,4.4
cincinnati pub crawl,5,170,2.94,15.7
harry potter bar cleveland,5,601,0.83,6.1
march drink ideas,5,97,5.15,6.7
pub crawl bingo,5,272,1.84,8.4
pub crawl cleveland,5,319,1.57,5.2
pub crawl indianapolis,5,292,1.71,4.9
pub crawls,5,444,1.13,18.7
st patrick's day bar crawl,5,703,0.71,14.4
st patrick's day bar crawl greenville sc,5,41,12.2,2.5
st patrick's day sarasota 2026,5,136,3.68,5.8
st pete halloween bar crawl,5,48,10.42,7.8
tacos and margs crawl,5,510,0.98,11.5
tacos and tequila bar crawl cleveland,5,9,55.56,1
westpark bar crawl,5,10,50.0,1
alpharetta taco and tequila crawl,4,32,12.5,1.7
bar hopping near me,4,195,2.05,7.9
beer crawl,4,607,0.66,8.8
beltline bar crawl map,4,57,7.02,8.7
chattanooga pub crawl,4,219,1.83,21.9
cleveland bar crawl today,4,37,10.81,2.4
crawl map,4,87,4.6,8.4
easy halloween cocktails,4,368,1.09,9.4
fort worth pub crawl,4,111,3.6,9.8
gainesville taco crawl,4,65,6.15,2
greenville pub crawl,4,202,1.98,26.1
halloween atlanta,4,154,2.6,12.3
kamms corner bar crawl,4,29,13.79,2.1
knoxville bar crawl,4,569,0.7,10.2
lakewood st pattys bar crawl,4,26,15.38,1.7
pub crawl atlanta,4,582,0.69,10.8
pub crawl birmingham,4,54,7.41,17.4
roswell bars,4,158,2.53,12.7
sarasota halloween 2026,4,25,16.0,2.8
st patrick's day columbia sc 2026,4,176,2.27,7.2
st patricks day sarasota 2026,4,120,3.33,6.3
taco and tequila crawl atlanta,4,22,18.18,1.8
taco tequila crawl,4,29,13.79,1.8
tacos and tequila festival atlanta,4,1432,0.28,9.4
ugly sweater bar crawl,4,653,0.61,11.6
whats a bar crawl,4,5331,0.08,5.2
alpharetta st patricks day,3,75,4.0,7.3
atlanta bar crawls,3,40,7.5,7.3
atlanta bar hopping,3,153,1.96,8.6
bar crawl atlanta ga,3,39,7.69,17
bar crawl bingo ideas,3,545,0.55,1.9
bar crawl greenville,3,56,5.36,25.4
bar crawl lakewood ohio,3,31,9.68,2.6
bar crawl portland,3,313,0.96,13.2
bar crawl this weekend,3,42,7.14,9.0
bar crawl usa promo code,3,24,12.5,3.0
beltline crawl,3,20,15.0,1.9
best bars in soulard,3,116,2.59,9.9
birmingham taco & tequila bar crawl,3,8,37.5,1
boos & booze halloween bar crawl,3,11,27.27,1
boos and booze,3,225,1.33,10.3
cinco de mayo bar crawl,3,251,1.2,44.1
cocktails for march,3,99,3.03,8.5
columbia sc st patrick's day 2026,3,202,1.49,8.9
halloween bar crawls,3,366,0.82,11.2
halloween events atlanta 2026,3,68,4.41,7.8
harry potter bar crawl,3,37,8.11,11.1
march themed drinks,3,54,5.56,5.6
margarita bar crawl,3,138,2.17,12.6
onesie crawl,3,95,3.16,4.8
onesie pub crawl,3,590,0.51,4.4
onesie pub crawl 2026,3,107,2.8,3.7
portland pub crawl,3,524,0.57,11.3
pub crawl chattanooga,3,64,4.69,7.8
roswell pub crawl,3,16,18.75,1.7
soulard bars,3,1011,0.3,10.5
soulard taco & tequila bar crawl,3,9,33.33,1.3
st louis pub crawl,3,400,0.75,4.0
st paddys bar crawl,3,284,1.06,8.7
st paddys day bar crawl,3,307,0.98,12.7
st patrick bar crawl,3,118,2.54,9.9
st patrick's day events sarasota,3,150,2.0,9.8
st patricks day bar crawl cleveland,3,117,2.56,5.7
st patricks day greenville sc,3,168,1.79,9
st pete beach bar crawl,3,32,9.38,3.7
st. patrick's day bar crawl,3,51,5.88,8.7
taco and tequila cleveland,3,569,0.53,7.5
tacos and margs bar crawl,3,259,1.16,14.0
tacos and margs crawl 2026,3,109,2.75,6.6
tacos and tequila alpharetta,3,115,2.61,5.7
tacos and tequila bar crawl greenville sc,3,5,60.0,1
tequila and taco bar crawl,3,28,10.71,1.6
westside food booze and brews,3,102,2.94,5.3
what is a bar crawl event,3,491,0.61,3.5
90s bar crawl 2026,2,18,11.11,7.6
alpharetta bars,2,428,0.47,9.8
atlanta halloween events,2,18,11.11,12.2
atlanta st patrick's day bar crawl,2,82,2.44,8.0
bar crawl bingo card,2,374,0.53,4.3
bar crawl birmingham al,2,5,40.0,1.8
bar crawl cleveland ohio,2,101,1.98,13.0
bar crawl gainesville ga,2,2,100,1
bar crawl ideas,2,871,0.23,3.5
bar crawl near me this weekend,2,32,6.25,5.5
bar crawl themes,2,725,0.28,16.7
bar crawl today,2,163,1.23,8.8
bar crawls this weekend,2,81,2.47,8.0
barcraw,2,32,6.25,4.6
best bar hopping atlanta,2,40,5.0,12.4
boos and brews,2,36,5.56,6.4
bubbles and bites,2,19,10.53,2.3
bubbles and bites brunch crawl,2,2,100,1.5
bubbles and brunch,2,4,50.0,4.8
cincinnati st patrick's day bar crawl,2,29,6.9,9.8
cleveland pub crawl,2,158,1.27,25.7
cleveland st patty's bar crawl,2,57,3.51,6.5
cocktail crawl,2,181,1.1,6.7
columbus ga bar crawl,2,95,2.11,8.2
crawl bar,2,2080,0.1,5.8
crawl.com,2,7,28.57,15.6
downtown alpharetta bar crawl,2,3,66.67,1
downtown bar crawl,2,147,1.36,14.5
easy halloween drinks,2,117,1.71,7.6
gainesville bar crawl,2,22,9.09,7.1
green mile bar crawl cleveland,2,13,15.38,1.3
greenville st patricks day,2,63,3.17,9.3
greenville st patricks day bar crawl,2,8,25.0,2.8
halloween 2026 atlanta,2,7,28.57,6.1
halloween bar crawl cleveland,2,108,1.85,11.8
halloween pop up bar,2,2,100,9.5
harry potter pub crawl,2,21,9.52,10.3
holiday bar crawl,2,78,2.56,11.8
how do bar crawls work,2,423,0.47,5.4
lakeview bar crawl,2,11,18.18,10
lakewood ohio bar crawl,2,10,20.0,2
lakewood st patrick's day,2,23,8.7,5.7
march drink special ideas,2,16,12.5,6.4
mimosa bar crawl,2,23,8.7,22
pub crawl fort worth,2,96,2.08,8.7
pub crawl knoxville tn,2,370,0.54,8.4
pub crawl portland,2,74,2.7,11.0
pub crawls near me,2,241,0.83,16.9
sarasota st patrick's day 2026,2,140,1.43,5.0
soulard pub crawl,2,11,18.18,18.9
st patrick's day 2026 bar crawl,2,47,4.26,6.1
st patrick's day events greenville sc,2,50,4.0,7.2
st patrick's day pub crawl 2026,2,33,6.06,7.6
st patricks bar crawl,2,362,0.55,22.8
st patricks day sarasota,2,162,1.23,7.6
st patricks pub crawl,2,7,28.57,4.7
st petersburg bar crawl,2,42,4.76,4.9
summer sippin roswell,2,226,0.88,6.0
taco and marg crawl,2,122,1.64,11.3
taco and tequila fest,2,51,3.92,6.8
taco and tequilla,2,57,3.51,6.3
taco fest,2,161,1.24,8.4
taco margarita festival,2,9,22.22,7
taco n tequila,2,20,10.0,6.5
tacos & margs crawl,2,253,0.79,28.5
tacos and margaritas crawl,2,118,1.69,8.3
tacos and teauila,2,12,16.67,5.8
tacos and tequila atlanta festival,2,201,1.0,7.6
tacos and tequila festival cleveland,2,12,16.67,22.6
tacos and tequila sarasota,2,9,22.22,7.9
tequila and taco crawl,2,10,20.0,2.1
tequila and tacos bar crawl,2,3,66.67,1
tequila fest,2,211,0.95,9.5
the bar crawl,2,575,0.35,5.5
valentines day cocktails,2,43,4.65,75.3
westside food booze and brews fest,2,51,3.92,4.5
what is a beer crawl,2,307,0.65,4.6
what's a bar crawl,2,826,0.24,5.4
2000s bar crawl,1,45,2.22,30.4
21+,1,2,50.0,2.5
24hr bar,1,4,25.0,2
4th of july bar crawl,1,257,0.39,38.3
activities in alpharetta ga,1,1,100,2
adult,1,3,33.33,8
adult onesie,1,18,5.56,13.8
adult onesie party,1,40,2.5,3.4
all inclusive,1,1,100,3
alpharetta,1,2,50.0,1.5
alpharetta downtown bars,1,19,5.26,11.3
ashville bar,1,7,14.29,8.7
atl bar crawl,1,50,2.0,6.3
atlanta halloween,1,70,1.43,9.3
atlanta halloween events 2026,1,52,1.92,6.8
atlanta halloween pub crawl,1,299,0.33,6.0
atlanta tacos and tequila festival,1,178,0.56,8.3
bach bar crawl,1,5,20.0,4.4
bar 24 hours,1,4,25.0,1.5
bar 24/7,1,1,100,1
bar craw,1,457,0.22,5.9
bar crawl 2026,1,50,2.0,6.9
bar crawl activities,1,177,0.56,5.0
bar crawl asheville,1,11,9.09,30.2
bar crawl beltline atlanta,1,3,33.33,2.3
bar crawl bingo cards,1,60,1.67,1.6
bar crawl bingo ideas funny,1,61,1.64,1.8
bar crawl challenge ideas,1,173,0.58,3.1
bar crawl costumes,1,52,1.92,5.7
bar crawl events,1,110,0.91,10.8
bar crawl events near me,1,2,50.0,2
bar crawl frolics,1,212,0.47,11.5
bar crawl game ideas,1,204,0.49,2.3
bar crawl knoxville,1,72,1.39,7.0
bar crawl knoxville tn,1,407,0.25,8.7
bar crawl march 14,1,7,14.29,5.6
bar crawl may 2nd,1,1,100,2
bar crawl orlando,1,186,0.54,40.9
bar crawl route planner,1,8,12.5,12.2
bar crawl santa barbara,1,1,100,4
bar crawl st patricks day,1,75,1.33,8
bar crawl st pattys,1,95,1.05,6.5
bar crawl st pattys day,1,9,11.11,4.7
bar crawl theme,1,105,0.95,13.6
bar crawl tickets,1,149,0.67,11.0
bar crawling,1,2222,0.05,5.5
bar crawls in atlanta,1,44,2.27,3.1
bar crawls st patricks day,1,15,6.67,3.9
bar crawls today,1,20,5.0,6.2
bar downtown columbia sc,1,5,20.0,4.6
bar event,1,15,6.67,9.9
bar events,1,33,3.03,10.2
bar fest cleveland,1,21,4.76,7.1
bar hop,1,324,0.31,6.5
bar hopping bus,1,6,16.67,8
bar hopping fort worth,1,77,1.3,7.7
bar hopping st louis,1,23,4.35,9.6
bar hopping st pete,1,43,2.33,9.7
bar hopping tours,1,3,33.33,13.3
bar tour,1,77,1.3,12.6
bar walking distance from me,1,1,100,1
barcrawling,1,46,2.17,4.8
bars alpharetta,1,74,1.35,15.2
bars bear me,1,34,2.94,7.5
bars chattanooga tn,1,74,1.35,7.2
bars gainesville ga,1,114,0.88,11.0
bars in downtown alpharetta,1,81,1.23,12.4
bars in duluth,1,11,9.09,11.1
bars in gainesville ga,1,211,0.47,11.7
"bars in gainesville, ga",1,34,2.94,10.9
bars in greenville nc,1,18,5.56,9.2
bars in weaverville,1,1,100,3
bars lakewood,1,40,2.5,7.3
bars on greenville,1,1,100,3
bars with entertainment near me,1,1,100,10
beer crawl portland,1,13,7.69,29.5
beltline atlanta bar crawl,1,6,16.67,3.3
best bar hopping near me,1,33,3.03,6.4
best bar in chattanooga,1,26,3.85,5.3
best bars in downtown chattanooga,1,5,20.0,4.6
best bars in roswell,1,8,12.5,15.4
best bars soulard,1,57,1.75,11.0
biggest bar crawl in the us,1,69,1.45,8.4
boos and booze bar crawl,1,45,2.22,23.2
boos and booze halloween party,1,51,1.96,25.4
boos and brews 2026,1,10,10.0,2.9
boozy bus,1,6,16.67,6.2
br crawl,1,38,2.63,2.6
brawl crawl,1,304,0.33,7.2
brunch and bites,1,1,100,5
bubble and bites,1,1,100,2
buckhead bar crawl,1,201,0.5,19.7
canton st patrick's day bar crawl,1,1,100,4
christmas bar crawl,1,51,1.96,26.1
city of lawrenceville events,1,1,100,1
columbia 4th of july,1,1,100,2
columbia bars,1,27,3.7,25.5
columbia pub crawl,1,125,0.8,35.7
columbus ohio bar crawl,1,67,1.49,10.1
country bar crawl,1,61,1.64,33.5
crawl bar meaning,1,99,1.01,6.9
crawl events,1,12,8.33,2.4
crawl meetups,1,26,3.85,7.0
crawl restaurant,1,7,14.29,9.1
crawl with us bar crawl,1,154,0.65,13.1
create a pub crawl map,1,6,16.67,18.3
diy,1,1,100,9
do a pub crawl,1,34,2.94,4.3
downtown alpharetta bars,1,341,0.29,12.6
downtown lawrenceville events,1,2,50.0,2
easter bar crawl,1,15,6.67,5.4
events tomorrow near me,1,1,100,1
fall cocktails near me,1,2,50.0,6
ft worth bar,1,13,7.69,10.2
greenville halloween,1,37,2.7,17.3
greenville sc halloween,1,17,5.88,13.2
grenouillere pour adulte,1,1,100,2
halloween bar,1,41,2.44,5.0
halloween bar crawl columbus ohio,1,43,2.33,17.0
halloween bar crawl near me,1,204,0.49,9.2
halloween bar crawls 2026,1,6,16.67,4.3
halloween bar hopping,1,6,16.67,11.8
halloween barcrawl,1,9,11.11,8.2
halloween club events 2026,1,4,25.0,3.5
halloween cocktails easy,1,128,0.78,12.0
halloween columbia sc,1,209,0.48,13.2
halloween drinks near me,1,2,50.0,1.5
halloween events atlanta,1,7,14.29,18.3
halloween events atlanta for adults,1,22,4.55,11.0
halloween greenville sc,1,46,2.17,16.4
halloween parties 2026,1,24,4.17,3.1
halloween pub crawl,1,136,0.74,10.9
halloween pub crawl 2026,1,28,3.57,4.1
harry potter cleveland,1,15,6.67,8.1
harry potter pop up bar cleveland,1,199,0.5,4.0
holiday bar crawl atlanta,1,1,100,1
hot dog bar crawl,1,94,1.06,12.7
how does a bar crawl work,1,474,0.21,6.6
how to play bar bingo,1,1,100,1
indianapolis pub crawl,1,283,0.35,6.2
is gratuity included,1,1,100,8
knoxville pub crawl,1,468,0.21,11.2
la crosse bar crawl,1,2,50.0,1.5
labor day bar crawl,1,8,12.5,4.1
lakewood halloween,1,10,10.0,3.1
lakewood st patricks day,1,10,10.0,4.5
lakewood trick or treat 2026,1,26,3.85,5.7
lawrenceville,1,1,100,3
list crawling birmingham,1,45,2.22,9.3
louisville pub crawl,1,8,12.5,50.4
march alcoholic drinks,1,26,3.85,6.8
march cocktail,1,74,1.35,6.2
march cocktail specials,1,14,7.14,7.1
mardi gras party bus,1,7,14.29,2.7
margarita and taco festival,1,6,16.67,5.7
margarita festival near me,1,29,3.45,7.5
margaritas and tacos festival,1,12,8.33,6.5
margarittas near me,1,1,100,1
memorial day bar crawl,1,10,10.0,6.6
midtown halloween bar crawl,1,2,50.0,7.5
next one,1,1,100,2
nice bar near me,1,4,25.0,8.2
old san juan bar crawl,1,75,1.33,36.7
onesie bar crawl 2025,1,33,3.03,4.9
onesie party,1,194,0.52,2.8
onsie pub crawl,1,9,11.11,4.1
otr bar crawl,1,1,100,1
paddy hard bar crawl,1,6,16.67,5
party crawl,1,56,1.79,12.2
pickle bar crawl,1,33,3.03,13.5
pool bars near me,1,4,25.0,8.2
portland bar hopping,1,11,9.09,11.8
portland halloween bar crawl,1,22,4.55,7.7
pub bingo cards,1,43,2.33,1.5
pub bus,1,18,5.56,5.6
pub crawl columbus ohio,1,384,0.26,7.6
pub crawl costume ideas,1,321,0.31,7.5
pub crawl greenville sc,1,41,2.44,19.3
pub crawl near me today,1,9,11.11,5
pub crawl sarasota,1,26,3.85,1.8
pub crawl st patrick's day,1,193,0.52,19.1
pub crawl st pete,1,57,1.75,6.5
pub crawl synonym,1,2,50.0,1
pub crawls list,1,12,8.33,1.9
roswell st patrick's day,1,13,7.69,1.6
roswell summer sippin,1,77,1.3,5.5
saint patrick's day bar crawl,1,297,0.34,23
saint patrick's day bar crawl 2026,1,30,3.33,8.0
saint patrick's day bars,1,1,100,8
saint patricks day bar crawl,1,165,0.61,17.7
saint pattys bar crawl,1,21,4.76,14.4
sarasota events,1,1,100,2
sarasota st patrick's day,1,116,0.86,7.8
simple halloween cocktails,1,133,0.75,10.5
smedley's bar and grill upcoming events,1,4,25.0,10.8
soulard events,1,22,4.55,13.5
spooky bar crawl,1,10,10.0,13.4
sports bars chattanooga tn,1,2,50.0,2.5
st paddys day 2026 bar crawl,1,36,2.78,8.2
st patrick's bar crawl,1,108,0.93,17.1
st patrick's day bar crawls,1,29,3.45,17
st patrick's day events in sarasota,1,33,3.03,9.6
st patrick's day greenville sc,1,99,1.01,12.1
st patrick's day pub crawl near me,1,1,100,1
st patrick's day sarasota,1,91,1.1,10.8
st patrick's pub crawl,1,159,0.63,16.0
st patricks day bar crawl 2026,1,85,1.18,7.2
st patricks day greenville,1,61,1.64,9.1
st patricks day in sarasota,1,26,3.85,8.2
st patricks day pub crawl,1,199,0.5,22.3
st patricks day pub crawl 2026,1,103,0.97,5.3
st patricks day roswell,1,16,6.25,2.1
st patty's bar crawl 2026,1,88,1.14,8.4
st patty's day bar crawl,1,336,0.3,21.0
st patty's day sarasota fl,1,39,2.56,7.3
st pattys bar crawl 2026,1,163,0.61,7.8
st pattys day bar crawl,1,498,0.2,12.2
st pattys day bar crawl 2026,1,35,2.86,8.4
st pete pub crawl,1,364,0.27,9.0
st pete st patty's day bar crawl,1,60,1.67,10.3
st. louis gay bars,1,1,100,8
st.patricks day bar crawl,1,3,33.33,4.3
summer sippin,1,55,1.82,7.6
taco & tequila,1,64,1.56,7.8
taco and margarita crawl,1,134,0.75,13.3
taco and tequila festival 2026 chattanooga tn,1,9,11.11,1.6
taco crawl 2026,1,59,1.69,4.5
taco crawl cleveland,1,18,5.56,1
taco fest birmingham 2026,1,2,50.0,6
taco festival,1,137,0.73,8.3
taco festivals,1,11,9.09,7
taco margarita bar crawl,1,4,25.0,6
taco margarita crawl,1,69,1.45,6.8
taco n tequila festival,1,8,12.5,8.8
taco tequila festival,1,24,4.17,7.4
taco tequilla,1,13,7.69,6.6
taco walk,1,7,14.29,6.1
tacos and marg crawl,1,174,0.57,7.6
tacos and tequila atlanta,1,173,0.58,11.7
tacos and tequila chattanooga 2026,1,49,2.04,1.9
tacos and tequila cincinnati 2026,1,92,1.09,6.3
tacos and tequila festival greenville sc,1,32,3.12,8.6
tacos and tequila fort worth,1,116,0.86,12.8
"tacos and tequila greenville, sc",1,27,3.7,6.4
tacos and tequila june 6th,1,1,100,2
tacos and tequila st pete,1,6,16.67,17.8
tacos and tewuila,1,5,20.0,6.2
tacos tequila festival,1,21,4.76,7.0
tequila and taco,1,10,10.0,6.2
tequila and tacos festival 2026,1,2,50.0,3.5
tequila bar chattanooga,1,25,4.0,7.0
tequila fest birmingham,1,9,11.11,8.6
tequila festival,1,411,0.24,9.3
tequila festival 2026,1,19,5.26,4.2
tequila festival atlanta,1,30,3.33,17.9
tequila taco bar,1,11,9.09,6.9
tequila tasting near me,1,36,2.78,5.2
the hub st pete,1,1,100,5
the pub crawl,1,50,2.0,12.2
the shamrock irish pub eatery upcoming events,1,1,100,5
the shamrock sarasota,1,55,1.82,10.2
themed bar crawls,1,74,1.35,13.5
things happening saturday near me,1,1,100,1
things to do birmingham al,1,1,100,2
things to do in birmingham al this weekend,1,1,100,3
"things to do in birmingham, al this weekend for adults",1,1,100,1
things to do in soulard,1,18,5.56,2.2
things to do in st pete today,1,1,100,5
ticketed,1,1,100,3
twcos and tequila,1,4,25.0,4.8
unicorn blood cocktail,1,9,11.11,11.9
valentine cocktails,1,5,20.0,65
valentine's day drink specials,1,34,2.94,12.8
valentines bar crawl,1,17,5.88,17.5
valentines cocktails,1,13,7.69,86.3
valentines day bar crawl,1,15,6.67,9.9
website,1,1,100,2
west park st patrick's day,1,7,14.29,1.1
"westside food, booze & brews fest",1,2,50.0,5.5
what date is it for 2026,1,1,100,1
what does bar crawl mean,1,353,0.28,5.8
what is a bar crawl?,1,283,0.35,4.9
what is a boozy brunch,1,4,25.0,3.8
what is a pub crawl,1,880,0.11,10.1
what is bar crawl,1,2319,0.04,6.4
zombie crawl 2026,1,4,25.0,5
"""13862 pub crawl"" blog",0,12,0,3.1
"""13862"" ""convex hull"" ""pub crawl""",0,14,0,8.4
"""13862"" ""pub crawl""",0,1,0,2
"""13862"" ""pub crawl"" ""boj""",0,1,0,5
"""13862"" ""pub crawl"" 풀이",0,4,0,8.2
"""al just arrived in dublin"" ""pub crawl""",0,7,0,2
"""al just arrived in dublin"" pub crawl problem solution",0,2,0,2
"""ao nang pub crawl""",0,3,0,6
"""bar",0,1,0,1
"""bar crawls should begin at a hotel""",0,3,0,5
"""bar crawls should begin"" at a hotel",0,1,0,2
"""bar la cr",0,3,0,9
"""barcrawl"" email contact event",0,90,0,3.7
"""boj 13862"" ""pub crawl""",0,18,0,7
"""boj 13862"" pub crawl",0,11,0,6.5
"""boj 13862"" pub crawl solution",0,1,0,8
"""brussels pub crawl""",0,3,0,4
"""catch a boog crew meetup""",0,2,0,9.5
"""core bar"" atlanta",0,112,0,8.2
"""downtown alpharetta"" facebook official",0,3,0,8.7
"""duke's"" restaurant or seafood or bellevue or seattle or tacoma -scheyer -boozer -energy",0,6,0,35.3
"""future bar"" ""next to""",0,14,0,9.3
"""future bar"" ""next to"" ""bar""",0,19,0,10.3
"""future bar"" ""next to"" bar",0,37,0,9.9
"""help al to find out how many pubs he can visit""",0,3,0,2
"""how to plan a cocktail party"" -site:reddit.com -site:twitter.com -site:x.com -site:wykop.pl -site:tripadvisor.com -site:youtube.com -site:yelp.com -site:booking.com -site:facebook.com -site:instagram.com -site:tiktok.com",0,1,0,10
"""naughty hut"" -site:reddit.com -site:twitter.com -site:x.com -site:wykop.pl -site:tripadvisor.com -site:youtube.com -site:yelp.com -site:booking.com -site:facebook.com -site:instagram.com -site:tiktok.com",0,1,0,6
"""northstar freeze bar and ugly-row reopen cut for feb 2""",0,2,0,2
"""park bar"" ""atlanta""",0,1,0,35
"""pub crawl"" ""al just arrived in dublin""",0,19,0,2
"""pub crawl"" ""boj 13862""",0,74,0,4.3
"""pub crawl"" ""convex spiral""",0,11,0,6.7
"""pub crawl"" ""볼록 껍질""",0,6,0,8.5
"""pub crawl"" 13862 풀이",0,3,0,7
"""pub crawl"" dublin every turn left turn no three pubs on a straight line solution",0,1,0,10
"""ruta de bares"" españa",0,1,0,2
"""strange taco bar"" ""lawrenceville""",0,6,0,49.8
"""tequila""",0,1,0,37
"""the 20 most popular cocktail recipes of 2022"" ""left hand""",0,2,0,5
"""thewaggleriddle"" ""the bays""",0,1,0,9
"""timberline sports bar"" ""8 novembre""",0,1,0,8
#bar,0,1,0,3
#barcrawl latest,0,151,0,8.9
#barhoping latest,0,7,0,15.4
#barhopping latest,0,6,0,16.7
#baronwheels,0,6,0,3
#halloweenbarcrawl,0,3,0,11
#harrypottercocktails,0,71,0,8.9
#holidaybar,0,2,0,15
#holidaybaratlanta,0,9,0,16
#onesiebar,0,29,0,13.7
#pubcrawl latest,0,31,0,8.8
#valentinesdaycocktails,0,1,0,17
#voteyourfave,0,1,0,16
& bar,0,1,0,1
"(""neighbor pete"" and ""photos.google.com"")",0,1,0,4
"-site:facebook.com -site:fb.me -site:youtube.com -site:youtu.be -site:youtube.be -site:twitter.com -site:instagram.com -site:tiktok.com -site:vm.tiktok.com -site:t.co -site:x.com -site:reddit.com ""espresso martini"" +""cocktail""",0,2,0,39.5
11 halloween costume,0,1,0,4
11:59 bar,0,1,0,27
11th annual onesie pub crawl,0,2,0,18.5
12 bars of christmas cleveland,0,1,0,15
12 bars of st louis,0,1,0,72
13862 pub crawl solution,0,19,0,7.2
13862 pub crawl solution blog,0,10,0,3.4
18 plus clubs tonight near me,0,1,0,11
18+ bar near me,0,2,0,12.5
18+ bar near me tonight,0,1,0,5
18+ bars near me,0,1,0,13
18+ bars near me tonight,0,2,0,6.5
2.0 taco & tequila bar,0,3,0,7
2000 bar crawl,0,31,0,19.4
2000's bar crawl,0,6,0,26.2
2025 all access st pattys crawl schedule,0,1,0,13
2026,0,2,0,11.5
2026 bar crawl,0,16,0,7.6
2026 halloween parties,0,1,0,3
2026 indy tequila festival,0,1,0,6
2026 pub crawl,0,30,0,8.2
"20s bars near me, macon, georgia, united states",0,3,0,16.3
21,0,1,0,12
21+ nightlife,0,2,0,4
22nd bar,0,1,0,84
22ten kitchen cocktails,0,1,0,67
24 hour bar,0,18,0,2.7
24 hour beer near me,0,1,0,15
24 hour lounge near me,0,2,0,3
24 hours bar,0,3,0,3
24 hr bar,0,2,0,1
24 hrs bar,0,1,0,1
24/7 bar,0,10,0,1.4
25 fore street portland maine,0,3,0,12
25th bar,0,2,0,50
28 pub crawl,0,1,0,10
2909 bar fort worth,0,2,0,35.5
2nd annual suits boots bus crawl,0,1,0,4
30 bar atlanta latest,0,2,0,20.5
30 bar buckhead,0,2,0,40.5
30506,0,1,0,6
4 person costume ideas,0,1,0,13
4th of july events in columbia sc,0,1,0,3
4th of july pub crawl,0,24,0,39.4
4th street bar crawl,0,1,0,6
5 most popular halloween costumes,0,1,0,1
5 star lounges near me,0,1,0,3
5 stripes and pints pub crawl,0,1,0,7
5ive70 dueling piano bar,0,3,0,17.7
5th annual,0,1,0,3
6th street bar crawl,0,1,0,47
6th street fort worth bars,0,1,0,48
7 person halloween costumes,0,1,0,5
7 tequilas alpharetta,0,1,0,40
7th,0,1,0,6
8th annual christmas party,0,1,0,29
8th green mile,0,1,0,10
8th vip,0,13,0,34.8
90's bar crawl,0,214,0,29.6
90's pub crawl,0,4,0,37.8
90s bar,0,1,0,10
90s bar crawl,0,322,0,28.0
"90s bar crawl, event planner",0,5,0,16.2
90s pub crawl,0,17,0,54.6
90s vs y2k bar crawl,0,1,0,1
99vip,0,6,0,14.8
99vip.com,0,1,0,15
"<userlocation>north carolina,united states</userlocation> which halloween venues in nc offer special photo nights or costume contests?",0,1,0,10
@limejarritos.png,0,8,0,34
@limejarritos.png instagram,0,15,0,33.7
@polestrawberry,0,3,0,25
a bar crawl,0,60,0,3.1
a bar near me,0,2,0,7
"a bar, cleveland, ohio, united states",0,2,0,12.5
"a bar, pub, westpark",0,11,0,15.8
a better crawl official website,0,27,0,9.1
a night out,0,1,0,1
a onesie,0,1,0,1
a onesie for adults,0,1,0,1
a pub crawl,0,5,0,6
aaj ke ki bar,0,3,0,19.3
abanico tapas bar restaurant music greenville sc,0,1,0,43
aboutst vodka,0,1,0,11
abra buckhead,0,1,0,89
academy bar alpharetta,0,44,0,14.1
acm bar crawl,0,1,0,11
acos and tequila,0,3,0,9.3
active bars near me,0,1,0,8
activities in cincinnati today,0,1,0,1
activity bars near me,0,1,0,12
acworth pub crawl,0,1,0,12
adult activities,0,1,0,3
adult activities cleveland,0,1,0,1
adult costume ideas,0,6,0,3.2
adult costume party,0,1,0,3
adult costumes ideas,0,2,0,2.5
adult crawler,0,1,0,49
adult dress up ideas,0,2,0,1
adult events,0,1,0,3
adult female onesie,0,1,0,97
adult fun activities fort worth,0,1,0,1
adult halloween,0,2,0,2
adult halloween activities,0,1,0,9
adult halloween events near me,0,1,0,1
adult halloween parties,0,1,0,2
adult halloween parties near me,0,1,0,8
adult halloween party near me 2026,0,2,0,2
adult nightlife,0,3,0,14.3
adult oneies,0,1,0,4
adult onesie for men,0,1,0,6
adult onesie name,0,2,0,23
adult onesie with hood,0,1,0,8
adult onesie women,0,2,0,8
adult onesies,0,7,0,15.6
adult onesies for men,0,1,0,5
adult onesies near me,0,1,0,5
adult onezies,0,1,0,8
adult only,0,1,0,2
adult only parties,0,1,0,5
adult onsie,0,5,0,5.4
adult onsies,0,2,0,3
adult outfit ideas,0,1,0,1
adult parties,0,1,0,17
adult snorlax onesie,0,1,0,1
adult things,0,1,0,4
adult trip,0,1,0,3
adult.onesie,0,1,0,4
adults,0,1,0,1
adults costumes ideas,0,1,0,2
adults only,0,1,0,4
adults wearing onesies,0,4,0,23.2
affordable adult onesies animal novelty styles,0,1,0,10
affordable bars near me,0,2,0,6
afreaka onesies,0,1,0,8
after hours,0,1,0,6
after hours bars near me,0,1,0,2
ahamrocks,0,1,0,6
air bar,0,1,0,3
al boos,0,1,0,77
albany bar crawl,0,31,0,38.0
albany pub crawl,0,1,0,33
albany st patrick's day bar crawl,0,1,0,5
albany st. patrick's day bar crawl,0,29,0,30.3
albufeira bar crawl,0,1,0,2
alcohol delivery,0,1,0,1
alcoholic drinks for fall,0,1,0,57
alcoholic drinks for valentine's day,0,3,0,81
alcoholic fall drinks,0,1,0,82
alexandria bar crawl,0,15,0,47.4
alexandria pub crawl,0,1,0,38
alexandria st. patrick's day bar crawl,0,32,0,30.2
alien onesies,0,1,0,10
all american bar crawl,0,3,0,15.3
all big events in april in indy that will have downtown bars packed,0,28,0,4.9
all day drink,0,7,0,37.1
all day drinking,0,4,0,54.2
all ga bar,0,3,0,1.7
all night bar,0,1,0,1
allamericanbarcrawl.com coupons,0,3,0,54
allentown bar crawl,0,217,0,30.5
allentown pub crawl,0,2,0,46
allentown st patrick's day bar crawl,0,1,0,28
almost famous bar indy,0,1,0,55
almost st. patrick's day pub crawl,0,1,0,5
alpharetta bar,0,62,0,10.7
alpharetta entertainment,0,1,0,90
alpharetta events,0,1,0,4
alpharetta ga,0,1,0,9
alpharetta ga bars,0,20,0,15.2
alpharetta ga nightlife,0,8,0,26.5
alpharetta ga to columbia sc,0,1,0,11
alpharetta ga to gainesville ga,0,1,0,64
alpharetta ga to greenville sc,0,1,0,69
alpharetta halloween events,0,2,0,18
alpharetta in usa,0,2,0,61
alpharetta map,0,3,0,43.7
alpharetta maps,0,1,0,100
alpharetta nightlife,0,26,0,27.2
alpharetta storage,0,2,0,79.5
alpharetta to asheville,0,1,0,21
alpharetta to chattanooga,0,1,0,61
alpharetta to duluth,0,1,0,82
alpharetta to gainesville ga,0,2,0,43.5
alpharetta to macon,0,2,0,42
alt places near me,0,1,0,4
amaretto sour,0,1,0,11
american bars,0,1,0,25
american live bar,0,1,0,36
american restaurant alpharetta,0,1,0,1
amerika bar,0,2,0,23
amherst bar crawl,0,1,0,26
amherst ohio bars,0,1,0,9
amsterdam bar crawl,0,1,0,75
amsterdam pub crawl,0,5,0,6.2
amsterdam pub crawls,0,1,0,5
anchorage bar crawl,0,1,0,41
anchorage pirate pub crawl,0,3,0,40.7
anchorage pub crawl,0,7,0,57.1
andy bar,0,7,0,25.1
anejo lawrenceville reviews,0,1,0,2
angel's envy drink recipes,0,4,0,1
anime onesies for adults,0,1,0,4
ann arbor bar crawl,0,15,0,39.2
ann arbor pub crawl,0,19,0,37.1
ann arbor st. patrick's day bar crawl,0,28,0,31
annapolis bar crawl,0,8,0,57.5
annapolis st patrick's bar crawl,0,1,0,35
annual ugly sweater,0,2,0,5
another word for bar hopping,0,2,0,2
antalya pub crawl,0,1,0,6
antigua bar crawl,0,1,0,7
antros cerca de mi,0,1,0,5
any bars near me,0,1,0,9
any other,0,1,0,7
any today?,0,1,0,8
anything in maine,0,1,0,7
ao nang bar crawl,0,2,0,1
ao nang pub crawl,0,7,0,8.3
apa itu bar hopping,0,1,0,8
apartment crawl,0,6,0,38.3
appcrawl,0,1,0,10
appetizer crawl,0,1,0,1
apple pucker drink recipes,0,3,0,1
april 18th shirt,0,1,0,38
april drink specials,0,1,0,10
ar crawl,0,13,0,4.2
ar hopping,0,3,0,1
archbald bar crawl,0,2,0,9.5
archbald pub crawl,0,2,0,14.5
are bar,0,1,0,1
are bar crawls worth it,0,18,0,2.6
are onesies comfortable,0,1,0,84
are onesies in style right now?,0,127,0,18.3
are onesies still in fashion,0,1,0,80
are onesies trending in uk high street fashion?,0,2,0,1
are onesiess in style right now?,0,52,0,24.4
are pub crawls worth it,0,3,0,12.3
are the drinks free,0,1,0,3
are there any good places for a night out on the town near here,0,1,0,1
are there strip clubs?,0,1,0,3
arlington bar crawl,0,341,0,39.9
arlington pub crawl,0,45,0,46.1
arlington st patrick's bar crawl,0,1,0,1
arlington st. patrick's day bar crawl,0,14,0,25.5
around the corner bar lakewood,0,1,0,24
around the corner bar lakewood ohio,0,2,0,23
around the corner cleveland,0,8,0,23.2
around the corner lakewood,0,1,0,22
around the corner lakewood oh,0,6,0,32.2
around the corner lakewood ohio,0,1,0,41
around the corner saloon,0,1,0,34
around the corner saloon & cafe,0,1,0,12
art the clown cosplay,0,1,0,16
arthur morgan halloween costume,0,1,0,4
asbury bar crawl,0,4,0,39
asbury park bar crawl,0,10,0,38.5
asheville bar,0,148,0,12.3
asheville bars,0,14,0,15.1
asheville best bars,0,1,0,16
asheville floating bar crawl,0,22,0,8.7
asheville halloween,0,97,0,11.9
asheville halloween 2024,0,20,0,15.7
asheville halloween 2026,0,1,0,1
asheville halloween bar crawl,0,8,0,17.8
asheville halloween events,0,16,0,25.1
asheville haunted pub crawl,0,1,0,42
asheville maps,0,1,0,85
asheville nc bar,0,21,0,11.2
asheville nc bar tour,0,2,0,9
asheville nc bars,0,12,0,17.5
asheville nc bars with live music,0,2,0,20.5
asheville nc best bars,0,16,0,23.5
asheville nc halloween,0,37,0,9.1
asheville nc pub crawl,0,11,0,7.7
asheville party bus,0,1,0,62
asheville st. patrick's day bar crawl,0,89,0,42.0
ashley pub crawl,0,3,0,11.7
ashviel har,0,2,0,10.5
ashville bars,0,9,0,17.3
ashville yards,0,1,0,2
aspinwall beer crawl,0,6,0,38.3
at bars,0,1,0,1
at the bars,0,1,0,1
at tin,0,3,0,80.7
athens bar crawl,0,1,0,36
athens pub crawl,0,2,0,9
atl backpage crawl,0,3,0,10.7
atl bar,0,19,0,49.9
atl bars,0,2,0,60
atl halloween,0,2,0,10.5
atl lidt crawl,0,17,0,5.3
atl listcrawler,0,1,0,2
atl party today latest,0,2,0,20.5
atl taco,0,1,0,44
atlanta ?,0,1,0,1
atlanta bar,0,84,0,27.4
"atlanta bar crawl halloween 2024, ponko chicken midtown, 25 oct",0,27,0,15.9
atlanta bar tour,0,14,0,11.8
atlanta bar tours,0,144,0,8.2
"atlanta bar tours, local business",0,31,0,10.8
atlanta belt line map,0,1,0,41
atlanta beltline bars,0,9,0,36.1
atlanta beltline christmas,0,1,0,13
atlanta beltline fest,0,1,0,2
atlanta beltline map,0,25,0,51.1
atlanta beltline october,0,1,0,1
atlanta beltline tickets,0,9,0,48.2
atlanta christmas bar crawl,0,1,0,1
atlanta events february 2026,0,1,0,3
atlanta events halloween,0,5,0,34.6
atlanta events next 14 days,0,1,0,1
atlanta food festivals 2026,0,1,0,2
atlanta ga weather in june,0,1,0,67
atlanta halloween 2026,0,95,0,6.9
atlanta halloween activities,0,80,0,60.6
atlanta halloween costume,0,1,0,85
atlanta halloween event,0,1,0,45
atlanta halloween parties,0,30,0,17.4
atlanta halloween party,0,28,0,14.4
atlanta holiday bar,0,4,0,9
atlanta listcrawl,0,1,0,1
atlanta listcrawler,0,1,0,1
atlanta lostcrawler,0,2,0,5
atlanta midtown nightlife,0,1,0,68
atlanta night club zombie,0,22,0,7.3
atlanta nightlife,0,1,0,1
atlanta nightlife deals,0,52,0,52.9
atlanta party bus,0,3,0,84.7
atlanta rooftop party,0,1,0,69
atlanta st patricks day bar crawl,0,4,0,5.5
atlanta st patty's bar crawl,0,2,0,4.5
atlanta st. patrick's day bar crawl,0,119,0,38.9
atlanta sweater,0,2,0,57
atlanta taco,0,1,0,78
atlanta taco and tequila festival,0,71,0,6.6
atlanta taco fest,0,1,0,14
atlanta taco festival,0,21,0,16.1
atlanta tequila,0,1,0,15
atlanta tequila festival,0,1,0,14
atlanta tequila festival 2026,0,2,0,5
atlanta ugly,0,2,0,17.5
atlanta ugly latest,0,1,0,20
atlanta united pub crawl,0,12,0,22.1
atlanta usa karte,0,1,0,50
atlanta usa maps,0,1,0,54
atlanta zombie,0,2,0,7.5
atlanta zombie club,0,1,0,1
atlanta's ugly,0,1,0,31
atlantaandbeyond.com,0,1,0,95
atlantabar,0,1,0,8
atlantic city bar crawl,0,35,0,34.3
atlantic city pub crawl,0,1,0,91
atlantic city st patrick's day bar crawl,0,1,0,25
atlantic city st. patrick's day bar crawl,0,27,0,28.4
atlbeltline,0,1,0,15
atllistcrawlers,0,1,0,1
attractions in lawrenceville ga,0,1,0,3
auburn bar crawl,0,1,0,17
augusta bar crawl,0,60,0,43.5
augusta pub crawl,0,39,0,42.2
augusta st. patrick's day bar crawl,0,57,0,48.1
austin bachelor party bar crawl,0,2,0,37.5
austin bar crawl,0,16,0,50.9
austin harry potter bar,0,1,0,9
austin pub crawl,0,11,0,32
austin st. patrick's day bar crawl,0,21,0,33.3
austin texas pub crawl,0,1,0,32
australia day pub crawl,0,1,0,50
authentic bar,0,8,0,34.8
authentic bars,0,1,0,8
automatic taco and tequila bar,0,1,0,9
automatic taco and tequila bar greenville,0,4,0,10
autumn cocktail recipes,0,20,0,60.6
autumn cocktails,0,31,0,70.2
autumn drink ideas,0,4,0,66.2
autumn drink recipes,0,33,0,67.4
autumn drinks,0,1,0,60
autumn drinks recipes,0,6,0,70.5
autumn inspired cocktails,0,1,0,96
autumn mixed drinks,0,10,0,86.3
autumnal cocktails,0,25,0,66.3
autumnal drinks,0,1,0,46
av bar,0,1,0,9
avalon st patrick's day,0,1,0,1
average pub entry fee,0,1,0,50
avon bars,0,1,0,10
awesome bar,0,1,0,28
b b b bingo,0,1,0,1
b-b-b-bingo,0,1,0,1
b.a.r,0,1,0,5
b44 bar crawl,0,1,0,5
ba crawl,0,5,0,7
babygros adulte homme,0,1,0,2
bach bar,0,1,0,1
bachelorette bar crawl,0,78,0,45.3
bachelorette party bar crawl,0,4,0,33.8
bachelorette pub crawl,0,1,0,8
back 9 bar crawl,0,1,0,6
back bar usa,0,2,0,45
back to the bar tour,0,1,0,11
backalley bar,0,1,0,9
backbar usa,0,4,0,38
backstage bar cleveland ohio,0,1,0,56
backstage bar cleveland upcoming events,0,1,0,29
"backstage bar cleveland, bar & grill, cleveland",0,1,0,27
backwood saloon,0,1,0,11
bad medicine lakewood,0,1,0,51
bad santa bar,0,1,0,1
bad santa bar crawl,0,3,0,52.7
badass halloween costumes,0,1,0,5
baddie brunch,0,1,0,43
baddies fort worth,0,1,0,2
bads near me,0,2,0,14
bae hopping,0,8,0,6.5
baes near me,0,3,0,8
baileys bar columbia,0,1,0,20
baileys chocolate bar st louis mo,0,1,0,74
ball crawl,0,25,0,25.3
balls bar gainesville latest,0,1,0,29
baltimore bar crawl,0,19,0,50.2
baltimore bar crawl fells point,0,1,0,56
baltimore halloween bar crawl,0,1,0,46
baltimore st patrick's day bar crawl,0,1,0,36
banana bar crawl,0,2,0,7.5
banana bar crawl knoxville,0,6,0,33.2
banana bar crawl ottawa,0,3,0,9.3
band crawl,0,2,0,42
bangalore pub crawl,0,3,0,7.3
bangkok pub crawl,0,5,0,7.4
bar,0,159,0,10.8
bar 1 west,0,3,0,21.3
bar 10 upcoming events,0,1,0,14
bar 101,0,1,0,1
bar 101 soulard,0,17,0,35.4
bar 11 rain party,0,1,0,19
bar 13,0,1,0,10
bar 15 portland,0,1,0,47
bar 17 upcoming events,0,2,0,11
bar 2015,0,2,0,69.5
bar 23 25,0,1,0,10
bar 243,0,1,0,35
bar 25th,0,5,0,43
bar 28,0,1,0,19
bar 34,0,1,0,1
bar 66,0,1,0,7
bar 7th,0,1,0,65
bar a,0,1,0,1
bar a bar,0,2,0,16
bar a st patricks day,0,9,0,6.9
bar a st patricks day 2026,0,1,0,1
bar a themes,0,1,0,66
bar across,0,3,0,15
bar across the street,0,1,0,5
bar activities,0,1,0,11
bar after bar,0,3,0,1.3
bar alpharetta,0,14,0,13.6
bar alpharetta ga,0,8,0,18.1
bar an,0,4,0,1
bar and activities,0,1,0,9
bar and grills in atlanta,0,3,0,7
bar and pub near me,0,1,0,12
bar and rec,0,2,0,6.5
bar area near me,0,1,0,5
bar areas near me,0,2,0,9.5
bar aroubd me,0,1,0,12
bar around,0,4,0,5.2
bar around me,0,21,0,7.9
bar arrive,0,1,0,2
bar asheville,0,1,0,13
bar asheville nc,0,2,0,15.5
bar at the patch tavern,0,1,0,11
bar atl,0,1,0,1
bar august,0,1,0,35
bar bar,0,1,0,6
bar bash,0,1,0,7
bar bear me,0,23,0,8.4
bar bear ne,0,5,0,9.4
bar besr me,0,1,0,14
bar bier baal,0,1,0,9
bar bingo,0,99,0,23.9
bar bingo card,0,47,0,1
bar bingo card ideas,0,9,0,1
bar bingo cards,0,29,0,1.4
bar bingo game,0,8,0,22.4
bar bingo ideas,0,416,0,1.6
bar bingo ideas for adults,0,122,0,1.2
bar bingo rules,0,5,0,1.6
bar bingo with playing cards,0,1,0,2
bar birmingham al,0,9,0,10.8
bar blizzard,0,2,0,48.5
bar blog,0,6,0,7.8
bar boos,0,2,0,6
bar booze,0,1,0,16
bar bounce,0,10,0,54.8
bar bout,0,1,0,1
bar bus,0,146,0,15.1
bar buses,0,2,0,3
bar bussen,0,6,0,6.3
bar calw,0,1,0,2
bar carson's soulard,0,9,0,41.8
bar cart wheels,0,1,0,9
bar carwl,0,39,0,4.4
bar ceawl,0,36,0,4.4
bar celebration,0,7,0,46.3
bar cerca de mi,0,8,0,8.8
bar cerca de mi ubicacion,0,1,0,7
bar cerca de mi ubicación,0,1,0,6
bar challenges,0,88,0,9.8
bar challenges ideas,0,126,0,1.6
bar chears,0,1,0,2
bar cincinnati,0,2,0,2
bar cincinnati ohio,0,1,0,3
bar cities,0,1,0,10
bar claw,0,1,0,60
bar cle,0,2,0,1
"bar cle west park, pub, cleveland",0,13,0,8.4
bar cleveland ohio,0,5,0,12.8
bar close by,0,1,0,15
bar close by me,0,3,0,6.7
bar close me,0,1,0,8
bar close to me,0,16,0,10.7
bar closest to me,0,6,0,8.2
bar closest to my location,0,1,0,7
bar club & pub tours in united states,0,213,0,9.0
bar club near me,0,1,0,11
bar columbia sc,0,3,0,13.7
bar comedy usa,0,2,0,27.5
bar costume,0,184,0,3.4
bar costume ideas,0,3,0,3
bar costumes,0,7,0,10.4
bar costumes for halloween,0,7,0,8.7
bar cr,0,24,0,5.9
bar cra,0,58,0,4.7
bar crael,0,26,0,4.1
bar cral,0,27,0,4.5
bar cras,0,1,0,5
bar craw latest,0,4,0,4.2
bar crawk,0,16,0,4.8
bar crawl 4th of july,0,3,0,6.7
bar crawl albany ny,0,3,0,43
bar crawl amsterdam,0,2,0,78.5
bar crawl ann arbor,0,2,0,38.5
bar crawl annapolis,0,3,0,19.3
bar crawl app,0,17,0,36.8
bar crawl arlington va,0,1,0,22
bar crawl atl,0,22,0,6.7
bar crawl atlantic city,0,1,0,25
bar crawl attire,0,4,0,10.8
bar crawl auckland,0,1,0,1
bar crawl baltimore,0,6,0,57.8
bar crawl bangkok,0,1,0,1
bar crawl beauties,0,1,0,28
bar crawl berlin,0,1,0,6
bar crawl bingo card ideas,0,13,0,1
bar crawl bingo template,0,16,0,1.1
bar crawl birthday ideas,0,8,0,41.1
bar crawl bloomington,0,1,0,47
bar crawl boise,0,11,0,49.6
bar crawl boston,0,7,0,3.9
bar crawl brickell,0,4,0,31.5
bar crawl brighton,0,1,0,35
bar crawl bristol,0,5,0,44
bar crawl broad ripple,0,5,0,35.2
bar crawl bucharest,0,1,0,10
bar crawl buckhead,0,25,0,32.4
bar crawl buffalo,0,25,0,48.0
bar crawl buffalo ny,0,18,0,46.6
bar crawl bus,0,22,0,12.3
bar crawl captions,0,1,0,11
bar crawl challenge,0,7,0,1.3
bar crawl challenges,0,261,0,4.6
bar crawl challenges with friends,0,21,0,2.2
bar crawl charleston,0,227,0,52.4
bar crawl charleston sc,0,189,0,31.3
bar crawl charlotte,0,15,0,44.7
bar crawl charlotte halloween,0,9,0,55.4
bar crawl charlotte nc,0,12,0,44
bar crawl charlotte nc halloween,0,6,0,41.3
bar crawl checklist,0,1,0,45
bar crawl chicago,0,25,0,31.3
bar crawl chicago today,0,2,0,12.5
bar crawl chippewa,0,14,0,7.3
bar crawl christmas,0,3,0,16.3
bar crawl cinco de mayo,0,32,0,8.8
bar crawl colorado springs,0,14,0,44.6
bar crawl columbia,0,6,0,3.2
bar crawl company,0,11,0,1
bar crawl ct,0,1,0,6
bar crawl cuyahoga falls,0,2,0,68
bar crawl dallas,0,25,0,43.0
bar crawl dallas tx,0,1,0,39
bar crawl dc,0,4,0,34.5
bar crawl def,0,25,0,6.4
bar crawl definition,0,618,0,5.7
bar crawl denver,0,15,0,47.7
bar crawl denver co,0,9,0,50.7
bar crawl detroit,0,1,0,4
bar crawl downtown,0,65,0,19.7
bar crawl downtown greenville,0,4,0,3.5
bar crawl downtown los angeles,0,1,0,95
bar crawl dubai,0,2,0,6
bar crawl east lansing,0,5,0,39
bar crawl east village,0,1,0,46
bar crawl el paso,0,2,0,49.5
bar crawl event,0,20,0,7.5
bar crawl events 2026,0,14,0,13.1
bar crawl fayetteville ar,0,2,0,36
bar crawl for st patrick's day,0,32,0,9.1
bar crawl fort lauderdale,0,14,0,42.8
bar crawl frolic,0,6,0,1.2
bar crawl frolics 11,0,1,0,1
bar crawl frolics 16,0,2,0,2
bar crawl frolics 17,0,1,0,8
bar crawl frolics 25,0,1,0,6
bar crawl frolics 26,0,1,0,2
bar crawl frolics 31,0,2,0,6
bar crawl frolics 35,0,1,0,1
bar crawl frolics 76,0,2,0,16
bar crawl frolics 77,0,7,0,5
bar crawl frolics 78,0,1,0,2
bar crawl frolics 81,0,4,0,17.8
bar crawl frolics 84,0,3,0,3.7
bar crawl frolics 88,0,3,0,5
bar crawl frolics porn,0,3,0,10.3
bar crawl gainesville,0,3,0,5
bar crawl game,0,83,0,3.1
bar crawl games,0,621,0,4.4
bar crawl games for adults,0,52,0,6.3
bar crawl games ideas,0,47,0,3.1
bar crawl gatlinburg tn,0,1,0,35
bar crawl grand rapids,0,5,0,40.2
bar crawl greensboro nc,0,3,0,38.3
bar crawl halifax,0,2,0,7
bar crawl halloween 2025,0,2,0,21.5
bar crawl halloween charlotte,0,9,0,50.4
bar crawl halloween costumes,0,57,0,17.6
bar crawl hamburg,0,1,0,1
bar crawl harrisburg pa,0,5,0,37.8
bar crawl hartford,0,3,0,25.3
bar crawl houston,0,2,0,24.5
bar crawl houston tx,0,15,0,64.3
bar crawl huntington beach,0,2,0,31.5
bar crawl ideas for adults,0,57,0,2.0
bar crawl ideas games,0,5,0,78.8
bar crawl ideas themes,0,11,0,24.3
bar crawl in charlotte,0,7,0,36.3
bar crawl in charlotte nc,0,5,0,47.6
bar crawl in chicago,0,1,0,57
bar crawl in miami,0,1,0,96
bar crawl in nashville,0,1,0,3
bar crawl in spanish,0,2,0,2.5
bar crawl in the united states,0,10,0,7.2
bar crawl in wrigleyville chicago,0,1,0,7
bar crawl indy,0,18,0,10.4
bar crawl invitation,0,5,0,35.6
bar crawl invite,0,1,0,1
bar crawl itinerary,0,35,0,8.4
bar crawl jacksonville,0,17,0,42.4
bar crawl jacksonville fl,0,1,0,48
bar crawl kansas city,0,157,0,43.1
bar crawl key west,0,1,0,7
bar crawl la,0,8,0,36.1
bar crawl las vegas,0,4,0,5.5
bar crawl latest,0,1,0,18
bar crawl latest latest,0,5,0,10.6
bar crawl lexington ky,0,1,0,52
bar crawl live,0,284,0,12.7
bar crawl live chicago,0,2,0,55
bar crawl live cleveland,0,83,0,6.2
"bar crawl live cleveland, party entertainment service, cleveland",0,7,0,5.7
bar crawl live promo code,0,4,0,13.5
bar crawl live!,0,9,0,13.2
"bar crawl live, arts & entertainment",0,35,0,9.7
bar crawl logo,0,89,0,2.5
bar crawl london,0,2,0,5
bar crawl long beach,0,7,0,37.4
bar crawl los angeles,0,31,0,29.4
bar crawl louisville,0,3,0,54.3
bar crawl louisville ky,0,17,0,37.5
bar crawl lower greenville,0,2,0,36.5
bar crawl macon,0,5,0,1.8
bar crawl madison,0,13,0,41.6
bar crawl madison wi,0,3,0,38.7
bar crawl manchester,0,4,0,56.2
bar crawl map template,0,7,0,3.6
bar crawl march 7th,0,1,0,10
bar crawl may 2,0,5,0,6
bar crawl melbourne,0,1,0,5
bar crawl meme,0,6,0,3.7
bar crawl memorial day weekend,0,1,0,7
bar crawl memphis,0,18,0,49.8
bar crawl miami,0,27,0,49.1
bar crawl milwaukee,0,125,0,33.7
bar crawl minneapolis,0,3,0,20.3
bar crawl msu,0,1,0,39
bar crawl mumbai,0,3,0,3.7
bar crawl munich,0,2,0,1
bar crawl myrtle beach,0,13,0,51.5
bar crawl names,0,8,0,22
bar crawl nation,0,149,0,17.1
bar crawl nation app,0,4,0,32
bar crawl nation coupon code,0,8,0,20.9
bar crawl nation promo code,0,1,0,3
bar crawl nation tacos and margs,0,1,0,6
bar crawl near me today,0,8,0,4.9
bar crawl new haven,0,15,0,33.1
bar crawl new orleans,0,8,0,8.1
bar crawl new york,0,41,0,55.2
bar crawl newport beach,0,1,0,44
bar crawl nj,0,1,0,8
bar crawl nola,0,1,0,5
bar crawl norfolk,0,3,0,37.3
bar crawl northwest highway,0,2,0,2.5
bar crawl nyc,0,21,0,8.6
bar crawl nyc st patrick's day,0,2,0,25
bar crawl oakland,0,1,0,45
bar crawl omaha,0,5,0,20
bar crawl orlando fl,0,168,0,39.8
bar crawl outfit,0,200,0,6.9
bar crawl outfit ideas,0,186,0,4.6
bar crawl outfits,0,524,0,4.9
bar crawl pacific beach,0,1,0,68
bar crawl panama,0,7,0,4.6
bar crawl party bus,0,199,0,9.6
bar crawl passport,0,1,0,27
bar crawl philadelphia,0,4,0,21.8
bar crawl philly,0,6,0,15.7
bar crawl phoenix,0,8,0,51.2
bar crawl phuket,0,1,0,5
bar crawl pittsburgh,0,3,0,5.7
bar crawl planner,0,12,0,28.4
bar crawl playa del carmen,0,1,0,41
bar crawl porn,0,1,0,11
bar crawl portland oregon,0,12,0,27.2
bar crawl poster,0,2,0,19
bar crawl promo code,0,3,0,6.7
bar crawl puerto rico,0,2,0,4
bar crawl punta cana,0,1,0,1
bar crawl que es,0,36,0,8.2
bar crawl raleigh,0,23,0,22.4
bar crawl raleigh nc,0,19,0,25.8
bar crawl registration form,0,75,0,31.3
bar crawl registration form template,0,23,0,43.3
bar crawl reno,0,1,0,4
bar crawl richmond va,0,1,0,35
bar crawl rio de janeiro,0,1,0,1
bar crawl rochester,0,4,0,53
bar crawl rochester ny,0,3,0,26
bar crawl route,0,3,0,18
bar crawl royal oak,0,1,0,28
bar crawl rules,0,2,0,4.5
bar crawl rutgers,0,1,0,9
bar crawl sacramento,0,10,0,42.9
bar crawl salt lake city,0,4,0,19.5
bar crawl san antonio,0,21,0,50.0
bar crawl san jose,0,10,0,43.5
bar crawl santa monica,0,1,0,36
bar crawl saturday,0,14,0,10.8
bar crawl savannah,0,16,0,62.7
bar crawl savannah ga,0,6,0,56.5
bar crawl scavenger hunt ideas,0,1,0,1
bar crawl schedule,0,20,0,9.5
bar crawl scottsdale,0,2,0,27.5
bar crawl scottsdale az,0,1,0,100
bar crawl seattle,0,7,0,41.1
bar crawl sf,0,2,0,8
bar crawl shirt,0,10,0,30.9
bar crawl shirt ideas,0,3,0,24.3
bar crawl shirts,0,5,0,42.6
bar crawl slc,0,14,0,29.1
bar crawl soulard,0,4,0,8
bar crawl spokane,0,1,0,5
bar crawl st paddys,0,8,0,7.2
bar crawl st patrick's,0,1,0,3
bar crawl st patrick's day,0,313,0,16.7
bar crawl st patricks,0,8,0,7.5
bar crawl st patty,0,3,0,5.7
bar crawl st patty's,0,4,0,4.5
bar crawl stockholm,0,1,0,7
bar crawl sydney,0,2,0,7
bar crawl synonym,0,1,0,1
bar crawl syracuse,0,9,0,41.3
bar crawl t shirt,0,1,0,45
bar crawl tacoma,0,1,0,37
bar crawl tacos and margs,0,18,0,7.6
bar crawl tampa,0,20,0,34.4
bar crawl tampa fl,0,2,0,49.5
bar crawl tasks,0,12,0,1
bar crawl tempe,0,3,0,46.3
bar crawl theme ideas,0,138,0,13.5
bar crawl themes for adults,0,3,0,11
bar crawl ticket,0,10,0,4.9
bar crawl today near me,0,10,0,4.8
bar crawl tomorrow,0,11,0,4.4
bar crawl tonight,0,68,0,9.0
bar crawl toronto,0,1,0,10
bar crawl tour,0,21,0,26.1
"bar crawl tour in asheville, nc",0,706,0,5.8
bar crawl tucson,0,10,0,34.6
bar crawl ucla,0,3,0,16.3
bar crawl urban dictionary,0,1,0,3
"bar crawl usa, food & drink",0,199,0,7.5
bar crawl valentines,0,1,0,7
bar crawl vancouver,0,1,0,42
bar crawl vegas,0,1,0,2
bar crawl venice,0,1,0,3
bar crawl virginia beach,0,2,0,39
bar crawl vs bar hop,0,428,0,7.0
bar crawl vs bar hopping,0,83,0,9.1
bar crawl washington dc,0,5,0,38
bar crawl wellington,0,2,0,1
bar crawl west chester,0,1,0,37
bar crawl west palm,0,2,0,25
bar crawl west palm beach,0,3,0,29.7
bar crawl what is it,0,258,0,5.8
bar crawl whistler,0,1,0,28
bar crawl wichita ks,0,10,0,35
bar crawl wilmington nc,0,24,0,42.9
bar crawl wrigley,0,1,0,1
bar crawl wrigleyville,0,3,0,28.3
bar crawl wynwood,0,19,0,53
bar crawl york,0,1,0,25
bar crawl 意味,0,1,0,12
"bar crawl, atlanta, georgia, united states",0,20,0,8.1
"bar crawl, birmingham, alabama, united states",0,3,0,1
"bar crawl, columbus, georgia, united states",0,8,0,5
"bar crawl, columbus, ohio, united states",0,20,0,5.5
"bar crawl, erie, pennsylvania, united states",0,1,0,20
"bar crawl, flint, michigan, united states",0,3,0,13.7
"bar crawl, fort worth, texas, united states",0,3,0,3
"bar crawl, macon, georgia, united states",0,17,0,6.6
"bar crawl, saint petersburg, florida, united states",0,6,0,9.3
"bar crawl, steubenville, ohio, united states",0,1,0,15
"bar crawl, wyoming, michigan, united states",0,2,0,19.5
bar crawl.,0,58,0,2.8
bar crawl?,0,41,0,5.0
bar crawler,0,135,0,9.0
"bar crawler entertainment, dj",0,18,0,10.8
bar crawlers,0,103,0,13.7
bar crawlerz,0,6,0,10.8
bar crawling meaning,0,309,0,6.6
bar crawling vs bar hopping,0,93,0,5.4
bar crawls & parties,0,5,0,3.4
bar crawls boston,0,6,0,7.2
bar crawls charlotte nc,0,1,0,30
bar crawls chicago,0,4,0,54.8
bar crawls dc,0,1,0,55
bar crawls denver,0,2,0,41
bar crawls downtown albany ny,0,2,0,7
bar crawls halloween,0,1,0,8
bar crawls in chicago,0,8,0,41.8
bar crawls in dc,0,2,0,3.5
bar crawls in nashville,0,1,0,1
bar crawls in pittsburgh,0,4,0,85.5
bar crawls meaning,0,86,0,6.7
bar crawls near me this weekend,0,1,0,2
bar crawls nyc,0,5,0,53
bar crawls san diego,0,2,0,87.5
bar crawls should begin at a hotel establishment featuring wooden bar fixtures from the early 20th century,0,1,0,2
bar crowd,0,10,0,7.6
bar crowl,0,244,0,7.7
bar crowling,0,93,0,4.0
bar crwal,0,174,0,6.6
bar crwl,0,11,0,3.4
bar cycle stl,0,1,0,44
bar dancing,0,2,0,12
bar date,0,2,0,9.5
bar day,0,4,0,18.5
bar deals near me,0,6,0,5.2
bar decatur,0,1,0,73
bar downtown cincinnati,0,29,0,9.4
bar downtown cleveland,0,2,0,9
bar downtown fort worth,0,4,0,3.8
bar downtown greenville,0,7,0,29.7
bar downtown greenville sc,0,2,0,15
bar downtown indianapolis,0,3,0,9.7
bar downtown near me,0,1,0,13
bar duluth ga,0,1,0,11
bar e,0,2,0,1
bar ear me,0,2,0,22
bar embarque,0,1,0,7
bar en boos,0,4,0,5.5
bar en downtown,0,1,0,7
bar enar me,0,1,0,8
bar entertainment,0,1,0,39
bar estados unidos,0,1,0,10
bar eua,0,2,0,8
bar events latest,0,2,0,12.5
bar events near me,0,25,0,7.6
bar events near me this weekend,0,1,0,6
bar events near me today,0,2,0,9
bar events near me tonight,0,9,0,12.8
bar events springfield oregon,0,1,0,27
bar events this weekend,0,1,0,19
bar events this weekend near me,0,1,0,6
bar events today near me,0,1,0,53
bar events tonight,0,1,0,10
bar events tonight near me,0,3,0,13.3
bar exhibition,0,2,0,56.5
bar experience,0,3,0,1
bar experiences,0,1,0,2
bar fair,0,3,0,16.7
bar fall,0,5,0,20.4
bar fest,0,51,0,11.1
bar fest latest,0,3,0,5.7
bar festival,0,33,0,9.1
bar fine,0,1,0,3
"bar food lawrenceville, ga",0,4,0,10.5
bar food near me,0,6,0,9.2
bar for bar,0,1,0,3
bar for bar meaning,0,5,0,2
bar for halloween,0,1,0,75
bar fort,0,1,0,1
bar fort worth,0,1,0,11
bar fort worth latest,0,1,0,20
bar frawl,0,1,0,1
bar frolics,0,18,0,4.3
bar fun,0,1,0,2
bar gainesville,0,3,0,14.3
bar gainesville ga,0,19,0,10.5
bar garden near me,0,1,0,11
bar glance,0,1,0,32
bar goers,0,2,0,62.5
bar greenville,0,2,0,11
bar greenville sc,0,6,0,5
bar halloween,0,1,0,15
bar halloween costumes,0,140,0,4.5
bar halloween events,0,2,0,8
bar halloween ideas,0,17,0,14.8
bar halloween parties near me,0,1,0,8
bar halloween party,0,22,0,20.1
bar happing,0,4,0,4.2
bar harry potter,0,1,0,9
bar holiday,0,5,0,13
bar holidays,0,6,0,34
bar hooping,0,35,0,4.9
bar hop atlanta,0,2,0,11.5
bar hop bingo,0,64,0,2.5
bar hop chicago,0,1,0,83
bar hop games,0,55,0,9.1
bar hop latest,0,17,0,12.6
bar hop near me,0,19,0,7.9
bar hop session,0,1,0,15
bar hop vs bar crawl,0,66,0,7.7
bar hop whistler,0,2,0,4
bar hope,0,1,0,1
bar hopin,0,5,0,1
bar hoping,0,319,0,4.4
bar hopinh,0,3,0,4.7
bar hopoing,0,5,0,7.6
bar hopp,0,2,0,3
bar hoppe,0,1,0,4
bar hopped,0,2,0,10.5
bar hoppen,0,1,0,1
bar hopper,0,19,0,1.1
bar hoppers,0,8,0,1.8
bar hoppibg,0,2,0,1
bar hoppimg,0,6,0,1.8
bar hoppin,0,10,0,1
bar hoppinf,0,1,0,6
bar hopping 2000,0,2,0,38
bar hopping adalah,0,12,0,1.8
bar hopping bachelorette party,0,1,0,6
bar hopping bingo,0,92,0,1.8
bar hopping boston,0,2,0,1
bar hopping challenges,0,98,0,4.2
bar hopping chihuahua,0,1,0,53
bar hopping columbus ohio,0,10,0,11.1
bar hopping downtown,0,9,0,6.4
bar hopping events,0,3,0,2.3
bar hopping game,0,115,0,6.9
bar hopping games,0,299,0,8.6
bar hopping games ideas,0,82,0,8.4
bar hopping hotties,0,4,0,31.8
bar hopping ideas,0,22,0,2.1
bar hopping in atlanta,0,197,0,9.4
bar hopping in chicago,0,2,0,57
bar hopping in miami,0,1,0,2
bar hopping in portland,0,6,0,13.5
bar hopping in vegas,0,1,0,84
bar hopping latest,0,72,0,10.8
bar hopping meaning,0,39,0,1.1
bar hopping means,0,1,0,3
bar hopping mumbai,0,1,0,8
bar hopping night,0,1,0,13
bar hopping party bus,0,208,0,10.7
bar hopping portland,0,79,0,10.5
bar hopping que es,0,4,0,3.5
bar hopping que significa,0,1,0,1
bar hopping routes,0,1,0,1
bar hopping savannah ga,0,1,0,35
bar hopping sf,0,1,0,1
bar hopping slc,0,2,0,30
bar hopping st patrick's day,0,1,0,1
bar hopping themes,0,230,0,11.7
bar hopping tour,0,6,0,9.5
bar hopping vs bar crawling,0,159,0,5.4
bar hopping.,0,13,0,8
bar hopping?,0,1,0,14
bar hoppings,0,1,0,1
bar hoppinh,0,21,0,3.8
bar hoppong,0,8,0,3.9
bar hops,0,4,0,5.8
bar hpping,0,1,0,1
bar hubbing,0,2,0,5
bar hunt,0,1,0,1
bar hupping,0,2,0,7
bar in a bus,0,2,0,4.5
bar in alabama,0,2,0,9.5
bar in alpharetta,0,45,0,8.4
bar in birmingham,0,6,0,14.2
bar in birmingham al,0,9,0,20.7
bar in chattanooga,0,29,0,12.1
bar in chattanooga tn,0,7,0,6.9
bar in cincinnati,0,4,0,9.8
bar in cincinnati ohio,0,1,0,11
bar in cleveland ohio,0,4,0,9
bar in columbia sc,0,1,0,7
bar in downtown,0,2,0,12.5
bar in downtown fort worth,0,1,0,13
bar in downtown greenville sc,0,48,0,15.1
bar in downtown st pete,0,2,0,11.5
bar in duluth,0,4,0,29.8
bar in duluth ga,0,2,0,10
bar in duluth mn,0,1,0,12
bar in ft worth tx,0,1,0,3
bar in gainesville,0,12,0,9.6
bar in gainesville ga,0,8,0,12.9
bar in greenville,0,3,0,24
bar in greenville sc,0,3,0,11.7
bar in harrison,0,1,0,13
bar in indianapolis,0,1,0,27
bar in lakewood,0,7,0,12.6
bar in lawrenceville,0,10,0,11.3
bar in lawrenceville ga,0,27,0,6.8
bar in leeds,0,1,0,2
bar in macon,0,12,0,11.6
bar in macon ga,0,6,0,30.2
bar in montgomery,0,1,0,12
bar in north royalton,0,1,0,7
bar in ohio,0,1,0,13
bar in roswell,0,3,0,10
bar in roswell ga,0,1,0,50
bar in sarasota,0,5,0,10
bar in soulard,0,21,0,20.0
bar in st louis mo,0,8,0,10
bar in us,0,3,0,32
bar in usa,0,25,0,16.7
bar in walking distance near me,0,2,0,7
bar in west,0,1,0,11
bar jopping,0,4,0,1
bar journey,0,1,0,6
bar july,0,1,0,1
bar l,0,1,0,1
bar lakewood ohio,0,3,0,17.7
bar launch,0,2,0,9
bar lawrenceville,0,3,0,7.7
bar lawrenceville ga,0,12,0,11.2
"bar lawrenceville, ga",0,4,0,9.2
bar league,0,1,0,1
bar leap,0,1,0,2
bar live,0,1,0,1
bar loo,0,1,0,9
bar loose,0,2,0,20.5
bar lounge near me,0,1,0,2
bar macon,0,24,0,18.0
bar macon ga,0,4,0,17.8
bar map,0,109,0,17.9
bar maps,0,50,0,9.3
bar marathon,0,1,0,1
bar march,0,1,0,19
bar may,0,7,0,15.7
bar mear me,0,30,0,9.5
bar mesr me,0,1,0,2
bar more,0,2,0,1
bar mâcon,0,1,0,8
bar nation,0,23,0,33.3
bar nea me,0,2,0,8
bar nea rme,0,1,0,14
bar nead me,0,1,0,2
bar neae me,0,4,0,7.8
bar neaf me,0,1,0,14
bar near,0,26,0,9.7
bar near birmingham,0,3,0,5.3
bar near by,0,8,0,12.2
bar near by me,0,3,0,3
bar near columbia,0,1,0,13
bar near columbus ohio,0,1,0,3
bar near downtown,0,1,0,12
bar near em,0,1,0,19
bar near md,0,1,0,15
bar near me,0,4286,0,10.4
bar near me .,0,1,0,12
bar near me affordable,0,1,0,7
bar near me now,0,9,0,11.6
bar near me with pool table,0,1,0,13
bar near me.,0,17,0,12.7
bar near me?,0,3,0,9.7
bar near mea,0,1,0,14
bar near mr,0,5,0,12.8
bar near mw,0,6,0,7.8
bar near my,0,1,0,7
bar near ne,0,11,0,10
bar near near me,0,1,0,9
bar near us,0,12,0,9.6
bar near you,0,1,0,14
bar nearby,0,17,0,8.2
bar neare,0,1,0,14
bar nearest me,0,1,0,10
bar nearme,0,2,0,10
bar nears me,0,6,0,12.8
bar neat me,0,9,0,10.9
bar neear me,0,1,0,12
bar neer me,0,6,0,11.7
bar neqr me,0,1,0,11
bar ner me,0,1,0,13
bar nesr me,0,16,0,10.3
bar nesr me.,0,1,0,10
bar network,0,1,0,5
bar newr,0,2,0,6
bar newr me,0,25,0,9.0
bar newr me.,0,1,0,2
bar nights,0,3,0,3.3
bar none digital,0,1,0,18
bar nwar me,0,1,0,9
bar ol,0,1,0,3
bar on,0,1,0,1
bar on a,0,1,0,76
bar on the beltline,0,2,0,34
bar on tour,0,4,0,24.2
bar ooen,0,1,0,30
bar open,0,23,0,12.5
bar open 24 hours,0,1,0,1
bar open 24/7,0,1,0,3
bar open 3am,0,2,0,1
bar open all night,0,2,0,1.5
bar open downtown near me,0,1,0,10
bar open near me,0,2,0,10.5
bar open now,0,28,0,12.6
bar open right now,0,3,0,6.7
bar open till 3,0,1,0,6
bar open till 4,0,2,0,3.5
bar open till 4am,0,1,0,4
bar open till 5am,0,1,0,8
bar open tomorrow,0,1,0,15
bar open until 3am,0,3,0,5.7
bar open until 4am,0,1,0,3
bar open.near me,0,1,0,32
bar party,0,7,0,45.9
bar party latest,0,1,0,16
bar patrick,0,1,0,1
bar place near me,0,2,0,13
bar places,0,1,0,9
bar places near me,0,6,0,9.5
bar popping,0,1,0,44
bar pub crawl,0,32,0,23.3
bar que near me,0,3,0,10.7
bar restaurant birmingham,0,1,0,85
bar restaurant near me,0,1,0,2
bar restaurants near me,0,3,0,9
bar restaurants near me open now,0,1,0,14
bar rev,0,1,0,1
bar roswell,0,22,0,8.6
bar route,0,15,0,1.9
bar run,0,2,0,10.5
bar run map,0,1,0,38
bar ruta,0,2,0,1
bar s near me,0,1,0,8
bar same,0,1,0,2
bar sarasota,0,5,0,8.4
bar sarasota fl,0,2,0,42.5
bar scavenger hunt ideas for adults,0,1,0,1
bar scene,0,93,0,1
bar scene latest,0,3,0,3.3
bar scene meaning,0,2,0,1
bar scenes,0,2,0,1.5
bar schedule,0,3,0,7.3
bar seen,0,1,0,1
bar seo,0,9,0,71.2
bar shamrock,0,4,0,20
bar shop near me,0,1,0,6
bar shops,0,1,0,1
bar shops near me,0,1,0,1
bar show,0,35,0,49.5
bar shuttle,0,1,0,18
bar soulard,0,4,0,8.8
bar specials near me,0,1,0,4
bar specials near me today,0,1,0,3
bar spot near me,0,1,0,5
bar spots near me,0,1,0,13
bar st patrick,0,1,0,77
bar staff halloween costumes,0,11,0,5.5
bar stops,0,1,0,1
bar street,0,8,0,1
bar strip,0,1,0,1
bar strips,0,1,0,1
bar strips near me,0,5,0,11.2
bar stroll,0,27,0,6.4
"bar t, bar, fort worth",0,3,0,22.3
bar tacos,0,1,0,10
bar takeover,0,24,0,61.3
bar takeover event,0,7,0,25.9
bar tematico,0,1,0,1
bar tequilas,0,1,0,1
bar themed nights,0,1,0,1
bar ticket,0,1,0,9
bar tickets,0,19,0,5.5
bar to bar,0,5,0,8.6
bar to bar meaning,0,2,0,2
bar to go to near me,0,1,0,14
bar today,0,1,0,47
bar tokens,0,2,0,76.5
bar tomorrow,0,1,0,2
bar too,0,1,0,1
bar tou,0,1,0,3
bar tour near me,0,3,0,8
bar tour themes,0,147,0,14.9
bar tours,0,22,0,22.5
bar town,0,1,0,1
bar travels,0,11,0,10.9
bar trip,0,10,0,21
bar trip ideas,0,1,0,2
bar trips,0,9,0,21.9
bar turu,0,4,0,17.8
bar ugly,0,3,0,28.7
bar union,0,1,0,2
bar united states,0,6,0,22.8
bar us,0,6,0,44.5
bar usa,0,181,0,12.0
bar vacation,0,71,0,27.2
bar vacations,0,36,0,14.4
bar visit,0,1,0,10
bar walk,0,33,0,17.7
bar walking,0,9,0,26.2
bar was,0,2,0,1
bar websites,0,4,0,24.8
bar week,0,15,0,45.1
bar weekend,0,2,0,1
bar white,0,1,0,6
bar willy,0,1,0,6
bar with best tequila selection fort worth,0,38,0,11.7
bar with best tequila selection ft worth,0,34,0,13.4
bar with dj,0,1,0,58
bar with food near me,0,2,0,2
bar with pool near me,0,1,0,8
bar with pool table near me,0,1,0,7
bar with swings near me,0,1,0,7
bar with volleyball near me,0,1,0,12
"bar, fort worth, texas, united states",0,1,0,20
"bar, macon, georgia, united states",0,4,0,15
bar-bar bar crawl,0,3,0,9.7
bar-crawl,0,21,0,3.3
bar-crawls.com,0,1,0,2
bar-hop,0,1,0,9
bar-hopping,0,37,0,10.8
bar-hopping session,0,3,0,31.7
bar.,0,5,0,6.4
bar. near me,0,5,0,11.2
bar.hopping,0,16,0,2.8
bar/lounge near me,0,1,0,12
bar/o,0,2,0,1
bar:,0,1,0,8
bara mear me,0,1,0,8
bara near me,0,4,0,5.8
bararchive,0,1,0,9
barathon,0,4,0,34.8
barbara bars,0,1,0,1
barbecue and beer,0,10,0,36.9
barbeque and beer,0,3,0,1
barbesuch,0,2,0,6.5
barbie bar crawl,0,1,0,27
barbie crawl,0,1,0,2
barbie pub crawl,0,1,0,44
barcades near me,0,1,0,15
barcall,0,19,0,5.4
barcation,0,1,0,1
barceawl,0,4,0,1
barcel in ft worth,0,12,0,60.8
barcelona pub crawl,0,2,0,9
barchecker,0,1,0,10
barcicle,0,1,0,1
barclaw,0,1,0,23
barcra,0,74,0,4.0
barcraw latest,0,1,0,19
barcraw snare,0,1,0,1
barcrawl atlanta,0,4,0,11.2
barcrawl frolics,0,2,0,1.5
barcrawl latest,0,25,0,8.7
barcrawl live,0,10,0,6.8
barcrawl meaning,0,105,0,6.1
barcrawl nation,0,1,0,5
barcrawl.com,0,16,0,5
barcrawler,0,5,0,15.4
barcrawlers,0,6,0,4.5
barcrawlerz,0,7,0,38.1
barcrawlfrolics,0,14,0,8.1
barcrawllive,0,60,0,14.3
barcrawllive latest,0,6,0,11.2
barcrawlnation,0,7,0,18.3
barcrawls,0,23,0,4.9
barcreal,0,3,0,5
barcular,0,2,0,8
barcycle soulard,0,14,0,22.2
bare bear me,0,1,0,2
bare near me,0,1,0,11
barer nära mig,0,1,0,3
bares,0,28,0,6.4
bares cerca de mi,0,2,0,11.5
bares do,0,5,0,74
bares en eeuu,0,1,0,7
bares en estados unidos,0,1,0,11
bares.,0,1,0,12
barevent,0,4,0,8.8
barfalls,0,1,0,20
barfest,0,4,0,38
barfest 2026,0,1,0,9
barfest latest,0,1,0,18
barfestival,0,1,0,5
barfinder,0,1,0,1
barfly palm harbor menu,0,1,0,9
barglance,0,1,0,43
bargo game,0,1,0,2
bargoer,0,1,0,6
barh buzz,0,1,0,30
barhack,0,1,0,3
barhole,0,1,0,81
barhooping,0,2,0,6
barhop clergy,0,1,0,1
barhoping,0,18,0,6.5
barhoppin,0,3,0,4
barhopping,0,28,0,4.4
barhopping berlin,0,1,0,4
barhopping meaning,0,1,0,1
barhops,0,45,0,9.5
bark crawl,0,1,0,1
barks and brews near me,0,1,0,4
barlauf,0,1,0,1
barley house ohio,0,1,0,68
barley's sylacauga,0,2,0,33.5
barlp,0,1,0,7
barn crawl,0,1,0,9
barnation,0,1,0,6
barnear me,0,1,0,3
barns near me,0,1,0,4
barparty,0,1,0,1
barparty latest,0,1,0,15
barpass,0,2,0,34
barpub,0,3,0,59.7
barra show cerca de mi,0,2,0,5
barracuda atlanta,0,9,0,42.7
barras cerca de mí,0,1,0,7
barrel bar near me,0,2,0,8.5
barrel crawl,0,1,0,17
barrel near me,0,9,0,9.4
barrio tacos and tequila,0,1,0,6
barrolls,0,1,0,26
bars,0,80,0,5.7
bars & lounges near me,0,2,0,8
bars (@bars),0,1,0,29
bars (us),0,18,0,49
bars .near me,0,1,0,9
bars a,0,1,0,7
bars alpharetta ga,0,10,0,17
bars and grills near me,0,1,0,12
bars around me,0,40,0,9
bars asheville nc,0,4,0,29.8
bars at festivals,0,1,0,72
bars at kamms corner,0,6,0,27.2
bars avon ohio,0,1,0,5
bars beachwood,0,1,0,9
bars beae me,0,1,0,12
bars bear me.,0,1,0,11
bars bear ne,0,1,0,19
bars beltline,0,3,0,58.3
bars besr me,0,1,0,2
bars birmingham,0,2,0,32.5
bars birmingham al,0,4,0,9.5
bars black mountain,0,1,0,14
bars black mountain nc,0,9,0,13.1
bars brookhaven,0,2,0,38.5
bars by me,0,6,0,10
bars celebrating halloween,0,1,0,1
bars celebrating st patrick's day near me,0,2,0,5.5
bars celebrating st patty's day,0,1,0,12
bars chattanooga,0,50,0,10.7
bars cincinnati,0,1,0,3
bars cincinnati downtown,0,2,0,10.5
bars cincinnati ohio,0,1,0,14
bars cleveland heights,0,2,0,8.5
bars cleveland park,0,1,0,5
bars close to me,0,13,0,11.8
bars close to me now,0,1,0,15
bars close to my location,0,1,0,8
bars closest to me,0,2,0,11
bars clubs events near me,0,1,0,11
bars clubs ft worth tx,0,2,0,19.5
bars columbia,0,1,0,13
bars columbia sc,0,1,0,13
bars doentown,0,1,0,2
bars doing st patrick's day,0,6,0,5.5
bars down,0,1,0,9
bars downtoen,0,1,0,5
bars downtown,0,16,0,24.4
bars downtown alpharetta,0,47,0,12.4
bars downtown asheville,0,2,0,3.5
bars downtown birmingham,0,1,0,14
bars downtown chattanooga,0,34,0,11.6
bars downtown chattanooga tn,0,2,0,8.5
bars downtown cincinnati,0,48,0,10.4
bars downtown cleveland,0,2,0,11.5
bars downtown cleveland ohio,0,3,0,9
bars downtown columbia,0,1,0,9
bars downtown columbia sc,0,5,0,11.8
bars downtown duluth,0,30,0,12.3
bars downtown fort worth,0,1,0,3
bars downtown gainesville,0,13,0,9.2
bars downtown gainesville ga,0,1,0,9
bars downtown greenville,0,12,0,12.2
bars downtown greenville nc,0,2,0,13
bars downtown greenville sc,0,37,0,11.1
"bars downtown greenville, sc",0,5,0,5.2
bars downtown indianapolis,0,2,0,7
bars downtown indy,0,1,0,13
bars downtown lawrenceville,0,4,0,9
bars downtown macon,0,5,0,31.8
bars downtown macon ga,0,2,0,29
bars downtown rochester,0,1,0,5
bars downtown roswell,0,1,0,5
bars downtown sarasota,0,38,0,15.4
bars downtown st pete,0,1,0,11
bars downtown st. louis,0,1,0,3
bars duluth,0,3,0,14.3
bars duluth ga,0,6,0,10.5
bars duluth mn,0,5,0,11.6
bars east point ga,0,1,0,15
bars enar me,0,1,0,2
bars event,0,1,0,31
bars events,0,2,0,11.5
bars events northern liberties / espresso martini crawl / northern liberties events,0,9,0,37.9
bars festival,0,3,0,5.3
bars for bars,0,1,0,1
bars for older people near me,0,2,0,4
bars for st patrick's day,0,4,0,10.2
bars for women only,0,1,0,7
bars greenville,0,8,0,23.9
bars greenville nc,0,11,0,5.1
bars greenville sc,0,15,0,18.9
bars greenville sc downtown,0,1,0,3
bars halloween,0,2,0,6.5
bars halloween party,0,1,0,28
bars homewood,0,1,0,8
bars homewood al,0,2,0,7
bars hopping,0,6,0,3.3
bars in,0,1,0,1
bars in alabama,0,1,0,14
bars in alpharetta,0,128,0,11.1
bars in alpharetta downtown,0,31,0,17.7
bars in alpharetta ga,0,5,0,13.4
bars in alpharetta georgia,0,33,0,15.4
bars in anderson ohio,0,1,0,12
bars in anderson township,0,1,0,3
bars in area,0,1,0,14
bars in atlanta ga,0,1,0,15
bars in avon,0,1,0,2
bars in beachwood ohio,0,2,0,9.5
bars in bedford ohio,0,2,0,9
bars in beech grove,0,1,0,11
bars in bessemer,0,1,0,5
bars in bessemer al,0,26,0,10.5
bars in bessemer alabama,0,2,0,5.5
bars in bham,0,1,0,64
bars in birmingham,0,1,0,8
bars in birmingham al,0,2,0,10
bars in birmingham alabama,0,1,0,16
bars in black mountain nc,0,5,0,11.4
bars in blue ash,0,2,0,13
bars in blue ash ohio,0,2,0,10.5
bars in buckhead atlanta,0,1,0,14
bars in carmel indiana,0,1,0,13
bars in cartersville ga,0,1,0,10
bars in castleton indiana,0,1,0,4
bars in chamblee,0,1,0,7
bars in chapin sc,0,1,0,14
bars in chatt,0,1,0,8
bars in chattanooga,0,97,0,10.5
bars in chattanooga downtown,0,22,0,5.3
bars in chattanooga tennessee,0,2,0,9.5
bars in chattanooga tn,0,68,0,5.6
bars in cincinnati,0,2,0,2.5
bars in cincinnati ohio,0,1,0,14
bars in cleveland,0,1,0,2
bars in cleveland downtown,0,1,0,6
bars in cleveland heights,0,15,0,7.8
bars in columbia sc vista,0,1,0,93
bars in downtown asheville nc,0,1,0,4
bars in downtown birmingham,0,2,0,14.5
bars in downtown birmingham al,0,1,0,11
bars in downtown chattanooga,0,19,0,9.2
bars in downtown cincinnati,0,3,0,13
bars in downtown cincinnati ohio,0,15,0,12.7
bars in downtown cleveland,0,6,0,11.8
bars in downtown duluth,0,4,0,12.5
bars in downtown fort worth,0,1,0,3
bars in downtown gainesville,0,9,0,12.3
bars in downtown greenville,0,8,0,17.2
bars in downtown greenville nc,0,2,0,12
bars in downtown greenville sc,0,11,0,20.2
bars in downtown macon,0,3,0,22.7
bars in downtown macon ga,0,5,0,40.6
bars in downtown roswell,0,9,0,17.1
bars in downtown roswell ga,0,7,0,29.9
bars in downtown sarasota,0,10,0,18.2
bars in downtown st pete,0,3,0,9
bars in downtown st petersburg,0,3,0,30
bars in duluth ga,0,6,0,9
bars in duluth mn,0,5,0,13
bars in east point,0,2,0,11
bars in flats,0,1,0,4
bars in fort worth texas,0,2,0,6.5
bars in fountain inn,0,1,0,9
bars in gainesville,0,1,0,6
bars in greenville,0,16,0,23.8
bars in greenville sc,0,42,0,15.1
bars in greenville sc downtown,0,4,0,18.2
bars in greenville south carolina,0,1,0,31
bars in greenwood sc,0,1,0,4
bars in hermantown mn,0,3,0,11.3
bars in hixson tn,0,35,0,12.1
bars in homewood,0,1,0,9
bars in homewood al,0,7,0,11.4
bars in hoover al,0,8,0,6.8
bars in hoover alabama,0,1,0,3
bars in independence ohio,0,3,0,10.7
bars in indianapolis,0,1,0,25
bars in irmo sc,0,1,0,9
bars in justin tx,0,1,0,14
bars in kamms corner,0,3,0,2
bars in knoxville tn,0,1,0,22
bars in lake worth tx,0,1,0,2
bars in lakeview birmingham al,0,6,0,8.5
bars in lakewood,0,14,0,9.3
bars in lakewood oh,0,1,0,14
bars in lakewood ohio,0,5,0,15.4
bars in lawrenceville,0,1,0,21
bars in lawrenceville ga,0,16,0,11
bars in loveland ohio,0,1,0,11
bars in macon,0,3,0,35.7
bars in macon ga,0,3,0,27
bars in maple heights,0,1,0,9
bars in market square knoxville,0,1,0,11
bars in mayfield,0,2,0,8
bars in mcdonough ga,0,2,0,12.5
bars in montgomery,0,1,0,14
bars in montgomery ohio,0,1,0,4
bars in my area,0,1,0,9
bars in north shore,0,1,0,15
bars in northshore,0,1,0,4
bars in norwood ohio,0,2,0,11
bars in otr cincinnati,0,6,0,4.5
bars in over the rhine cincinnati,0,4,0,1
bars in painesville ohio,0,1,0,12
bars in parrish fl,0,1,0,5
bars in port charlotte fl,0,1,0,7
bars in portland maine,0,1,0,8
bars in reading ohio,0,4,0,9.5
bars in roswell,0,32,0,9.3
bars in roswell ga,0,1,0,11
bars in sarasota downtown,0,1,0,5
bars in sarasota fl,0,1,0,4
bars in sc,0,2,0,6
bars in seneca sc,0,1,0,14
bars in sharonville ohio,0,9,0,12.7
bars in soulard,0,155,0,12.6
bars in soulard missouri,0,4,0,19.5
bars in soulard mo,0,18,0,19.8
bars in soulard st louis,0,41,0,16.0
bars in soulard st louis mo,0,12,0,30
bars in south carolina,0,1,0,8
bars in st louis,0,1,0,9
bars in st louis mo,0,1,0,9
bars in st pete beach,0,1,0,3
bars in st pete downtown,0,2,0,5
bars in stockbridge ga,0,1,0,10
bars in stockyards fort worth,0,1,0,7
bars in the area near me,0,1,0,3
bars in the flats cleveland,0,8,0,9.2
bars in the united states,0,2,0,29
bars in the vista columbia sc,0,1,0,76
bars in trussville,0,1,0,4
bars in trussville al,0,4,0,7.8
bars in trussville alabama,0,1,0,11
bars in united states,0,1,0,43
bars in us,0,2,0,94.5
bars in vista columbia sc,0,1,0,89
bars in weaverville nc,0,8,0,8.9
bars in west columbia sc,0,3,0,19.3
bars in westlake,0,2,0,4.5
bars in westlake ohio,0,1,0,4
bars in willoughby,0,1,0,13
bars in woodruff sc,0,1,0,11
bars independence,0,2,0,9.5
bars indianapolis,0,1,0,19
bars jear me,0,1,0,2
bars knoxville tn,0,2,0,6.5
bars lake worth,0,1,0,4
bars lakewood oh,0,2,0,39
bars lakewood ohio,0,3,0,14.7
bars lawrenceville,0,2,0,42
bars lawrenceville ga,0,17,0,10.9
bars located near me,0,2,0,14
bars macon,0,1,0,17
bars macon ga,0,2,0,21
bars map,0,1,0,26
bars maps,0,3,0,13.3
bars marietta ga,0,1,0,87
bars mason ohio,0,2,0,3
bars mass ave,0,2,0,26.5
bars mcdonough ga,0,1,0,4
bars me,0,1,0,1
bars mear me,0,15,0,7.7
bars ne me,0,1,0,6
bars nea rme,0,2,0,12.5
bars neae me,0,5,0,7.2
bars neae mw,0,1,0,14
bars near,0,28,0,8.9
bars near alpharetta ga,0,2,0,14.5
bars near atlanta,0,1,0,3
bars near avondale,0,1,0,15
bars near beachwood,0,1,0,9
bars near bedford,0,5,0,11.6
bars near by,0,7,0,12.4
bars near by me,0,2,0,8
bars near camp creek,0,1,0,2
bars near cincinnati,0,2,0,78
bars near cleveland,0,1,0,97
bars near current location,0,1,0,9
bars near duluth ga,0,2,0,4
bars near fairfield,0,2,0,8.5
bars near grapevine tx,0,1,0,12
bars near greenville,0,2,0,13
bars near greenville sc,0,1,0,3
bars near here,0,4,0,11.5
bars near independence ohio,0,1,0,12
bars near kenwood mall,0,1,0,8
bars near lawrenceville ga,0,5,0,10.6
bars near m,0,4,0,9
bars near m3,0,1,0,12
bars near mason ohio,0,3,0,10.3
bars near me .,0,1,0,8
bars near me bars near me,0,1,0,12
bars near me celebrating st patrick's day,0,4,0,7.8
bars near me chattanooga,0,2,0,3
bars near me cheap,0,4,0,12.2
bars near me dog friendly,0,1,0,12
bars near me downtown,0,1,0,12
bars near me in gainesville,0,4,0,9.2
bars near me near me,0,1,0,12
bars near me now,0,2,0,7.5
bars near me open late,0,1,0,2
bars near me open now,0,17,0,10.1
bars near me open right now,0,2,0,12
bars near me open today,0,1,0,4
bars near me open until 3am,0,1,0,1
bars near me still open,0,1,0,4
bars near me walking,0,1,0,13
bars near me with pool,0,1,0,13
bars near me with pool tables,0,1,0,15
bars near me within 0.2 mi,0,6,0,7.2
bars near me within 0.5 mi,0,7,0,6
bars near me within 1 mi,0,17,0,8.8
bars near me within 5 mi,0,3,0,13
bars near me.,0,15,0,9.7
bars near mer,0,1,0,5
bars near mr,0,3,0,12.7
bars near mw,0,8,0,9.4
bars near my house,0,1,0,14
bars near ne,0,22,0,8.3
bars near near me,0,1,0,12
bars near saranac lake art events,0,1,0,34
bars near soulard,0,2,0,12
bars near tcu,0,2,0,10
bars near us,0,4,0,6.2
bars near.me,0,9,0,8.9
bars nearby,0,28,0,10.5
bars nearby near me,0,1,0,19
bars neare,0,2,0,4.5
bars nearme,0,5,0,8.4
bars nears me,0,3,0,10
bars neat me,0,5,0,10.2
bars neer me,0,2,0,4.5
bars ner me,0,3,0,11.7
bars nere me,0,1,0,12
bars nesd me,0,1,0,14
bars nesr me,0,23,0,8.5
bars nesr ne,0,2,0,8
bars nest me,0,2,0,8
bars newr me,0,24,0,9.4
bars newrby,0,1,0,14
bars newt me,0,1,0,8
bars norwood,0,3,0,13.7
bars now,0,1,0,2
bars nrar me,0,1,0,9
bars nwar me,0,1,0,2
bars on beltline,0,6,0,38.8
bars on beltline atlanta,0,2,0,40
bars on central ave st pete,0,1,0,11
bars on halloween,0,15,0,23.1
bars on main street near me,0,1,0,10
bars on mass ave indianapolis,0,2,0,14
bars on the beltline,0,12,0,46.8
bars on the beltline atlanta,0,5,0,46.8
bars on the bus,0,1,0,1
bars on w 6th in cleveland,0,1,0,1
bars on west 6th cleveland,0,1,0,24
bars on west 6th cleveland ohio,0,5,0,48.2
bars open,0,3,0,10
bars open downtown,0,1,0,60
bars open in chattanooga,0,1,0,18
bars open mear me,0,2,0,16
bars open near me,0,77,0,12.2
bars open near me today,0,1,0,8
bars open nesr me,0,1,0,14
bars open newr me,0,1,0,18
bars open now near me,0,1,0,11
bars open now near me 2026,0,3,0,10
bars open on sunday downtown,0,1,0,15
bars open on sundays,0,1,0,3
bars open sunday night near me,0,2,0,4.5
bars open today near me,0,4,0,3.2
bars open tonight,0,1,0,3
bars otr,0,3,0,20.7
bars otr cincinnati,0,2,0,45.5
bars out,0,1,0,1
bars over the rhine cincinnati,0,9,0,1
bars roswell,0,21,0,11.5
bars roswell ga,0,3,0,12
bars saint petersburg,0,3,0,28.3
bars sarasota,0,3,0,41.3
bars sarasota fl,0,1,0,16
bars schedule,0,3,0,4.7
bars show,0,2,0,36.5
bars smyrna,0,4,0,43.2
bars soulard,0,59,0,20.9
bars soulard mo,0,10,0,26.4
bars soulard st louis,0,1,0,22
bars southside,0,1,0,14
bars st louis,0,3,0,7.3
bars st patrick's day,0,2,0,9.5
bars st pete,0,3,0,11.7
bars st pete beach,0,1,0,4
bars st pete beach fl,0,1,0,14
bars st petersburg florida,0,1,0,19
bars stl,0,1,0,4
bars thats open,0,1,0,8
bars tickets,0,11,0,4.3
bars to bars,0,1,0,3
bars tonight,0,1,0,12
bars tours,0,1,0,1
bars travel,0,18,0,53.3
bars us,0,1,0,16
bars usa,0,6,0,31.7
bars vinings,0,2,0,62
bars virginia mn,0,1,0,15
bars vista columbia sc,0,1,0,84
bars waynesville nc,0,1,0,3
bars websites,0,28,0,14.0
bars westlake ohio,0,1,0,3
bars with activities near me,0,1,0,11
bars with cheap drinks near me,0,4,0,5
bars with dart boards near me,0,1,0,9
bars with deals near me,0,1,0,13
bars with djs tonight near me,0,1,0,58
bars with events tonight,0,1,0,54
bars with food near me,0,6,0,8.5
bars with good food,0,1,0,3
bars with live music greenville sc,0,1,0,69
bars with live music near me,0,1,0,62
bars with music near me,0,1,0,8
bars with otb near me,0,1,0,8
bars with pool near me,0,1,0,12
bars with pool table near me,0,1,0,8
bars with pool tables cincinnati,0,1,0,10
bars with pool tables near me,0,1,0,11
bars with st patrick's day specials,0,3,0,4.3
bars with stages near me,0,1,0,60
bars with tv near me,0,1,0,9
bars within 0.5 mi,0,1,0,10
bars+near+me,0,1,0,12
bars.near me,0,9,0,10.3
bars/restaurants,0,1,0,2
bars3,0,1,0,50
barsales,0,1,0,2
barshow,0,1,0,51
barskill,0,1,0,5
barsnear me,0,2,0,11
barsnearme,0,1,0,2
barss near me,0,1,0,10
barstool bingo,0,1,0,19
barstreet,0,5,0,1
barstuck,0,2,0,15
bartaco beltline,0,6,0,10.8
bartending competition near me,0,3,0,19.7
bartending services near me,0,1,0,21
bartour,0,7,0,32.9
barty craw,0,1,0,9
barwalk,0,155,0,33.1
barwatch,0,3,0,29
barwave,0,1,0,28
bar•cle west park,0,2,0,9.5
baseball bar near me,0,1,0,6
baseball bingo,0,1,0,1
bastille bar st louis,0,2,0,37
bastille soulard,0,14,0,35.1
bastille st louis mo,0,5,0,53.6
bat crawl,0,48,0,9.5
bat crawls in mouth,0,1,0,5
bat hoping,0,2,0,1
batavia bar crawl,0,1,0,20
batch drinks,0,1,0,3
batr near me,0,1,0,2
battle for milwaukee bar crawl,0,2,0,12.5
battle pony tallahassee,0,1,0,59
bay city bar crawl,0,1,0,1
bbq and beer,0,7,0,16.4
bbq and beers,0,3,0,40.3
bbq and brew festival,0,1,0,6
bbq beer pairing,0,15,0,6.6
bbq crawl,0,3,0,50
bcusa,0,30,0,8.8
beach bar crawl,0,6,0,5.5
beach crawl,0,1,0,7
beaker bar crawl,0,6,0,1
bear claw bar,0,6,0,42.7
bear claw country sports bar,0,1,0,33
bear claw reynoldsville,0,1,0,30
bear claw saloon crestline ca,0,1,0,55
bear crawls for bartenders,0,59,0,180.9
bear crawls for small business,0,4,0,214
bear onesie,0,2,0,7.5
bear trap tuscaloosa,0,1,0,76
bearclaw bar,0,1,0,22
beaver bar events,0,1,0,38
beaver dam bar crawl,0,3,0,17.7
becrawl,0,43,0,5.7
becrawls,0,3,0,1.3
beer and barbeque,0,1,0,25
beer and bbq,0,1,0,71
beer and chili festival,0,1,0,68
beer and tequila experience,0,1,0,1
beer babes bar crawl,0,3,0,34.3
beer bingo game,0,1,0,1
beer crawl latest,0,17,0,10
beer crawl ruston,0,1,0,11
beer crawls,0,63,0,7.1
beer festival greenville sc,0,1,0,65
beer thirty at jake's place,0,1,0,86
beer token,0,1,0,92
beer tokens,0,2,0,92
beer trolley,0,3,0,6.3
beer ugly sweater,0,1,0,59
beer walk,0,4,0,11.5
beer with bbq,0,1,0,100
beercrawl,0,3,0,1.7
bellevue bar crawl,0,5,0,32
bellevue pub crawl,0,1,0,28
belmar bar crawl,0,1,0,19
belmont bar crawl,0,1,0,19
belt line bars,0,1,0,65
beltline,0,1,0,73
beltline atlanta bars,0,10,0,51.1
beltline bar,0,6,0,28.5
beltline bar crawl st patrick's day,0,74,0,9.3
beltline bars,0,13,0,31.9
beltline bars atlanta,0,14,0,38
beltline brunch,0,1,0,4
beltline bubbles,0,21,0,8.7
beltline cosplay,0,1,0,17
beltline events this weekend,0,2,0,1
beltline holiday,0,2,0,11
beltline map,0,4,0,36.8
beltline social club,0,5,0,53.8
beltline speakeasy,0,1,0,26
beltline st patrick's day,0,1,0,11
beltline storage,0,1,0,24
beltline tacos,0,21,0,10
benson bar crawl,0,4,0,14.8
bentonville bar crawl,0,6,0,22.2
berlin bar crawl,0,3,0,5.7
berlin pub crawl,0,1,0,6
berry margarita,0,1,0,1
best adult onesies,0,1,0,1
best alcohol for day drinking,0,1,0,61
best alcohol for march month,0,2,0,7.5
best atlanta bars for singles,0,1,0,12
best autumn cocktails,0,1,0,84
best bar asheville,0,1,0,9
best bar asheville nc,0,5,0,17.8
best bar cleveland,0,5,0,9.8
best bar crawl,0,1113,0,39.8
best bar crawls,0,4,0,1.8
best bar greenville sc,0,3,0,24.7
best bar hopping cities,0,1,0,41
best bar in asheville,0,1,0,8
best bar in asheville nc,0,4,0,14.5
best bar in cincinnati,0,3,0,3.3
best bar in cleveland,0,11,0,9.5
best bar in st pete,0,1,0,6
best bar near me,0,1,0,10
best bar restaurants near me,0,2,0,8.5
best bar st louis,0,1,0,3
best bar st petersburg,0,1,0,90
best bars,0,1,0,5
best bars alpharetta,0,17,0,11.6
best bars asheville nc,0,5,0,20
best bars chattanooga,0,23,0,6.8
best bars cincinnati,0,2,0,3
best bars cincinnati downtown,0,3,0,13.7
best bars downtown atlanta,0,1,0,15
best bars downtown chattanooga,0,9,0,7.4
best bars downtown cincinnati,0,5,0,13.6
best bars downtown greenville,0,5,0,19.4
best bars downtown greenville sc,0,7,0,18.4
best bars downtown indianapolis,0,1,0,18
best bars downtown sarasota,0,7,0,13.1
best bars for partying in birmingham,0,1,0,15
best bars for st patrick's day near me,0,1,0,7
best bars for women near me,0,1,0,29
best bars greenville,0,1,0,17
best bars greenville sc,0,3,0,14.3
best bars in alabama,0,1,0,8
best bars in alpharetta,0,25,0,13.8
best bars in alpharetta ga,0,24,0,15.8
best bars in asheville,0,1,0,12
best bars in chattanooga,0,42,0,9.8
best bars in cincinnati,0,2,0,3
best bars in cincinnati downtown,0,5,0,10.6
best bars in cleveland,0,1,0,47
best bars in downtown asheville nc,0,3,0,62
best bars in downtown cincinnati,0,5,0,11
best bars in downtown greenville sc,0,17,0,37.4
best bars in duluth,0,1,0,14
"best bars in gainesville, ga",0,1,0,8
best bars in greenville,0,1,0,10
best bars in greenville sc,0,32,0,30.2
best bars in indianapolis,0,6,0,15.2
best bars in indianapolis 2026,0,8,0,11
best bars in lakewood,0,7,0,9.1
best bars in otr,0,1,0,28
best bars in roswell ga,0,4,0,18.5
best bars in sarasota florida,0,2,0,6
best bars in soulard st louis,0,46,0,9.6
best bars in the banks cincinnati,0,2,0,11
best bars in wroclaw,0,1,0,6
best bars mass ave indianapolis,0,3,0,12
best bars midtown atlanta,0,1,0,11
best bars near columbia university,0,1,0,35
best bars near me,0,9,0,6.9
best bars near me 2026,0,1,0,11
best bars near ucla,0,1,0,8
best bars on the beltline,0,1,0,65
best bars otr cincinnati,0,1,0,4
best bars to meet women,0,1,0,61
best bars with live music near me,0,1,0,9
best boozy brunch west loop,0,3,0,64.7
best brunch lawrenceville ga,0,1,0,37
best casual bar near me,0,1,0,4
best chattanooga bars,0,2,0,3
best christmas onesies for adults,0,1,0,8
best clubs around me,0,1,0,1
best clubs in columbia sc,0,1,0,4
best clubs in greenville sc,0,1,0,4
best clubs near me,0,1,0,8
best cocktail bar asheville,0,1,0,91
best cocktail bar cleveland,0,1,0,82
best cocktail bars atlanta,0,1,0,1
best cocktail bars cincinnati,0,2,0,67.5
best cocktail bars near me,0,1,0,7
best cocktail bars portland maine,0,1,0,20
best cocktail portland,0,2,0,48
best cocktails chattanooga,0,1,0,24
best cocktails for march,0,4,0,5.5
best cocktails in asheville nc,0,1,0,47
best costume ever,0,1,0,2
best dancing bars near me,0,1,0,11
best day drinking drinks,0,2,0,29.5
best dive bars in cleveland,0,1,0,28
best dive restaurants near me,0,1,0,3
best drinks for day drinking,0,1,0,41
best fall alcoholic drinks,0,1,0,91
best fall cocktail,0,1,0,86
best fall cocktail recipes,0,3,0,81.3
best fall cocktails,0,9,0,82.2
best female halloween costumes,0,1,0,4
best group halloween costumes,0,2,0,6.5
best halloween bar crawls october 31,0,18,0,4.3
best halloween bar crawls october 31 2025,0,7,0,8.7
best halloween cocktails,0,1,0,4
best halloween cocktails 2021,0,14,0,1
best halloween cocktails easy,0,2,0,10
best halloween costumes,0,1,0,7
best halloween drinks,0,12,0,9.4
best halloween events in columbia sc,0,10,0,37.5
best halloween party drinks cocktails 2025 2026,0,9,0,6.6
best indianapolis bars,0,1,0,21
best indoor bars near me,0,1,0,5
best lakewood bars,0,6,0,9.7
best local bars near me,0,1,0,24
best march cocktails,0,1,0,4
best margarita recipe,0,2,0,1
best nightclubs near me,0,1,0,9
best october festivities pub,0,1,0,7
best of columbia,0,6,0,65.7
best onesies for adults uk,0,2,0,2
best place to bar hop,0,3,0,8
best place to bar hop near me,0,6,0,6.7
best places to bar hop,0,8,0,8.2
best places to bar hop near me,0,8,0,5.8
best places to drink near me,0,1,0,11
best places to go bar hopping,0,1,0,6
best portland bar,0,1,0,28
best portland cocktail bars,0,1,0,77
best pub crawl,0,19,0,21.2
best pub crawl games,0,2,0,1
best pub crawl rules,0,1,0,4
best pub crawls,0,3,0,15
best pub near me,0,2,0,6
best pubs in atlanta,0,7,0,4.1
best pubs near by,0,1,0,4
best pubs near ne,0,2,0,3
best smooth tequila,0,1,0,85
best soulard bars,0,36,0,7.5
best spirits for halloween party cocktails 2025 or 2026,0,1,0,8
best sports bar in atlanta,0,1,0,4
best sports bars atlanta,0,3,0,5
best sports bars near me,0,3,0,6.7
best stag do costumes,0,1,0,3
best taco spots lawrenceville,0,10,0,18.5
best tacos asheville,0,1,0,63
best tacos chattanooga,0,1,0,64
best tacos in lawrenceville,0,3,0,41.7
best tacos sarasota,0,1,0,8
best tequila drinks at a bar,0,1,0,37
best ugly sweater,0,2,0,78.5
best womens onesie,0,1,0,91
bethlehem bar crawl,0,20,0,48.5
bethlehem pa pub crawl,0,2,0,76
bethlehem st. patrick's day bar crawl,0,7,0,28.4
betty the yeti bar crawl,0,3,0,32.7
beulah bar,0,1,0,28
beverage,0,1,0,4
bff indy,0,1,0,2
bham bar,0,15,0,25.4
bham taco fest,0,7,0,9.7
big batch halloween cocktails,0,4,0,3.5
big daddy soulard,0,3,0,31.7
big daddy st louis,0,2,0,34
"big daddy's bar & grill - soulard, bar & grill, st. louis",0,4,0,24
big daddy's in soulard,0,2,0,36.5
big daddy's soulard,0,24,0,37.3
big daddy's soulard photos,0,2,0,50.5
big daddy's stl,0,4,0,33.8
big daddys soulard,0,3,0,39.3
big daddys stl,0,2,0,40
"big daddys, st. louis, missouri, united states",0,1,0,29
big night out pub crawl,0,1,0,39
big northeast bar crawl,0,3,0,30
big red margarita recipe,0,4,0,1
big shots st louis,0,4,0,11
big ten bar crawl,0,4,0,17.8
big top brewing company sarasota,0,1,0,77
bigelow atlanta,0,2,0,63.5
bigelow bar,0,1,0,39
bigelow's atlanta,0,2,0,54.5
bigelow's nightclub,0,3,0,47.3
biggest bar crawl,0,4,0,28.5
biggest bar nights of the year,0,3,0,61.7
biloxi bar crawl,0,21,0,31.8
biloxi pub crawl,0,2,0,31
biloxi st. patrick's day bar crawl,0,18,0,28.2
bingcom,0,1,0,4
bingo at bars,0,29,0,20.3
bingo bar codes,0,1,0,41
bingo bar crawl,0,304,0,9.9
bingo bar crawl budapest,0,2,0,50
bingo bar games,0,1,0,20
bingo bar promo code,0,46,0,25.9
bingo bar promo code 2026,0,7,0,34.6
bingo bar promo code 2026 usa,0,1,0,30
bingo bar promo code may 2026,0,2,0,22.5
bingo bingo bingo,0,1,0,2
bingo de bar,0,1,0,1
bingo for bars,0,1,0,2
bingo pub,0,3,0,14.3
bingo pub crawl,0,54,0,9.3
bingobarcrawl.com,0,12,0,25.3
"bio-energetic evaluation in roswell, ga",0,7,0,73.7
birmingham al,0,1,0,4
birmingham all day bar,0,6,0,7.8
birmingham bar,0,235,0,26.5
birmingham bar latest,0,2,0,25.5
birmingham bars,0,7,0,38.9
birmingham christmas bar,0,2,0,10
birmingham cocktail bars,0,1,0,6
birmingham halloween,0,8,0,12.4
birmingham halloween event,0,1,0,42
birmingham halloween events,0,11,0,31.3
birmingham halloween events 2026,0,1,0,2
birmingham hässlich,0,1,0,25
birmingham lakeview district,0,1,0,51
birmingham list crawler,0,1,0,3
birmingham list crawlers,0,11,0,4.4
birmingham party bus,0,1,0,59
birmingham pub crawl map,0,1,0,5
birmingham taco,0,5,0,36
birmingham taco fest,0,108,0,10.5
birmingham taco festival,0,3,0,9.3
birmingham tequila festival,0,36,0,9.0
birmingham to macon,0,2,0,60.5
birmingham ugly,0,21,0,15.7
birmingham usa,0,2,0,67
birthday bar crawl,0,22,0,30.5
birthday bar crawl bingo,0,13,0,1
birthday bar crawl games,0,2,0,6.5
birthday bar crawl ideas,0,9,0,35.3
birthday bar crawl themes,0,2,0,30
birthday bash 2026 atlanta,0,1,0,1
birthday crawl,0,13,0,31.7
birthday pub crawl,0,24,0,46.6
bite alpharetta ga,0,11,0,9.6
black adult onesie,0,2,0,9.5
black bar crawl,0,48,0,15.9
black bar crawl atlanta,0,39,0,9.6
black bar crawl latest,0,1,0,13
black bar crawl nashville,0,2,0,41.5
black bars near me,0,1,0,15
black country pub crawl,0,1,0,36
black onesie,0,1,0,3
black onesies,0,2,0,7.5
black onsie,0,1,0,5
blackbarcrawl,0,3,0,4.3
blackberry martini,0,10,0,1
blackout bar crawl,0,2,0,9
blackout bar crawl la crosse,0,1,0,2
blarney bash,0,1,0,1
block partt,0,1,0,13
block party cleveland,0,1,0,82
block party greenville,0,6,0,5
blogbar,0,1,0,90
blonde halloween costumes,0,1,0,4
blono bar crawl,0,9,0,32
blono bar crawl 2026,0,1,0,17
blood cocktail,0,1,0,1
blood themed drinks,0,1,0,1
bloody cocktails,0,1,0,1
bloody mary bar crawl,0,1,0,8
bloody mary crawl,0,1,0,4
"bloom otr, bar, cincinnati",0,1,0,29
bloomington bar crawl,0,14,0,38.1
blossoms brunch bar photos,0,1,0,4
blue lagoon margarita recipe,0,1,0,1
blue moon beer shirt,0,1,0,34
blue moon pizza atlanta,0,1,0,96
bluebeard restaurant menu,0,1,0,3
bluey onesie for adults,0,2,0,7
bockparty,0,2,0,10
boiler up bar,0,1,0,37
boise bar crawl,0,42,0,45.6
boise halloween bar crawl,0,1,0,43
boise pub crawl,0,4,0,33
boise st. patrick's day bar crawl,0,29,0,36.9
boj 13862 pub crawl solution,0,37,0,9.4
boku bar,0,2,0,10
boku nightclub,0,4,0,19
bolivian bar crawl,0,8,0,5.6
bollywood tacos and bar chattanooga,0,1,0,30
boo and booze,0,12,0,36
boo and brew,0,1,0,1
boo at the bay,0,1,0,86
boo at the zoo knoxville,0,7,0,80.7
boo at the zoo knoxville tn,0,3,0,90.3
boo bash,0,1,0,10
boo bash alpharetta,0,1,0,43
boo boo's pub,0,3,0,35.7
boo's,0,1,0,1
booes,0,3,0,41.3
booger bottom usa,0,2,0,42
boogerville hideout bar,0,1,0,38
booing at halloween,0,5,0,66.2
book a denver bar crawl,0,2,0,38.5
book bar crawl,0,3,0,1.7
boooze,0,7,0,15.7
booozy,0,1,0,30
boos & brews,0,1,0,11
boos and booze haunted pub crawl,0,23,0,38.4
boos and booze latest,0,1,0,15
boos and brews bar crawl,0,6,0,12
boos bar,0,59,0,19.3
boos bars,0,5,0,3
boos booze,0,3,0,30.7
boos bros,0,1,0,29
boos drinks,0,3,0,74
boos favorite haunt,0,1,0,49
boos fest,0,78,0,32.3
boos fest bar crawl,0,2,0,16.5
boos fest halloween bar crawl,0,166,0,16.7
boos lager,0,1,0,14
boos liquor,0,6,0,25.2
boos lounge,0,8,0,69.1
boosie brunch,0,1,0,7
bootleg bar,0,2,0,43
bootleggers indianapolis,0,1,0,46
booz party,0,2,0,1
booze,0,2,0,6
booze & brews,0,31,0,20.4
booze & brews #2,0,2,0,52.5
booze 21,0,1,0,12
booze and bites,0,2,0,13.5
booze and boos,0,2,0,40
booze and brew,0,3,0,12.7
booze and brews,0,66,0,10.6
booze and brews latest,0,3,0,25.7
booze bar,0,84,0,13.5
booze bars,0,5,0,64.6
booze bites,0,1,0,26
booze brunch,0,2,0,11.5
booze brunch and boogie,0,1,0,3
booze bus near me,0,1,0,9
booze christmas sweater,0,1,0,17
booze club,0,1,0,93
booze fest,0,113,0,8.7
booze n brews,0,2,0,9
boozy bar,0,1,0,3
"boozy bar crawl, party entertainment service",0,23,0,9.5
boozy bars,0,1,0,59
boozy bounce atlanta,0,1,0,27
boozy brunch,0,13,0,7
boozy brunch atlanta,0,8,0,11.9
boozy brunch fest,0,4,0,12.2
boozy brunch st louis,0,6,0,8.3
boozy bunch,0,4,0,4.5
boozy drag brunch,0,1,0,9
boozy halloween drinks,0,5,0,7.6
boozys bar,0,1,0,7
boracay pub crawl,0,2,0,6.5
boracay pubcrawl,0,1,0,10
boro bar blast,0,1,0,12
"boro bar blast, bar",0,4,0,17.8
boston bar crawl,0,2,0,54.5
boston freedom trail bar crawl,0,12,0,77
boston halloween bar crawl,0,4,0,4
boston pub crawl,0,16,0,1.1
boston st patrick's day bar crawl 2026,0,1,0,56
boston st patty's bar crawl,0,1,0,51
boston st pattys bar crawl,0,1,0,47
botanical bar,0,2,0,9.5
"both, please.",0,1,0,2
bottleneck bar,0,1,0,1
bottomless drinks near me,0,1,0,4
bottomless mimosas,0,1,0,9
"bottoms up beer and liquor, beer bar, lawrenceville",0,4,0,19
"bottoms up lounge, lounge, knoxville",0,1,0,20
bounce club cleveland,0,1,0,65
bourbon street pub crawl,0,2,0,82
boutique bars in alpharetta,0,8,0,13.8
bowling alley bar near me,0,1,0,14
boys r back food truck,0,1,0,4
bqr near me,0,1,0,9
br hopping,0,3,0,3
br near me,0,1,0,1
bra crawl,0,3,0,27.7
brars near me,0,1,0,1
brass bar near me,0,1,0,5
brazilian butt fiesta,0,1,0,16
break birmingham al,0,1,0,51
breakers live columbia sc,0,1,0,47
breakwall bar,0,3,0,30
breese bar crawl,0,2,0,14.5
breeze bar near me,0,7,0,9.7
breeze bars near me,0,1,0,7
brew crawl,0,10,0,10.7
brewery crawl,0,9,0,3.3
brews and boos,0,8,0,20.2
brews and booze,0,4,0,4
brews and clues,0,3,0,23.3
brews and food,0,1,0,6
brews booze,0,2,0,10
brewsfest,0,6,0,45.3
brickell bar crawl,0,37,0,33.8
brickell bar crawl halloween,0,2,0,48.5
brighton bar crawl,0,12,0,30
brighton pub crawl,0,1,0,64
bristol bar crawl,0,1,0,43
bristol pub crawl,0,9,0,49.6
broad ripple bar crawl,0,52,0,23.9
broadway bar crawl,0,1,0,38
broadway pub crawl,0,8,0,47
broken plane cocktail,0,1,0,1
brookhaven bars,0,4,0,44.8
brookings bar crawl,0,1,0,1
brookings pub crawl,0,2,0,1
brooklyn bar crawl,0,4,0,21.2
brown bar,0,1,0,1
brs near me,0,2,0,16
brunch alpharetta,0,1,0,8
brunch and booze,0,1,0,44
brunch and bubbles,0,1,0,8
brunch bash,0,1,0,24
brunch beltline,0,1,0,68
brunch bubbly,0,2,0,67
brunch crawler,0,3,0,10.3
brunch crawlers,0,1,0,2
brunch event,0,1,0,2
brunch events,0,2,0,1.5
brunch events near me,0,1,0,7
brunch fest,0,10,0,7
brunch festival,0,5,0,21.8
brunch festival 2026,0,1,0,4
brunch in lawrenceville,0,10,0,19.2
brunch in lawrenceville ga,0,13,0,14.6
brunch in roswell,0,1,0,79
brunch in soulard,0,2,0,21.5
brunch in usa,0,1,0,90
brunch lawrenceville,0,14,0,30.9
brunch lawrenceville ga,0,23,0,11.8
brunch on beltline,0,1,0,9
brunch places in lawrenceville,0,2,0,67.5
brunch places in lawrenceville ga,0,1,0,42
brunch roswell,0,1,0,69
brunch soulard,0,20,0,17.1
brunch spot lawrenceville ga,0,2,0,61
brunch usa,0,1,0,8
brunch with cocktails near me,0,1,0,146
brunchbar,0,1,0,42
bs bar,0,1,0,8
bsrs near me,0,1,0,2
buckhead atl bars,0,1,0,6
buckhead bar crawl halloween,0,2,0,10.5
buckhead creepy crawl,0,5,0,42.2
buckhead halloween,0,3,0,47
buckhead halloween bar crawl,0,4,0,16.2
buckhead saloon atlanta ga,0,1,0,63
buckhead village,0,1,0,11
budapest bar crawl,0,1,0,11
budapest pubcrawl,0,1,0,5
buddy bar crawl,0,2,0,2
buenos aires bar crawl,0,1,0,10
buffalo bar crawl,0,61,0,46.5
buffalo bar crawl chippewa,0,1,0,24
buffalo halloween bar crawl,0,10,0,41.4
buffalo ny bar crawl,0,4,0,79.5
buffalo pub crawl,0,8,0,35.2
buffalo st patrick's day bar crawl,0,2,0,24
buffalo st patty's day bar crawl,0,1,0,24
buffalo st. patrick's day bar crawl,0,23,0,29.1
bug-free patios,0,2,0,21
bulgogi marinade,0,1,0,100
bulgogi portland,0,1,0,84
bull city boos fest,0,2,0,51.5
bulldog drink,0,1,0,1
bumble date,0,1,0,1
bunch pub,0,1,0,11
bunny bar crawl,0,1,0,19
bunny onesies for adults,0,1,0,6
burkes bar atlanta,0,1,0,5
burles atlanta,0,1,0,63
burnt pickle,0,1,0,76
bus crawl,0,98,0,5.6
bus duct knoxville,0,1,0,57
bus from atlanta to birmingham,0,1,0,97
bus lounge 2026 tour dates and locations,0,1,0,15
bus macon,0,1,0,44
bus pub,0,1,0,1
bus pub crawl,0,6,0,3.7
bus station duluth total,0,1,0,100
bus stop duluth total,0,1,0,55
bus with bar,0,6,0,8.7
busclub,0,1,0,11
bushcraftusa.com,0,1,0,9
bust loose party bus,0,1,0,28
but bar,0,1,0,1
butter beer recipie,0,1,0,83
butterbeer cocktail,0,4,0,1
butterbeer cold recipe,0,2,0,61
butterbeer from harry potter,0,1,0,48
butterbeer harry potter,0,18,0,52.7
butterbeer harry potter alcohol,0,1,0,96
butterbeer hogwarts,0,3,0,50
butterbeer hp,0,1,0,67
butterbeer mixed drink,0,2,0,1
butterbeer potted cream recipe,0,1,0,42
butterbeer recipe,0,1,0,1
buttermilk beer harry potter,0,1,0,33
butterscotch beer harry potter,0,9,0,40.9
butterscotch harry potter,0,2,0,52
buy pub crawl tickets,0,31,0,19.9
buzz crawl,0,39,0,9
by crawl,0,1,0,9
by-bar,0,3,0,41.7
cafe crawl,0,4,0,9.2
cafe crawl meaning,0,1,0,1
cafe op een kroegentocht,0,1,0,1
café crawl,0,1,0,5
cairns pub crawl,0,2,0,6.5
cake pop coating,0,11,0,1
cake pop glaze recipe,0,1,0,1
calgary pub crawl,0,1,0,37
callahan's columbus,0,1,0,47
camberville hot dog crawl,0,6,0,24.3
cambridge bar crawl,0,51,0,46.4
cambridge pub crawl,0,11,0,55.9
cambridge st. patrick's day bar crawl,0,14,0,33.6
camden bar crawl,0,5,0,42.2
camden crawl tickets,0,1,0,22
camden pub crawl,0,2,0,45.5
camper crawl recipes,0,3,0,10.7
can adults wear onesies,0,7,0,3.6
can an adult wear an onesie?,0,6,0,19.5
can guys wear onesies?,0,1,0,1
can i see images,0,1,0,20
can you suggest halloween-themed cocktails i can make with my current alcohols or recommend 1-2 additional types to buy?,0,41,0,3.7
can you wear pyjamas in public,0,1,0,1
candy bar bingo,0,2,0,3.5
candy cane crawl,0,7,0,70.4
candy coating recipe,0,1,0,1
canmake usa,0,1,0,20
canonsburg bar crawl,0,32,0,14.8
canonsburg st patrick's day bar crawl,0,7,0,7
canton bar crawl,0,9,0,47.6
canton pub crawl,0,14,0,18.6
canton st patrick's bar crawl,0,4,0,6.2
canton st patricks day bar crawl,0,5,0,3.4
canton street roswell nightlife,0,5,0,10.2
canva bingo,0,1,0,13
capitol hill bar crawl,0,1,0,30
car bar hopper meaning,0,1,0,3
car crawl,0,3,0,27.3
carb crawl,0,2,0,4
cardiff bar crawl,0,1,0,28
cardiff pub crawl,0,1,0,43
cardigan jacket,0,1,0,16
care bear onesie adult,0,1,0,9
care bear onesie for adults,0,1,0,8
carnage bar crawl,0,1,0,31
carnage pub crawl,0,2,0,44
carnival celebration bar crawl,0,2,0,12.5
carnivals near me,0,1,0,1
carolina crawls,0,1,0,11
carrie's conservatory,0,1,0,83
carrington pub crawl,0,1,0,40
carshalton pub crawl,0,1,0,32
carshalton pub crawl map,0,1,0,33
carsons soulard,0,1,0,20
cartagena bar crawl,0,3,0,9.3
cartersville pub crawl,0,1,0,20
carver crawl,0,1,0,3
carwl,0,3,0,55.3
casa crawl,0,2,0,24
castle mcculloch halloween party,0,1,0,61
casual bar near me,0,5,0,11
casual bars near me,0,3,0,12.7
casual drinking places near me,0,1,0,12
casual drinks near me,0,2,0,9
catalina bar crawl,0,1,0,1
cats meow soulard,0,2,0,34.5
catty pub crawl,0,2,0,2.5
cave creek bar crawl,0,1,0,60
cca bar crawl,0,5,0,32.6
cedar falls bar crawl,0,1,0,28
celtic crawl,0,1,0,8
celtic crawl pub crawl,0,3,0,18.7
celtic pub crawl,0,1,0,7
celtic pub crawl monroe wi,0,1,0,3
center city bar crawl,0,2,0,27.5
challenges for a pub crawl,0,1,0,1
challenges for pub crawl,0,20,0,5.7
chamblee bars,0,1,0,55
chamoy margarita,0,1,0,1
chandler bar crawl,0,22,0,38.8
chandler pub crawl,0,2,0,40.5
chandler st. patrick's day bar crawl,0,20,0,16.1
chaparral atlanta,0,1,0,43
chapter 3 bar,0,3,0,26.7
chapter 3 in soulard,0,1,0,33
chapter 3 in soulard event details,0,6,0,15.8
"chapter 3 in soulard, bar, soulard",0,1,0,26
"chapter 3 in soulard, cocktail bar, soulard",0,3,0,22.7
chapter 3 soulard,0,11,0,39
chapter 3 soulard bars,0,1,0,14
chapter 3 soulard photos,0,2,0,21
character onesies for adults,0,1,0,9
charleston bar crawl,0,191,0,51.9
charleston bar crawls,0,4,0,60
charleston halloween bar crawl,0,10,0,44.4
charleston sc bar crawl,0,3,0,38
charleston sc pub crawl,0,2,0,96.5
charleston st patrick's day bar crawl,0,2,0,37
charleston st. patrick's day bar crawl,0,64,0,55.0
charlotte bar crawl,0,105,0,48.0
charlotte bar crawl st patrick's day,0,2,0,68.5
charlotte bar crawl today,0,1,0,2
charlotte bar crawls,0,3,0,36
charlotte nc bar crawl,0,1,0,36
charlotte pub crawl,0,1,0,44
charlotte st patrick's day bar crawl,0,235,0,40.7
charlotte st patricks day bar crawl,0,1,0,34
charlotte st patty's bar crawl,0,4,0,38.8
charlotte st patty's bar crawl 2025,0,1,0,23
charlotte st patty's bar crawl 2026,0,2,0,36
charlotte st. patrick's day bar crawl,0,32,0,55.8
charlotte's webb pub,0,1,0,45
chattahoochee brewing,0,1,0,25
chattahoochee brewing company,0,4,0,26.2
chattanooga bar,0,13,0,34.9
chattanooga bars,0,6,0,15.5
chattanooga cocktail festival,0,8,0,24.8
chattanooga halloween,0,1,0,1
chattanooga halloween events,0,1,0,84
chattanooga margarita festival,0,53,0,20.7
chattanooga margarita festival promo code,0,2,0,40.5
chattanooga nightlife tonight,0,1,0,1
chattanooga st patrick's day bar crawl,0,1,0,18
chattanooga st. patrick's day bar crawl,0,109,0,43.8
chattanooga taco,0,19,0,15.8
chattanooga taco festival,0,226,0,10.2
chattanooga taco festival 2026,0,1,0,8
chattanooga taco week,0,34,0,10
chattanooga tennessee bars,0,1,0,7
chattanooga tequila bar,0,508,0,11.2
chattanooga tn bars,0,12,0,9.3
chattanooga tn to macon ga,0,1,0,37
chattanooga to gainesville ga,0,1,0,70
chava's soulard,0,1,0,34
chavas in soulard,0,1,0,29
cheap bar crawl,0,67,0,64.9
cheap bar near me,0,5,0,11
cheap bars atlanta,0,33,0,10.6
cheap bars bear me,0,1,0,15
cheap bars birmingham,0,1,0,13
cheap bars downtown,0,3,0,14.3
cheap bars in atlanta,0,14,0,4.6
cheap bars in birmingham,0,5,0,10
cheap bars near me,0,83,0,11.6
cheap bars nesr me,0,1,0,21
cheap cocktails near me,0,1,0,39
cheap drink specials near me,0,1,0,123
cheap drinks,0,1,0,25
cheap drinks atlanta,0,1,0,107
cheap drinks near me,0,6,0,33.2
cheap fun bars near me,0,1,0,15
cheap halloween cocktails,0,2,0,33
cheap margaritas near me,0,1,0,8
cheap places to drink near me,0,1,0,4
cheap pubs near me,0,1,0,8
cheap sports bars near me,0,1,0,4
cheapest bar near me,0,6,0,8
cheapest bars near me,0,3,0,8.3
cheater bar near me,0,1,0,13
cheese onesie,0,1,0,5
cheney bar crawl,0,3,0,7.7
cheviot st patrick's day pub crawl,0,1,0,6
chicago bar crawl,0,51,0,41.3
chicago bar crawl april 18,0,8,0,12
chicago bar crawl tickets,0,4,0,66.8
chicago bar crawls,0,15,0,53.1
chicago crawls,0,3,0,6
chicago halloween bar crawl,0,1,0,5
chicago mustache bar crawl,0,4,0,28.8
chicago mustache bar crawl 2026,0,1,0,17
chicago mustache crawl,0,1,0,2
chicago mustache crawl 2026,0,1,0,20
chicago riverwalk bar crawl,0,2,0,38.5
chicago st. patrick's day events,0,1,0,3
chicken bar crawl,0,1,0,2
chicken chase bar crawl,0,1,0,3
chicken pub crawl,0,1,0,1
chicken zirger,0,1,0,12
chillicothe bar crawl,0,1,0,1
chills.com,0,1,0,80
chippewa bar crawl,0,96,0,8.7
chippewa halloween bar crawl,0,6,0,15.2
chippewa st patty's day bar crawl,0,28,0,9.8
chiringa beltline,0,1,0,24
choco rumble goldilocks recipe,0,1,0,1
chowder crawl long beach wa,0,1,0,60
christmas bar birmingham,0,13,0,12.1
christmas bar crawl atlanta,0,2,0,1
christmas bar crawl bingo,0,1,0,15
christmas bar crawl charlotte nc,0,9,0,53.1
christmas bar crawl cleveland,0,23,0,23.2
christmas bar crawl columbus,0,4,0,42.2
christmas bar crawl columbus ohio,0,5,0,23.8
christmas bar crawl near me,0,16,0,45.9
christmas bar crawl shirts,0,1,0,34
christmas bar crawls,0,5,0,36.2
christmas bar crawls near me,0,1,0,23
christmas bar hop,0,3,0,40
christmas crawl,0,6,0,13
christmas eve bar crawl,0,2,0,5.5
christmas events 2026 near me,0,1,0,1
christmas in july bar crawl,0,10,0,5.7
christmas party bus,0,3,0,8
christmas pop up bar cleveland,0,1,0,4
christmas pub crawl,0,1,0,11
christmas pub crawl costumes,0,3,0,58.7
"churchills on cherry, lounge, macon",0,5,0,21
cinci bar,0,3,0,10.3
cincinati bar,0,4,0,8.8
cincinati crawler latest,0,2,0,16
cincinatti crawler,0,6,0,29
cincinnati bar,0,49,0,35.2
cincinnati bars,0,1,0,48
cincinnati bars downtown,0,14,0,10.1
cincinnati crawler,0,64,0,23.7
cincinnati halloween,0,11,0,14.2
cincinnati halloween bar crawl,0,12,0,30.8
cincinnati halloween events,0,2,0,50.5
cincinnati halloween events 2026,0,1,0,1
cincinnati halloween parties,0,4,0,13.2
cincinnati list crawlers,0,5,0,12.4
cincinnati maps,0,2,0,39
cincinnati nightlife deals,0,2,0,35.5
cincinnati otr bars,0,6,0,46
cincinnati party bus,0,2,0,61.5
cincinnati pub,0,1,0,29
cincinnati st. patrick's day bar crawl,0,60,0,26.1
cincinnati taco and tequila festival,0,6,0,12.2
cincinnati taco fest,0,1,0,3
cincinnati taco festival,0,1,0,76
cincinnati tacos and tequila festival,0,3,0,16
cincinnati tacos and tequila festival 2026,0,6,0,10.8
cincinnati tequila,0,3,0,12.3
cincinnati tequila fest,0,3,0,24
cincinnati tonight,0,1,0,3
cincinnati trick or treat 2026,0,22,0,5.6
cincinnati usa map,0,1,0,27
cincinnci lsit crawler,0,23,0,7.4
cinco day mayo bar crawl,0,1,0,8
cinco de mayo 2026 atlanta,0,1,0,1
cinco de mayo 2026 events near me,0,1,0,1
cinco de mayo bar crawl boston,0,1,0,23
cinco de mayo drink,0,1,0,1
cinco de mayo events birmingham al,0,1,0,37
cinco de mayo events near me,0,6,0,16.2
cinco de mayo margaritas,0,3,0,11
cinco de mayo specials chattanooga,0,11,0,18.5
cincy bar,0,2,0,8.5
cincy tacos.com,0,1,0,11
circle line pub crawl,0,1,0,70
city bar crawl,0,1,0,18
city boo,0,1,0,10
city crawl,0,5,0,3.8
city line bar,0,1,0,2
city pub crawl,0,18,0,23.7
clarendon bar crawl,0,231,0,35.6
clarendon country bar crawl,0,162,0,37.7
classic autumn cocktails,0,1,0,81
classic fall cocktails,0,5,0,75.8
classic halloween costume,0,1,0,3
classic halloween foods,0,1,0,1
classic home bar alpharetta,0,1,0,20
cle bars,0,1,0,12
cle taco fest,0,1,0,25
cleavland pub,0,1,0,57
clemson bar crawl,0,2,0,33
cleveland activities this weekend,0,1,0,2
cleveland area,0,1,0,2
cleveland bachelor party,0,2,0,51.5
cleveland bar,0,38,0,16.0
cleveland bar crawl halloween,0,12,0,3.6
cleveland bar crawls,0,3,0,13.7
cleveland barfly,0,1,0,2
cleveland bars,0,2,0,17
cleveland christmas bar crawl,0,8,0,28.4
cleveland cinco de mayo bar crawl,0,6,0,4.2
cleveland cocktail bar founder left downtown,0,1,0,30
cleveland coffee crawl,0,1,0,57
cleveland dive bar,0,3,0,17.7
cleveland ghost tours & haunted pub crawls,0,5,0,79
cleveland halloween,0,17,0,11
cleveland halloween events,0,2,0,2
cleveland halloween parties,0,7,0,32.1
cleveland harry potter bar,0,16,0,5.9
cleveland heights bars,0,3,0,13.7
cleveland maps,0,2,0,73.5
cleveland may 2nd,0,4,0,7.2
cleveland nightlife deals,0,25,0,64.7
cleveland ohio,0,1,0,8
cleveland ohio bar,0,15,0,15
cleveland park bars,0,1,0,24
cleveland party,0,10,0,16.8
cleveland party bus,0,1,0,61
cleveland st patrick's day t-shirts,0,5,0,54.6
cleveland st patricks bar crawl,0,7,0,8.6
cleveland st patricks day,0,2,0,12.5
cleveland st patricks day bar crawl,0,64,0,7.5
cleveland st patty's day bar crawl,0,73,0,7.2
cleveland st pattys day bar crawl,0,4,0,7
cleveland st. patrick's day bar crawl,0,98,0,37.3
cleveland sugar bar,0,1,0,32
cleveland sweater,0,1,0,39
cleveland sweaters,0,2,0,41.5
cleveland taco and tequila festival,0,45,0,9.3
cleveland taco fest,0,20,0,25.6
cleveland taco fest 2025,0,5,0,35.6
cleveland taco fest tickets,0,1,0,22
cleveland taco festival,0,14,0,27.7
cleveland taco week,0,3,0,35.7
cleveland taco week 2026,0,3,0,34
cleveland tacos and tequila,0,26,0,22.0
cleveland tacos and tequila festival,0,1,0,27
cleveland tequila,0,1,0,1
cleveland tequila fest,0,6,0,14.5
cleveland ugly sweater bar crawl,0,6,0,21.5
cleveland warehouse bar,0,2,0,15
clevelandbar,0,4,0,13.8
clock tower bar crawl,0,7,0,54.9
close bars near me,0,1,0,6
close quarters avon lake,0,4,0,66.5
close quarters pub,0,5,0,51.4
close quarters pub photos,0,1,0,38
closest bar near me,0,10,0,9.8
closest bar near me open now,0,1,0,6
closest bar to my location,0,2,0,11
closest bar to us,0,1,0,8
closest bars to me,0,2,0,13.5
clover bar crawl,0,1,0,7
clover crawl,0,1,0,39
clovis beer crawl,0,1,0,52
club 14 sawyerville al,0,1,0,33
club 27 gainesville,0,3,0,31.3
club barcode columbia sc,0,1,0,20
club bounce cleveland ohio,0,2,0,50.5
club bus,0,1,0,11
club crawl,0,361,0,39.0
club crawl hollywood,0,10,0,65
club crawl latest,0,5,0,10.2
club crawl meaning,0,10,0,25.2
club crawlers,0,2,0,3
club crawls,0,61,0,56.7
club events tonight,0,1,0,2
club festival,0,1,0,39
club halloween,0,17,0,30.4
club hop,0,3,0,6.3
club hopping,0,43,0,24.5
club hopping latest,0,1,0,15
club house bites and booze,0,1,0,33
club karaoke party bus,0,1,0,47
club la estacion gainesville ga,0,1,0,43
club mallard,0,6,0,65.2
club mallard albany,0,1,0,67
club mear me,0,1,0,2
club music,0,1,0,5
club near me,0,2,0,6.5
club nocturno cerca de mi,0,2,0,12
club stl,0,2,0,3
clubcrawlers,0,1,0,1
clubs,0,7,0,4
clubs bloomington,0,5,0,3.2
clubs downtown greenville sc,0,2,0,42.5
clubs greenville,0,5,0,3.6
clubs greenville sc,0,39,0,4.1
clubs in asheville nc,0,1,0,1
clubs in bloomington,0,1,0,7
clubs in columbia sc,0,1,0,8
clubs in downtown,0,1,0,6
clubs in downtown greenville,0,2,0,2
clubs in duluth ga,0,1,0,9
clubs in gainesville ga,0,4,0,30.2
clubs in greenville,0,38,0,3.8
clubs in greenville sc,0,105,0,8.0
clubs in greenville south carolina,0,5,0,8.4
clubs in st petersburg fl,0,1,0,2
clubs near me,0,25,0,7.0
clubs on halloween,0,1,0,9
clubs open now,0,1,0,9
cmu bar crawl,0,1,0,2
coach halloween 2026,0,1,0,3
cocktail bar,0,1,0,76
cocktail bar alpharetta,0,5,0,32.2
cocktail bar asheville,0,1,0,84
cocktail bar birmingham,0,3,0,78.3
cocktail bar columbia sc,0,1,0,33
cocktail bar crawl,0,11,0,13.7
cocktail bar duluth,0,1,0,7
cocktail bar hopping,0,1,0,8
cocktail bar in birmingham,0,6,0,71.7
cocktail bar lakeview,0,1,0,67
cocktail bar lawrenceville,0,1,0,49
cocktail bar near me,0,3,0,29.7
cocktail bar ohio city cleveland 0.6 miles,0,1,0,8
cocktail bar portland maine,0,1,0,39
cocktail bar st louis,0,1,0,43
cocktail bars,0,2,0,51
cocktail bars asheville,0,1,0,4
cocktail bars greenville sc,0,1,0,49
cocktail bars in alpharetta,0,7,0,22.9
cocktail bars in chattanooga,0,2,0,57.5
cocktail bars lakeview,0,1,0,71
cocktail bars portland oregon,0,1,0,97
cocktail bars st pete,0,1,0,100
cocktail bus,0,1,0,6
cocktail circuit,0,2,0,1
cocktail costumes,0,1,0,29
cocktail drink costume,0,1,0,68
cocktail event,0,2,0,1
cocktail events,0,1,0,2
cocktail fall,0,1,0,56
cocktail fest,0,7,0,13.6
cocktail festival,0,2,0,6.5
cocktail festivals,0,1,0,42
cocktail for fall,0,1,0,82
cocktail for halloween party,0,13,0,2.2
cocktail for march,0,2,0,3
cocktail halloween,0,10,0,13.6
cocktail halloween costume,0,3,0,26
cocktail harry potter,0,6,0,50.3
cocktail party 2026,0,1,0,1
cocktail pour halloween,0,1,0,5
cocktail recipes fall,0,1,0,98
cocktail recipes for fall,0,2,0,70
cocktail rimming station,0,1,0,44
cocktail special,0,1,0,12
cocktail st germain,0,2,0,1
cocktail st pete,0,1,0,23
cocktail trail,0,9,0,18.4
cocktail using st germain,0,1,0,1
cocktail walk,0,1,0,1
cocktail week,0,2,0,62.5
cocktail with elderflower,0,1,0,1
cocktail with st germain,0,2,0,1
cocktailbar til fest,0,3,0,24.7
"cocktails & cure, monday night garage, 1 jun",0,31,0,53.2
cocktails by the fire,0,20,0,34.5
cocktails fall,0,1,0,85
cocktails firmafest,0,1,0,2
cocktails for fall,0,61,0,61.6
cocktails for halloween,0,5,0,19.4
cocktails for halloween party,0,16,0,5
cocktails for november,0,1,0,67
cocktails for valentine's day,0,2,0,88
cocktails halloween,0,1,0,20
cocktails harry potter,0,3,0,15.7
cocktails in roswell,0,3,0,19.3
cocktails near me,0,2,0,41
cocktails with champagne and vodka,0,1,0,1
cocktails with st germain,0,1,0,1
cocktails with vodka and st germain,0,2,0,1
cocktails+for+fall,0,1,0,47
cocktails+tickets,0,2,0,7
coconut crawl,0,1,0,15
coconut lime margarita recipe,0,1,0,1
coffee crawl near me,0,1,0,1
coffee cream halloween drinks,0,1,0,79
college bar crawl,0,37,0,20.6
college bar near me,0,2,0,4
college crawl,0,1,0,1
college football,0,2,0,1
college football websites,0,1,0,9
college footballs for sale,0,1,0,4
collingswood bar crawl,0,3,0,1
colombia night life,0,4,0,1
colombia nightlife,0,14,0,1.1
colombian nightlife,0,1,0,3
colorado springs bar crawl,0,61,0,45.6
colorado springs halloween bar crawl,0,13,0,49.1
colorado springs pub crawl,0,16,0,39.1
colorado springs st. patrick's day bar crawl,0,27,0,42.6
columbia bar,0,73,0,15.1
columbia bar crawl latest,0,11,0,9.1
columbia bar location,0,1,0,5
columbia boos,0,2,0,33
columbia crawlerslist,0,2,0,4
columbia food places,0,1,0,2
columbia fourth of july,0,1,0,2
columbia halloween,0,35,0,15.7
columbia halloween events,0,23,0,42.0
columbia hot dog bar crawl,0,1,0,10
columbia korean festival,0,1,0,71
columbia list crawlers,0,4,0,43.2
columbia margarita festival,0,109,0,8.4
columbia mo bar crawl,0,2,0,26.5
columbia night life,0,4,0,1.2
columbia party bus rental,0,1,0,28
columbia promo code 2026,0,1,0,20
columbia pub,0,2,0,25.5
columbia sc,0,1,0,5
columbia sc 4th of july events,0,2,0,1.5
columbia sc bar,0,130,0,24.2
columbia sc bar crawl,0,2,0,1.5
columbia sc bars,0,3,0,14
columbia sc events this weekend,0,1,0,11
columbia sc halloween,0,3,0,16
columbia sc halloween events,0,23,0,24.1
columbia sc margarita festival,0,8,0,11.5
columbia sc st patrick's day,0,4,0,36
columbia sc trick or treat,0,66,0,42.0
columbia south america nightlife,0,1,0,1
columbia south carolina clubs,0,1,0,1
columbia st patrick's day,0,1,0,44
columbia st patrick's day 2026,0,115,0,9.1
columbia st patricks day 2026,0,3,0,9
columbia st. patrick's day bar crawl,0,102,0,34.6
columbia taco,0,194,0,4.9
columbia tacos,0,7,0,19.6
columbia tequila,0,3,0,7.3
columbia tequilas,0,1,0,12
columbia usa,0,2,0,6.5
columbus bar,0,28,0,59.3
columbus christmas bar crawl,0,11,0,27.3
columbus craft crawl,0,1,0,40
columbus halloween bar crawl,0,20,0,13.6
columbus party bus ga,0,1,0,27
columbus pub crawl,0,391,0,6.8
columbus st patricks bar crawl,0,1,0,14
columbus st patty's day bar crawl,0,9,0,10.7
columbus st. patrick's day bar crawl,0,45,0,28.2
columbus taco fest,0,1,0,81
columbus taco festival,0,1,0,62
columbus ugly sweater bar crawl,0,1,0,4
come in bar,0,1,0,1
comedy open mic near me,0,1,0,4
comedy open mics,0,1,0,1
comedy pub crawl,0,1,0,1
comedy shows tonight cincinnati,0,1,0,1
coming to america brunch,0,3,0,23.7
concerts st pete tonight,0,1,0,3
cookie crawl,0,1,0,62
cookie monster and elmo onesies,0,1,0,5
cookie monster onesie adult,0,2,0,8
cool bar near me,0,1,0,13
cool bars in chattanooga,0,6,0,7
cool bars in lakewood,0,1,0,13
cool bars near me,0,3,0,3.7
cool costumes,0,1,0,4
cool halloween cocktails,0,10,0,8
cool halloween costumes,0,2,0,3
cool places to go,0,1,0,13
cool themed bars,0,1,0,36
coolest bars in asheville,0,1,0,68
coolest halloween costume,0,1,0,2
coraopolis bar crawl,0,8,0,8.2
coraopolis bar crawl 2026,0,3,0,1
corner bar near me,0,1,0,13
corona in a margarita,0,1,0,100
corona margarita,0,1,0,94
corporate event bar,0,1,0,1
corporate events alpharetta,0,1,0,100
corporate pub crawl,0,6,0,11.7
cosplay bars,0,1,0,79
cost,0,1,0,7
costa del sol bar crawl,0,2,0,58.5
costume,0,1,0,1
costume bar,0,92,0,4.9
costume bar crawl,0,10,0,6.2
costume contest,0,1,0,1
costume contest near me,0,1,0,9
costume crawl,0,1,0,1
costume events,0,1,0,1
costume ideas,0,8,0,4
costume ideas adult,0,1,0,4
costume ideas for adults,0,2,0,4
costume ideas for teen girls,0,1,0,3
costume ideas that start with j,0,1,0,2
costume pub,0,3,0,14.7
costume pub crawl,0,7,0,7.1
costume store,0,2,0,4
costume store gainesville,0,1,0,32
costume that starts with t,0,1,0,2
costumes,0,4,0,2.2
costumes and cocktails,0,1,0,67
costumes for group of 6,0,1,0,11
costumes starting with g,0,1,0,3
costumes starting with y,0,1,0,2
costumes that start with a t,0,1,0,2
costumes that start with e,0,1,0,2
costumes that start with f,0,1,0,3
costumes that start with g,0,1,0,2
costumes that start with h,0,1,0,2
costumes that start with j,0,1,0,2
costumes that start with o,0,1,0,2
costumes that start with the letter a,0,1,0,2
costumes that start with w,0,1,0,2
costumes to be for halloween,0,2,0,4
cotati crawl,0,15,0,25.3
cottleville bar crawl,0,1,0,1
cougar bar st louis,0,4,0,26.5
cougar bars st louis,0,3,0,27.3
country bars in cleveland ohio,0,1,0,100
country crawl,0,3,0,20.3
country pub crawl,0,10,0,59.6
couple costume ideas,0,1,0,7
couples halloween costumes,0,1,0,8
coyote ugly atlanta,0,1,0,22
coyote ugly near me,0,1,0,9
cozy bar near me,0,3,0,10.3
cozy crawl,0,1,0,6
cr bar,0,4,0,3.8
craft beer crawl,0,1,0,53
craw bar,0,3,0,11.3
craw bars,0,15,0,4.9
craw space,0,1,0,1
craw station,0,1,0,29
crawdad restaurant near me,0,1,0,12
crawerlist,0,3,0,4.3
crawl,0,7,0,27.7
crawl 2,0,1,0,51
crawl 2025,0,1,0,9
crawl 2026,0,20,0,5.2
crawl bars,0,136,0,9.9
crawl beer,0,13,0,28.1
crawl belt,0,2,0,14
crawl buzz,0,8,0,9.2
crawl chart,0,1,0,89
crawl city,0,5,0,2.8
crawl club,0,6,0,31.2
crawl company,0,19,0,10.4
crawl date,0,3,0,57.3
crawl entertainment group,0,4,0,28.2
crawl event,0,14,0,6.5
crawl event start date,0,1,0,6
crawl fest,0,6,0,16.7
crawl food,0,3,0,10
crawl group,0,1,0,1
crawl halloween,0,26,0,6.8
crawl haus,0,3,0,23
crawl list,0,2,0,1.5
crawl live,0,3,0,22
crawl logo,0,4,0,12.8
crawl meaning,0,1,0,1
crawl miss may i,0,1,0,29
crawl night,0,1,0,1
crawl nightclub,0,58,0,30.9
crawl o ween,0,2,0,51.5
crawl official website,0,1,0,1
crawl park,0,1,0,31
crawl party,0,14,0,2.5
crawl pro,0,2,0,91
crawl pros portland,0,5,0,78.2
crawl pub,0,34,0,22.1
crawl sign,0,1,0,35
crawl site,0,1,0,65
crawl space and basement solutions,0,1,0,1
crawl space contractors near me,0,4,0,1
crawl space encapsulation,0,8,0,1
crawl space encapsulation alpharetta,0,10,0,1
crawl space encapsulation avondale estates,0,1,0,1
crawl space encapsulation buford,0,4,0,1
crawl space encapsulation cumming,0,6,0,1
crawl space encapsulation duluth,0,11,0,1
crawl space encapsulation flowery branch,0,8,0,1
crawl space encapsulation gainesville,0,2,0,1
crawl space encapsulation johns creek,0,7,0,1
crawl space encapsulation near me,0,1,0,1
crawl space encapsulation sandy springs,0,7,0,1
crawl space encapsulation sugar hill,0,10,0,1
crawl space foundation repair near me,0,1,0,1
crawl space insulation brevard nc,0,9,0,1
crawl space mold removal,0,9,0,1
crawl space repair,0,13,0,1
crawl space repair athens,0,1,0,1
crawl space repair dunwoody,0,2,0,1
crawl space repair johns creek,0,1,0,1
crawl space repair near me,0,1,0,1
crawl space repair services brevard nc,0,6,0,1
crawl space repair solutions,0,1,0,1
crawl space water,0,1,0,1
crawl space waterproofing alpharetta,0,7,0,1
crawl space waterproofing athens,0,2,0,1
crawl space waterproofing brevard nc,0,6,0,1
crawl space waterproofing buford,0,10,0,1
crawl space waterproofing cumming,0,1,0,1
crawl space waterproofing dawsonville,0,1,0,1
crawl space waterproofing flowery branch,0,6,0,1
crawl space waterproofing gainesville,0,2,0,1
crawl space waterproofing johns creek,0,6,0,1
crawl space waterproofing loganville,0,2,0,1
crawl space waterproofing roswell,0,11,0,1
crawl space waterproofing sandy springs,0,5,0,1
crawl space waterproofing sugar hill,0,14,0,1
crawl space waterproofing suwanee,0,13,0,1
crawl street,0,4,0,16.2
crawl street tavern,0,1,0,17
crawl summer,0,4,0,33.5
crawl times,0,33,0,13.5
crawl tonight meaning,0,1,0,1
crawl with us,0,874,0,11.3
crawl with us bar crawl event organizer,0,9,0,11.8
crawl with us contact email,0,25,0,4.0
crawl with us halloween,0,36,0,16.9
crawl with us halloween bar crawl,0,105,0,17.0
crawl with us indianapolis,0,1,0,7
crawl with us instagram,0,3,0,7
crawl with us latest,0,3,0,16.7
crawl with us minneapolis,0,3,0,32.3
crawl with us promo code,0,11,0,14.4
crawl with us reviews,0,23,0,11.9
crawl with us st patrick's day,0,16,0,7
crawl with us st pattys,0,8,0,8.9
crawl.with us,0,2,0,8.5
crawlbar,0,107,0,2.6
crawler,0,1,0,6
crawler .com,0,1,0,96
crawler access,0,1,0,47
crawler atlanta,0,10,0,8.3
crawler bar,0,20,0,9.7
crawler dates,0,2,0,100
crawler live,0,1,0,96
crawler meetup,0,1,0,8
crawler.com,0,8,0,72.4
crawlerlist atl,0,10,0,5.8
crawlerlist atlanta,0,38,0,7.9
crawlerlist portland,0,1,0,10
crawlers party bus,0,1,0,15
crawley bars,0,3,0,47.7
crawlies bar,0,13,0,16.2
crawling,0,1,0,6
crawling bar,0,32,0,3.7
crawling loud bar crawl,0,5,0,4.6
crawling pub,0,3,0,41.3
crawllist,0,1,0,3
crawlmap sitemap generator,0,1,0,5
crawls,0,39,0,24.4
crawls communication,0,1,0,98
crawls in,0,1,0,10
crawls list,0,6,0,30
crawlsf,0,2,0,38.5
crawlspace gastropub mercer island,0,1,0,38
crawlspace pub,0,1,0,26
crawlwith.us,0,12,0,18.2
crawlwithus,0,21,0,14.0
crawlwithus email,0,4,0,32.5
crawlx,0,2,0,8
crazy bull macon georgia,0,1,0,61
crazy hat pub crawl weekend,0,1,0,15
creepy cocktails,0,12,0,1
crestwood crawl,0,9,0,37.4
cropped ugly sweater,0,1,0,23
crowbar sandusky,0,1,0,59
crowd bar,0,1,0,7
crowded bar,0,1,0,3
crowl bar,0,87,0,3.9
crown point st patrick's bar crawl,0,4,0,24
cruising bar,0,1,0,3
cruwls,0,1,0,2
cubicle crawl,0,1,0,20
cumberland pub crawl,0,1,0,8
cupid crawl,0,1,0,1
cupid kiss drink recipe,0,1,0,1
cupid outfit,0,1,0,6
cupid's kiss cocktail,0,1,0,1
cupid's kiss cocktail recipe,0,1,0,1
curfew fort worth,0,3,0,1
currahee alpharetta,0,1,0,1
currahee brewing alpharetta,0,1,0,1
currahee brewing company,0,5,0,1
cute costumes for teens,0,1,0,5
cute duo costumes,0,1,0,5
cute fall drinks,0,9,0,67.1
cuyahoga falls bar crawl,0,13,0,34.1
cuyahoga falls pub crawl,0,2,0,21
cuyahoga falls st patty's bar crawl,0,1,0,24
cuyahoga falls st patty's bar crawl 2026,0,2,0,10.5
da nang bar crawl,0,2,0,1
daisy bar macon,0,2,0,16
daisy tequila bar macon ga,0,1,0,12
dallas bar crawl,0,43,0,45.7
dallas halloween bar crawl,0,196,0,42.6
dallas halloween pub crawl,0,82,0,45.6
dallas pub crawl,0,10,0,50.3
dallas st patrick's bar crawl,0,1,0,27
dallas st patrick's day bar crawl,0,2,0,25
dallas st patricks day bar crawl,0,1,0,26
dallas st. patrick's day bar crawl,0,38,0,43.3
dance clubs near me,0,1,0,1
dancing bars in fort worth,0,1,0,22
dancing spots near me,0,1,0,10
darts and pool near me,0,1,0,7
darts near me,0,2,0,2.5
date ideas in atlanta,0,1,0,1
date night ideas macon ga,0,1,0,1
dating today macon,0,3,0,46.3
day crawler,0,1,0,50
day drink,0,64,0,16.4
day drinking activities,0,2,0,5.5
day drinking cocktails,0,1,0,54
day drinking drink,0,2,0,50
day drinking drinks,0,17,0,7.9
day drinking events,0,1,0,16
day drinking ideas,0,2,0,17.5
day drinks,0,71,0,32.6
day of the dead bar crawl,0,5,0,17.6
day off bar,0,1,0,12
day party in atlanta today,0,1,0,1
day time drinking,0,1,0,59
day time drinks,0,3,0,37.3
day ugly sweater,0,1,0,62
daybar,0,2,0,52
daytime alcoholic drinks,0,4,0,76.2
daytime cocktails,0,9,0,60
daytime drinks,0,15,0,58.5
dc bar crawl,0,12,0,43.7
dc bar crawls,0,2,0,50.5
dc onesie bar crawl,0,6,0,30.5
dc onesie crawl,0,1,0,29
dc st patrick's day bar crawl,0,2,0,30
dead crawl halloween,0,1,0,4
deadwood pub crawl,0,7,0,5
dec bar,0,3,0,9.7
dec birmingham,0,1,0,7
decatur bar crawl,0,5,0,8.8
decatur pub crawl,0,8,0,9.6
deck the bars,0,1,0,7
decoy gainesville menu,0,1,0,50
deep ellum bar crawl,0,1,0,76
define bar crawl,0,190,0,5.4
define bar hopping,0,2,0,10.5
define pub crawl,0,10,0,13.6
del ray bar crawl,0,11,0,42.7
delco bar crawl,0,13,0,9.2
delicioustacos,0,7,0,26.4
delray bar crawl,0,1,0,18
delray beach bar crawl,0,1,0,37
demogorgon onesie,0,1,0,11
denver bar crawl,0,57,0,37.1
denver bar crawl map,0,5,0,13
denver bar crawl tickets,0,1,0,34
denver birthday party bar crawl,0,7,0,42.9
denver halloween pub crawl,0,3,0,65
denver pub crawl halloween,0,2,0,59
denver st patrick's day bar crawl,0,3,0,36.7
denver st. patrick's day bar crawl,0,11,0,43.8
denver themed bar crawl,0,2,0,30.5
des moines bar crawl,0,38,0,31.7
des moines halloween bar crawl,0,1,0,34
des moines pub crawl,0,27,0,33.8
des moines st. patrick's day bar crawl,0,30,0,37.7
detroit corktown st. patrick's day bar crawl,0,13,0,41.3
detroit pub crawl,0,1,0,7
detroit st patrick's day bar crawl,0,1,0,4
detroit st patricks day bar crawl,0,1,0,8
diet coke bar crawl,0,9,0,9.1
dine-in bars near me,0,1,0,10
dinner crawl,0,1,0,8
dirty laundry st pete,0,1,0,4
dirty sweater,0,1,0,67
dirty vegas,0,1,0,83
disco cerca de mi,0,1,0,8
disco cerca de mí,0,1,0,10
discoteca cerca de mi,0,1,0,10
discotecas cerca de mi,0,4,0,8
discotecas cerca de mi ubicación,0,1,0,8
disney monorail crawl,0,10,0,8.8
disney springs bar crawl,0,6,0,49.3
disneyland bar crawl,0,1,0,5
dive bar,0,2,0,1.5
dive bar bingo,0,4,0,17.2
dive bar crawl,0,12,0,9.2
dive bar lakewood,0,1,0,41
dive bar tour,0,3,0,42.3
"dive bar, cleveland, ohio, united states",0,2,0,19.5
"dive bar, pub, cleveland",0,11,0,16.8
dive bars,0,1,0,6
dive bars lakewood,0,1,0,41
dive bars near me,0,6,0,8.8
dj shotz good salsa,0,1,0,28
djjackytreehorn,0,3,0,15.3
djs taco bar,0,2,0,23
do a pub crawl crossword,0,2,0,1.5
do the crawl,0,20,0,4.2
do they have food,0,1,0,2
dobbs ferry bar crawl,0,15,0,1.3
does a pub crawl,0,1,0,16
dog bar near me,0,19,0,8.8
dog bars near me,0,1,0,14
dog friendly bars near me,0,1,0,7
dog pound bar near me,0,1,0,5
doggie crawl,0,1,0,51
doghaus soulard,0,3,0,33.7
dolphin onesie for adults,0,1,0,7
don trip celebration station,0,1,0,20
don't you dare forget the sun tabs,0,1,0,44
dormont bar crawl,0,6,0,43.2
dormont bar crawl 2026,0,1,0,17
dos caminos atlanta,0,1,0,17
downtown alpharetta bar,0,6,0,10.3
downtown alpharetta events,0,1,0,1
downtown alpharetta st patrick's day,0,8,0,8.5
downtown asheville bar,0,1,0,38
downtown asheville tonight,0,1,0,1
downtown bar,0,2,0,11
downtown bar fest,0,1,0,27
downtown bar hopping,0,14,0,29.5
downtown bara,0,1,0,14
downtown bars,0,10,0,9.7
downtown bars and clubs,0,1,0,2
downtown bars cincinnati,0,5,0,12.6
downtown bars greenville sc,0,3,0,46.3
downtown barstool open,0,2,0,53.5
downtown birmingham bars,0,2,0,42
downtown chattanooga bars,0,16,0,10.8
downtown cincinnati bars,0,7,0,12.6
downtown cleveland events today,0,1,0,1
downtown columbia bars,0,1,0,4
downtown columbia sc bar,0,3,0,56
downtown crawl,0,5,0,10.4
downtown crawlers,0,24,0,20.0
downtown duluth bars,0,127,0,11.6
"downtown fort walton pub crawl, performance & event venue, fort walton beach",0,1,0,20
downtown gainesville,0,1,0,9
downtown gainesville bars,0,28,0,12.5
downtown gainesville ga bars,0,3,0,12.3
downtown gainesville nightlife,0,2,0,8.5
downtown greenville,0,1,0,1
downtown greenville bar,0,2,0,45.5
downtown greenville bars,0,19,0,35.8
downtown greenville bars and clubs,0,1,0,1
downtown greenville nc bars,0,1,0,14
downtown greenville nightlife,0,3,0,57
downtown greenville sc bar,0,69,0,28.3
downtown greenville sc bars,0,5,0,14.2
downtown greenville sc nightlife,0,2,0,34
downtown greenville south carolina restaurants,0,1,0,1
downtown indianapolis,0,1,0,12
downtown indianapolis nightlife,0,1,0,12
downtown la pub crawl,0,6,0,50.3
downtown lawrenceville,0,1,0,37
downtown lawrenceville bars,0,10,0,10.7
downtown lawrenceville brunch,0,1,0,29
downtown macon bars,0,19,0,22.8
downtown macon events this weekend,0,1,0,2
downtown orlando bar crawl,0,1,0,51
downtown party,0,1,0,9
downtown pub crawl,0,56,0,21.1
downtown roswell bars,0,27,0,18.3
downtown roswell restaurants,0,1,0,1
downtown sarasota bar,0,3,0,19
downtown sarasota bars,0,71,0,15.4
downtown sarasota halloween,0,1,0,14
downtown sarasota nightlife,0,1,0,2
downtown st pete,0,1,0,6
downtown st pete bar,0,8,0,6.9
downtown st pete bar crawl,0,2,0,3
downtown st pete bars,0,8,0,9.2
downtown st pete events,0,1,0,3
downtown st pete events this weekend,0,2,0,3
downtown st pete events today,0,1,0,1
drag pub crawl,0,1,0,14
drag show bars near me,0,1,0,1
drag shows in atlanta ga,0,1,0,12
drake and josh bar crawl,0,3,0,32.7
drake bell bar crawl,0,2,0,6
dress up ideas,0,1,0,11
dress up ideas for adults,0,2,0,1
dress up?,0,1,0,1
dring bar,0,2,0,56
drink all day,0,2,0,67
drink day,0,3,0,52.3
drink deals near me,0,8,0,6.4
drink fall,0,4,0,84.8
drink festival,0,1,0,23
drink festivals near me,0,1,0,57
drink flights near me,0,1,0,8
drink harry potter,0,1,0,66
drink hopping,0,1,0,9
drink ideas for halloween party,0,2,0,6
drink in harry potter,0,2,0,76
drink near me,0,1,0,3
drink place nearby,0,2,0,13
drink recipes for fall,0,3,0,65
drink special near me,0,1,0,3
drink specials for valentine's day,0,1,0,11
drink specials near me,0,16,0,6.8
drink spots,0,1,0,11
drink tokens,0,4,0,86.8
drink tokens for bars,0,2,0,74.5
drinkers and dragons bar crawl,0,3,0,8
drinkery otr,0,1,0,30
drinking bar near me,0,1,0,9
drinking bus,0,2,0,5
drinking challenges for pub crawl,0,1,0,5
drinking events,0,1,0,1
drinking events near me today,0,1,0,14
drinking festivals near me,0,1,0,79
drinking halloween costumes,0,1,0,69
drinking in a bar,0,1,0,96
drinking tour,0,1,0,11
drinking tours,0,1,0,1
drinking with strangers,0,1,0,2
drinks and games trussville al,0,1,0,46
drinks for fall,0,3,0,59
drinks for halloween party,0,1,0,3
drinks for march,0,21,0,5.8
drinks for valentines day,0,2,0,14.5
drinks from harry potter,0,1,0,66
drinks ideas for halloween,0,6,0,54.2
drinks in harry potter,0,2,0,65
drinks in soulard,0,1,0,16
drinks mear me,0,1,0,12
drinks near me,0,15,0,12.3
drinks near me open now,0,1,0,12
drinks specials near me,0,1,0,9
drinks with food near me,0,1,0,10
drunk bowling near me,0,2,0,6
drunk hat,0,1,0,19
drunk slope pub crawl,0,1,0,5
drury inn atlanta airport,0,1,0,3
ds bar crawl,0,67,0,7.9
"ds place soulard, bar & grill, st. louis",0,8,0,19.2
"dt's tavern, cocktail bar, greenville",0,31,0,17.1
dtl events,0,1,0,4
dtla bar crawl,0,5,0,55
dtla club crawl,0,4,0,89.2
dtsp bars,0,10,0,12.6
dubai bar crawl,0,1,0,1
dubai pub crawl,0,1,0,5
dublin literary pub crawl reviews,0,1,0,3
dublin pub crawl,0,3,0,6
dublin pub crawl tour,0,1,0,4
dublin st patrick's day bar crawl,0,1,0,8
duck wonzie,0,1,0,8
duke's soulard,0,1,0,24
dukes and great grizzly st louis,0,3,0,10
duluth bar,0,142,0,16.5
duluth bars,0,76,0,12.3
duluth dive bars,0,1,0,24
duluth ga bars,0,1,0,6
duluth ga to birmingham al,0,1,0,39
duluth ga to greenville sc,0,1,0,74
duluth mn bars,0,1,0,13
duluth nightlife,0,6,0,22
duluth party bus,0,4,0,56.5
duluth sweater,0,1,0,25
duluth taco fest,0,21,0,10.8
duluth taco fest 2026,0,1,0,18
duluth taco festival,0,12,0,10.7
dumpling fest fort worth,0,1,0,28
dunedin bar crawl,0,19,0,32.9
duo costumes,0,2,0,2.5
duo girl costumes,0,1,0,3
duo halloween costumes girl,0,1,0,2
dupont st patty's bar crawl,0,1,0,11
dustland bar crawl latest,0,1,0,9
duval crawl,0,1,0,2
dyersville bar crawl,0,1,0,10
east lansing bar crawl,0,6,0,40.2
east village bar crawl,0,23,0,41.7
east village pub crawl,0,11,0,54.4
easter pub crawl,0,240,0,19.6
easton bar crawl,0,5,0,29.8
easton pub crawl,0,3,0,29.7
easton st patrick's bar crawl,0,3,0,12.3
"eastside pub crawls, bar",0,7,0,17.6
easy,0,1,0,3
easy adult halloween drinks,0,5,0,53.2
easy alcoholic drinks for halloween,0,6,0,67.5
easy autumn cocktails,0,36,0,69.6
easy cocktail tequila,0,3,0,1
easy cocktails for halloween,0,7,0,13.4
easy costumes that start with e,0,1,0,2
easy drinks for halloween,0,4,0,34
easy duo costumes,0,1,0,1
easy elderflower cocktails,0,1,0,1
easy fall cocktail,0,1,0,61
easy fall cocktail recipes,0,5,0,71.2
easy fall cocktails,0,21,0,70.1
easy fall cocktails for a crowd,0,6,0,87
easy halloween alcohol drinks,0,24,0,60.1
easy halloween alcoholic drinks,0,2,0,44.5
easy halloween beverages,0,11,0,6.1
easy halloween cocktail,0,17,0,11.7
easy halloween cocktail drinks,0,3,0,5
easy halloween cocktail recipes,0,8,0,11.1
easy halloween cocktails for pregame,0,16,0,1.7
easy halloween cocktails for pregame party,0,6,0,2
easy halloween cocktails for pregaming,0,29,0,3.9
easy halloween cocktails recipes,0,1,0,1
easy halloween drinks alcoholic,0,1,0,5
easy halloween drinks for adults,0,21,0,36.7
easy halloween drinks non alcoholic,0,1,0,9
easy halloween martinis,0,1,0,45
easy halloween mixed drinks,0,3,0,24
easy kid costumes for school,0,1,0,6
easy spooky cocktails,0,2,0,17.5
easy valentine's day alcoholic drinks,0,1,0,76
eb *halloween par,0,2,0,111.5
eclipse di luna - beltline reviews,0,1,0,37
eclipse live cocktail bar,0,1,0,70
edinburgh pub crawl,0,1,0,4
ee bar crawl,0,4,0,11.5
"el agave bar, bar, saint pete beach",0,1,0,30
el destape bar,0,1,0,7
el paso bar crawl,0,30,0,42.7
el paso pub crawl,0,33,0,40.2
el paso st. patrick's day bar crawl,0,22,0,26.1
el sol birmingham,0,3,0,48
el sol birmingham al,0,1,0,54
el sol birmingham alabama,0,3,0,50.7
el sol night club birmingham,0,1,0,72
el sol nightclub birmingham alabama,0,1,0,55
el sol nightclub tickets,0,1,0,44
elderflower cocktail,0,1,0,1
elderflower cocktails,0,2,0,1
elderflower drink recipe,0,1,0,1
elderflower harry potter,0,2,0,1
elderflower liqueur cocktails,0,1,0,1
elderflower liqueur with prosecco,0,7,0,1
elderflower tonic cocktails,0,1,0,1
elephant onesie adult,0,1,0,10
elevate crawls,0,4,0,2
elmwood bar crawl,0,9,0,12.2
end of year bar crawl,0,2,0,1
energy bars lawrenceville ga,0,6,0,22
engagement cocktail party,0,1,0,1
engagement party cocktail,0,1,0,1
engineering bar crawl,0,2,0,3
enjoy bar,0,1,0,1
entertainment in alpharetta ga,0,1,0,100
epic beef bars,0,2,0,90.5
epic roswell,0,7,0,12.3
erie and ivy events,0,2,0,25.5
erie bar crawl,0,2,0,17
erwachsenenstrampler,0,1,0,6
escort crawl list,0,1,0,1
esn pub crawl,0,1,0,2
espolon blanco – $5 / $9,0,1,0,23
event bars,0,1,0,8
event in columbia sc this weekend,0,1,0,3
event today in usa,0,1,0,10
event venues greenville sc,0,1,0,6
event venues in lawrenceville ga,0,1,0,98
evento cerveza,0,3,0,45
events at bars,0,4,0,7.8
events at bars near me,0,1,0,11
events birmingham al,0,2,0,2.5
events birmingham may 2026,0,1,0,1
events downtown greenville today,0,1,0,1
events downtown st pete this weekend,0,1,0,1
events greenville sc this weekend,0,1,0,15
events greenville sc today,0,1,0,4
events happening near me today,0,2,0,1
events in alpharetta this weekend,0,2,0,2
events in alpharetta today,0,1,0,8
events in atlanta halloween weekend,0,6,0,48.7
events in atlanta this weekend,0,1,0,3
events in atlanta today,0,2,0,2
events in birmingham for halloween,0,3,0,25.3
events in birmingham this weekend,0,1,0,1
events in cincinnati this weekend,0,1,0,1
events in cleveland today,0,1,0,3
events in columbia,0,1,0,3
events in columbia sc today,0,1,0,1
events in december 2026,0,1,0,1
events in dfw this weekend for adults,0,1,0,4
events in downtown st pete this weekend,0,2,0,1
events in greenville sc this weekend,0,1,0,1
events in greenville tonight,0,1,0,2
events in houston this weekend,0,1,0,2
events in macon ga this weekend,0,1,0,1
events in may,0,1,0,1
events in melbourne fl this weekend,0,7,0,3.1
events in midtown atlanta this weekend,0,1,0,1
events in soulard this weekend,0,2,0,9
events july 25,0,1,0,8
events lakewood ohio,0,1,0,19
events lawrenceville ga,0,1,0,2
events march 14th,0,1,0,1
events near me this weekend,0,1,0,1
events near me today,0,2,0,2
events next weekend,0,1,0,3
events today usa,0,1,0,81
events tonight st pete,0,1,0,3
events+drinks,0,1,0,8
events+ugli,0,1,0,2
evie's downtown sarasota,0,1,0,69
evies tavern main street sarasota google maps,0,3,0,9
expect bar,0,5,0,7.6
expecto bar crawl,0,2,0,40
explícame lo primero,0,1,0,3
external events affecting duluth ga,0,5,0,12.4
extra tasty,0,1,0,97
eye bar stl,0,1,0,81
facile deguisement pub,0,1,0,8
fairport bar crawl,0,1,0,20
fale,0,1,0,2
fall adult drinks,0,5,0,73
fall alcohol drink ideas,0,1,0,82
fall alcohol drinks,0,1,0,56
fall alcoholic drink ideas,0,1,0,76
fall alcoholic drinks,0,8,0,87.4
fall alcoholic drinks for a crowd,0,1,0,73
fall alcoholic drinks warm,0,2,0,73.5
fall and winter cocktails,0,2,0,78.5
fall bar,0,4,0,72
fall bar drinks,0,3,0,58.3
fall beverage recipes,0,1,0,86
fall beverages alcoholic,0,1,0,50
fall cocktail,0,9,0,72.6
fall cocktail drinks,0,8,0,64.4
fall cocktail ideas,0,14,0,63.4
fall cocktail menu,0,4,0,72.2
fall cocktail names,0,1,0,54
fall cocktail recipe,0,1,0,55
fall cocktail recipes,0,101,0,64.5
fall cocktail recipies,0,1,0,73
fall cocktail trends,0,34,0,75.7
fall cocktails,0,241,0,61.9
fall cocktails easy,0,5,0,68.2
fall cocktails for a crowd,0,7,0,69
fall cocktails recipes,0,8,0,62
fall coctails,0,4,0,64.2
fall craft cocktails,0,2,0,61
fall crawl,0,3,0,2
fall crawl 2026,0,1,0,4
fall drink,0,1,0,66
fall drink cocktails,0,1,0,82
fall drink ideas,0,9,0,76.8
fall drink menu,0,6,0,55
fall drink recipe,0,2,0,55
fall drink recipes,0,63,0,67.2
fall drink recipes alcoholic,0,6,0,62.2
fall drink specials,0,4,0,69
fall drinks,0,24,0,66.3
fall drinks alcohol,0,5,0,57.4
fall drinks alcoholic,0,1,0,74
fall drinks cocktails,0,4,0,83.8
fall drinks for parties,0,1,0,55
fall drinks list,0,2,0,90
fall drinks recipes,0,10,0,70.5
fall drinks to make,0,2,0,53
fall drinks to make at home,0,1,0,73
fall drinks with alcohol,0,2,0,62.5
fall flavors for cocktails,0,7,0,47.3
fall hot alcoholic drinks,0,2,0,80
fall hot cocktails,0,2,0,66
fall inspired cocktails,0,4,0,80.8
fall inspired drinks,0,2,0,77
fall mixed drink,0,2,0,83
fall mixed drink recipes,0,1,0,47
fall mixed drinks,0,20,0,71.8
fall party cocktails,0,6,0,70.5
fall party drinks,0,3,0,66
fall pitcher cocktails,0,4,0,69.5
fall pitcher drinks,0,1,0,51
fall seasonal cocktails,0,1,0,89
fall specialty cocktails,0,1,0,69
fall tailgate drinks,0,22,0,68.8
fall themed alcoholic drinks,0,2,0,72.5
fall themed cocktail,0,1,0,68
fall themed cocktails,0,14,0,81
fall themed drinks,0,10,0,72.5
fall themed drinks alcoholic,0,1,0,85
fall warm alcoholic drinks,0,1,0,73
fall warm cocktails,0,6,0,71.3
fall winter cocktails,0,6,0,73.5
fall.cocktail,0,1,0,60
fall.cocktails,0,2,0,69.5
falling bar,0,1,0,50
family costume ideas for 5,0,1,0,3
family of five halloween costume ideas,0,1,0,4
famous taco bar,0,1,0,5
faneuil hall bar crawl halloween,0,2,0,78
fargo bar crawl,0,8,0,41
fargo pub crawl,0,1,0,36
fargo st patty's day pub crawl 2026,0,3,0,25.3
farmingdale bar crawl,0,7,0,38.3
farmingdale pub crawl,0,1,0,37
farmingdale st. patrick's day bar crawl,0,15,0,19.9
fat tuesday atlanta,0,1,0,4
fayetteville bar crawl,0,4,0,33.5
fbm duluth,0,1,0,11
fe bar,0,1,0,7
february drinks,0,3,0,77.3
fed hill bar crawl,0,1,0,35
felix felicis cocktail,0,8,0,16
felix felicis drink recipe,0,3,0,38.7
felix felicis recipe,0,2,0,61.5
fells point bar crawl,0,15,0,41.9
fells point halloween bar crawl,0,5,0,53.6
fells point st patty's bar crawl,0,1,0,28
fells point st patty's bar crawl 2025,0,2,0,18.5
femboy onesie,0,1,0,5
fenway bar crawl,0,52,0,54.3
fenway bar crawl tickets,0,1,0,55
fest bar,0,3,0,13.3
festival bar,0,5,0,29.6
festival bars,0,2,0,23.5
festival birmingham,0,1,0,37
festival near me today,0,1,0,1
festival tacos,0,1,0,8
festival tokens,0,3,0,83
festivals bar,0,1,0,18
festivals cincinnati,0,1,0,1
festivals in atlanta this weekend,0,3,0,2.3
festive fall cocktails,0,5,0,84.2
festive fall drinks,0,2,0,72
festive halloween drinks,0,1,0,1
fiesta chicken soulard,0,1,0,39
fiesta tequila bar,0,1,0,53
find a bar,0,3,0,80
find bar near me,0,3,0,10
finleyville bar crawl,0,3,0,13.3
fireplace drink,0,3,0,63.3
fireplace drinks,0,1,0,8
fireside cocktails,0,4,0,55.2
fishtown bar crawl,0,2,0,6
flagstaff bar crawl,0,2,0,39.5
flavored margarita recipe on the rocks,0,1,0,1
floating bar crawl asheville nc,0,1,0,45
"floating bar crawl tour in asheville, nc",0,558,0,22.6
"flores restaurant and bar, bar, portland",0,5,0,25.2
florida eccentric pub crawl route,0,2,0,9.5
food & drink festivals,0,1,0,12
food and booze,0,4,0,70.2
food and cocktail crawl,0,2,0,3.5
food bar near me,0,1,0,15
food bar soulard,0,1,0,39
food columbia sc,0,1,0,4
food crawling,0,1,0,46
food events near me,0,1,0,4
food festivals atlanta,0,1,0,1
food festivals cleveland,0,1,0,4
food festivals in georgia this weekend,0,1,0,1
food festivals near me,0,1,0,1
food for halloween,0,2,0,1
food near me,0,3,0,3.7
food near me columbia sc,0,2,0,1.5
foodie events this weekend,0,1,0,1
footed onesie adult,0,1,0,4
for adults,0,3,0,2.3
for men,0,1,0,17
for saturday,0,1,0,4
forc crawl,0,5,0,15.2
fore play sports pub portland me,0,4,0,34.2
"fore play sports pub, sports bar, portland",0,4,0,29
fort collins bar crawl,0,17,0,36.4
fort collins pub crawl,0,2,0,19
fort collins st. patrick's day bar crawl,0,36,0,40.4
fort lauderdale bar crawl,0,23,0,36.2
fort lauderdale halloween bar crawl,0,1,0,57
fort lauderdale pub crawl,0,10,0,41.9
fort lauderdale st. patrick's day bar crawl,0,29,0,42.4
fort myers bar crawl,0,13,0,49.1
fort myers pub crawl,0,1,0,63
fort myers st. patrick's day bar crawl,0,19,0,31.2
fort worth +halloween,0,24,0,23.8
fort worth bar,0,174,0,14.9
fort worth bar scene,0,14,0,11
fort worth bars for big groups,0,7,0,21
fort worth bars with live dj,0,1,0,41
fort worth bars with tacos,0,2,0,30
fort worth bingo bars,0,2,0,62
fort worth crawling,0,41,0,9.5
fort worth crawling latest,0,3,0,17.7
fort worth halloween,0,27,0,26.7
fort worth halloween bar crawl,0,4,0,25.2
fort worth halloween events,0,16,0,36.8
fort worth list crawlers,0,1,0,6
fort worth santa bar crawl,0,1,0,20
fort worth st. patrick's day bar crawl,0,67,0,25.5
fort worth stockyards bar crawl,0,3,0,25.7
fort worth texas bar,0,2,0,68.5
fort worth things to do tonight,0,1,0,1
fort worth west 7th bars,0,3,0,60
fort worth zoo halloween,0,2,0,87.5
forth worth bar,0,4,0,13.5
fortnite halloween costumes,0,1,0,6
fortworth parties latest,0,1,0,20
fourth of july bar crawl,0,37,0,31.8
fourth of july columbia sc,0,1,0,2
fourth of july events columbia sc,0,2,0,1.5
fourth of july events near me,0,1,0,2
frankfort bar pop up events,0,61,0,33.7
frankfurt pub crawl,0,1,0,11
frazzle fest,0,1,0,26
frederick bar crawl,0,2,0,5
free concerts near me today,0,1,0,1
free entry bars near me,0,1,0,4
free events in indianapolis today for adults,0,1,0,4
free events in st pete today,0,2,0,1
free frawl,0,13,0,12.8
free original pub crawl nice tip based experience,0,1,0,1
free people onesie,0,1,0,6
free things to do today near me,0,1,0,1
freedom bar crawl,0,2,0,3
freedom trail bar crawl map,0,1,0,56
french kiss cocktail recipe,0,25,0,1
frenzi bar crawl,0,1,0,5
fresh crawl,0,1,0,25
friday bar,0,1,0,2
friday night,0,1,0,8
friday night at the bar,0,1,0,1
frog onesie adult,0,2,0,4.5
frosty balls bar crawl,0,2,0,7.5
frosty mug pub crawl,0,1,0,26
fruit margarita recipe,0,1,0,1
fruity martini recipes,0,1,0,1
ftw saloon,0,2,0,38
fugly sweater,0,1,0,28
full bars near me,0,1,0,7
fullerton bar crawl,0,1,0,48
fun adult places,0,1,0,1
fun alternatives to bar crawls for bachelorette parties near me,0,7,0,7.6
fun bar,0,1,0,7
fun bar crawl games,0,123,0,3.3
fun bar crawl ideas,0,152,0,2.2
fun bar crawl themes,0,14,0,13.2
fun bar hopping games,0,13,0,16.3
fun bar near me,0,2,0,11
fun bars asheville,0,1,0,1
fun bars birmingham al,0,2,0,8
fun bars cincinnati,0,4,0,9.2
fun bars greenville,0,2,0,28.5
fun bars in chattanooga,0,2,0,8.5
fun bars in cincinnati,0,3,0,12
fun bars in cincinnati ohio,0,3,0,89.7
fun bars in fort worth texas,0,2,0,64
fun bars near me,0,16,0,6.8
fun costume ideas,0,1,0,5
fun couples activity near me,0,1,0,1
fun crawl,0,1,0,8
fun date near me,0,1,0,2
fun drink places,0,1,0,5
fun drink places near me,0,2,0,6
fun drink specials,0,1,0,1
fun drinks near me,0,1,0,15
fun fall alcoholic drinks,0,4,0,80.2
fun fall cocktail,0,4,0,73
fun fall cocktails,0,6,0,76
fun fall drinks,0,8,0,81.2
fun fall drinks alcoholic,0,1,0,57
fun halloween cocktails,0,4,0,11
fun halloween drinks,0,2,0,10.5
fun house lakewood,0,1,0,43
fun march cocktails,0,4,0,6.2
fun pub crawl challenges,0,2,0,1
fun pub crawl games,0,73,0,1.1
fun pub crawl ideas,0,3,0,3
fun pub crawl rules,0,1,0,4
fun pubs near me,0,1,0,14
fun stuff to do in indiana,0,1,0,1
fun things for adults to do near me,0,1,0,7
fun things happening in atlanta this weekend,0,1,0,2
fun things to do in atlanta for young adults this weekend,0,1,0,1
fun things to do in atlanta this weekend,0,2,0,1
fun things to do in fort worth for adults,0,1,0,1
fun things to do in georgia this weekend,0,1,0,1
fun things to do in stl this weekend,0,1,0,1
fun things to do near me,0,4,0,1
fun valentine cocktails,0,1,0,33
fun valentines cocktails,0,2,0,21
fun valentines drinks,0,1,0,37
funhouse bar lakewood,0,1,0,19
funhouse lakewood,0,2,0,30
funny,0,1,0,1
funny adult onesies,0,2,0,3.5
funny bar crawl costumes,0,10,0,3.4
funny bar crawl themes,0,44,0,12.3
funny bar crawl themes for adults,0,24,0,6.6
funny costume adult,0,1,0,1
funny onesies,0,1,0,13
funny onesies adults,0,1,0,3
funny pub crawl challenges,0,130,0,3.1
funny pub crawl challenges for adults,0,1,0,6
funny pub crawl themes,0,1,0,38
funny pub golf challenges,0,1,0,10
funzies,0,2,0,2
funziez,0,2,0,4
ga bar,0,5,0,58.2
ga bar near me,0,1,0,60
ga naar die tequila party,0,1,0,12
"ga,bar",0,3,0,1
gainesville,0,1,0,7
gainesville bar,0,69,0,11.7
gainesville bars downtown,0,1,0,8
gainesville downtown bars,0,3,0,18.7
gainesville ga bars,0,53,0,12.3
gainesville ga haunted house,0,68,0,68.8
gainesville ga maps,0,1,0,94
gainesville ga nightlife,0,49,0,9.8
gainesville ga taco crawl,0,3,0,2
gainesville ga to alpharetta ga,0,2,0,67
gainesville ga to roswell ga,0,1,0,81
gainesville ga weather hourly,0,1,0,38
gainesville georgia bars,0,2,0,11.5
gainesville halloween,0,14,0,9.8
gainesville halloween events,0,32,0,10.5
gainesville party bus,0,1,0,58
gainesville square bars,0,2,0,4
gainesville usa,0,1,0,15
"gainesville,ga transmission",0,1,0,50
gainsville bar,0,7,0,9.7
galentines bar crawl,0,1,0,10
galveston pub crawl,0,1,0,35
game bars near me,0,1,0,15
games for pub crawl,0,24,0,1
games for pub crawls,0,12,0,1
games to play on a bar crawl,0,2,0,1
games to play on a pub crawl,0,37,0,1
games to play on pub crawl,0,1,0,5
garage bar treloar mo,0,1,0,37
garage chic lakewood,0,3,0,18
garage crawl,0,3,0,21.7
garden bar near me,0,3,0,10.3
gasparilla bar crawl,0,4,0,60.5
gaspy bar crawl,0,3,0,8.7
gaugly,0,1,0,11
gay bar crawl,0,1,0,1
gemini cocktail,0,1,0,1
geneva bar crawl,0,2,0,4
geneva on the lake bar crawl,0,3,0,19.7
geneva on the lake halloween bar crawl,0,4,0,40.2
geneva on the lake pub crawl,0,2,0,1
georgia christmas sweater,0,1,0,65
georgia crawl,0,18,0,18.3
georgia tech senior bar crawl,0,3,0,13
georgia ugly christmas sweater,0,1,0,42
gerard way onesie,0,1,0,6
gettables,0,1,0,28
getting together with friends for halloween—what should we drink?,0,2,0,2
gf pub crawl events,0,4,0,17
ghost tours fort worth,0,1,0,4
ghostface costume,0,1,0,4
ghostly cocktails,0,1,0,3
gili island pub crawl,0,1,0,6
ginger bar crawl,0,2,0,19
ginger lime thc drinks duluth,0,2,0,37.5
ginger lime thc drinks macon,0,3,0,24
girard bar crawl,0,6,0,2.3
girl group halloween costumes for 5,0,1,0,3
girl wearing onesie,0,3,0,2
girls night greenville sc,0,1,0,1
glasgow bar crawl,0,2,0,10
glasgow stag do pub crawl package,0,1,0,5
glenwood bar crawl,0,15,0,41.3
glenwood south bar crawl,0,33,0,38.9
go from bar to bar,0,13,0,1.1
go on a pub crawl,0,3,0,2
go on a pub crawl say,0,1,0,32
going bar for bar meaning,0,1,0,3
going out bingo,0,5,0,5.4
going out bingo card,0,18,0,2.7
going to bar alone st patricks fay,0,35,0,1.4
gold rush bar crawl,0,6,0,51
golden mile pub crawl,0,2,0,3
golf bar crawl,0,2,0,8.5
golf cart crawl,0,1,0,19
gone country bar crawl,0,7,0,22.6
good bar crawl themes,0,2,0,11
good bar food near me,0,2,0,3
good bar near me,0,8,0,11.1
good bars downtown,0,1,0,13
good bars in atlanta,0,1,0,5
good bars in chattanooga,0,2,0,12
good bars in chattanooga tn,0,1,0,69
good bars near me,0,7,0,7.9
good bars to meet people near me,0,1,0,1
good cheap bars near me,0,1,0,13
good cheap margaritas near me,0,1,0,10
good day drinking drinks,0,4,0,61
good drinks near me,0,1,0,55
good fall cocktails,0,1,0,43
good fall drinks,0,3,0,61.7
good group costume ideas,0,1,0,6
good halloween costume,0,1,0,3
good halloween costume ideas,0,1,0,2
good halloween costumes,0,2,0,2.5
good halloween costumes for 12 year olds,0,2,0,2
good places to bar hop near me,0,4,0,5.2
good pub crawl games,0,21,0,1.3
good pub golf challenges,0,2,0,5
good pubs near me,0,2,0,5
good sports bars near me,0,2,0,6.5
goofy onesie for adults,0,1,0,2
google maps two senoritas sarasota,0,1,0,11
google my maps,0,1,0,11
got their crawl,0,1,0,48
goth barge cleveland,0,2,0,47
gotl october bar crawl,0,2,0,12
grab bars sarasota,0,6,0,56.7
grand forks pub crawl,0,11,0,31.2
grand rapids bar crawl,0,22,0,26.9
grand rapids st patty's bar crawl,0,1,0,24
grand rapids st. patrick's day bar crawl,0,15,0,29.4
granville pub crawl,0,1,0,25
grape cocktail,0,1,0,1
grapes cocktail recipe,0,1,0,1
graveyard cocktail recipe,0,1,0,1
greasy fare following a pub crawl,0,4,0,9.8
great bar near me,0,1,0,10
great grizzly bear in soulard,0,1,0,26
great grizzly bear soulard,0,8,0,29.5
great grizzly bear st louis,0,2,0,34
greater portland maine,0,1,0,3
green beer near me st patrick's,0,2,0,10.5
green mile bar,0,6,0,9.8
green mile drink,0,1,0,49
green mile pub,0,1,0,1
green ville usa,0,1,0,98
greensboro bar crawl,0,3,0,37.3
greensburg bar crawl 2026,0,2,0,1
greensburg st patrick's bar crawl 2026,0,1,0,7
greenville,0,2,0,13
greenville bar,0,65,0,22.7
greenville bar crawl dallas,0,2,0,28.5
greenville bars,0,17,0,12.1
greenville bars downtown,0,5,0,32.8
greenville block party,0,10,0,7.1
greenville block party 2026,0,4,0,7.2
greenville clubs,0,18,0,6.2
greenville clubs sc,0,2,0,89.5
greenville county bar,0,1,0,30
greenville downtown bars,0,5,0,16.2
greenville events this weekend,0,1,0,2
greenville halloween bar crawl,0,4,0,3
greenville halloween events,0,17,0,37.1
greenville halloween party,0,4,0,12.2
greenville nc bars,0,1,0,3
greenville nightlife,0,79,0,51.7
greenville nightlife for adults,0,2,0,36
greenville nightlife latest,0,3,0,13
greenville pub,0,1,0,75
"greenville pub, bar, greenville",0,9,0,17.3
greenville pubs,0,2,0,61.5
greenville restaurants,0,1,0,1
greenville sc april events,0,42,0,29.6
greenville sc bar,0,82,0,7.8
greenville sc bars,0,5,0,6.6
greenville sc downtown bars,0,2,0,22
greenville sc halloween events,0,18,0,35.4
greenville sc night life,0,1,0,46
greenville sc nightlife,0,14,0,47.9
greenville sc nightlife latest,0,2,0,14.5
greenville sc pubs,0,1,0,59
greenville sc saint patrick's day,0,6,0,12.7
greenville sc st patrick's day,0,37,0,10.3
greenville sc st patrick's day events,0,14,0,7
greenville sc st patrick's day parade 2026,0,1,0,5
greenville sc st patricks day,0,15,0,6.9
greenville sc tequila bar,0,2,0,7
greenville sc this weekend,0,1,0,2
greenville sc to alpharetta ga,0,3,0,49.3
greenville south carolina bars,0,4,0,38.8
greenville south carolina nightlife,0,34,0,42.0
greenville south carolina things to do,0,1,0,2
greenville st patrick's day,0,2,0,9.5
greenville st patrick's day block party,0,2,0,6
greenville st patricks,0,9,0,9.4
greenville st patricks day festival,0,8,0,6.4
greenville st patricks festival,0,2,0,26.5
greenville st pattys,0,3,0,9.3
greenville st pattys day,0,51,0,7.7
greenville st. patrick's day bar crawl,0,78,0,33.0
greenville st. patrick's day parade & festival,0,1,0,18
greenville taco,0,1,0,19
greenville this weekend,0,1,0,2
greenville ugly sweater bar crawl,0,1,0,5
grenadone,0,2,0,7
grenouillère adulte,0,3,0,2
grey onesie,0,1,0,12
griffin bar crawl,0,2,0,14
grills and bars near me,0,1,0,9
grim reaper costume,0,2,0,2
grinch crawl,0,4,0,69.8
griswold christmas sweater,0,1,0,24
grizzly bear bar,0,1,0,10
grizzly bear soulard,0,5,0,38.2
grocery store bar crawl,0,8,0,11.5
group,0,1,0,2
group onesies,0,13,0,9.7
growlers sarasota,0,3,0,68
grown man in a onesie,0,1,0,2
grown ups movie halloween costumes,0,1,0,5
grub crawl,0,2,0,35.5
gt bar crawl,0,15,0,6.9
guided pub crawl,0,1,0,14
gummy bear halloween costume,0,1,0,5
h2o cocktail,0,2,0,1
ha,0,1,0,2
hackensack pub crawl,0,1,0,20
haddon ave bar crawl,0,3,0,30.3
haddon township st paddy's day bar crawl,0,2,0,29.5
haddonfield bar crawl,0,2,0,30
halfway to halloween events near me,0,1,0,2
halifax bar crawl,0,1,0,4
hall crawl,0,3,0,10.3
halloweekend 2025,0,1,0,1
halloweekend bar crawl,0,20,0,24.1
halloweekend pub crawl,0,11,0,37.7
halloween,0,3,0,3.7
halloween 2026,0,1,0,1
halloween 2026 alpharetta,0,16,0,63.4
halloween 2026 events near me,0,1,0,1
halloween 31 october,0,1,0,12
halloween activities,0,1,0,10
halloween activities atlanta,0,7,0,39.9
halloween activities columbia sc,0,12,0,36.2
halloween after party,0,1,0,10
halloween alcohol,0,1,0,5
halloween alcohol drinks,0,1,0,87
halloween alcoholic drinks recipes,0,1,0,73
halloween asheville,0,69,0,12.1
halloween asheville 2026,0,1,0,1
halloween asheville nc,0,34,0,12.6
halloween at a bar,0,4,0,57.8
halloween at the bar,0,4,0,15.2
halloween atlanta events,0,2,0,32.5
halloween atlanta ga,0,11,0,38.2
halloween attractions greenville sc,0,117,0,81.6
halloween ba,0,5,0,38.8
halloween ball,0,3,0,10
halloween bar atlanta,0,6,0,10.2
halloween bar cleveland,0,37,0,9.2
halloween bar crawl 2025,0,27,0,13.1
halloween bar crawl anchorage,0,2,0,41
halloween bar crawl charleston sc,0,1,0,38
halloween bar crawl charlotte,0,2,0,21.5
halloween bar crawl costume ideas,0,75,0,4.8
halloween bar crawl costumes,0,33,0,7.4
halloween bar crawl dallas,0,13,0,38.7
halloween bar crawl greenville sc,0,4,0,26.2
halloween bar crawl indianapolis,0,20,0,13.2
halloween bar crawl milwaukee,0,1,0,16
halloween bar crawl minneapolis,0,1,0,10
halloween bar crawl nashville,0,7,0,66.9
halloween bar crawl navy yard,0,1,0,22
halloween bar crawl new york,0,3,0,82
halloween bar crawl pittsburgh,0,9,0,39.4
halloween bar crawl raleigh,0,1,0,39
halloween bar crawl royal oak,0,2,0,3
halloween bar crawl sacramento,0,1,0,2
halloween bar crawl st pete,0,2,0,8
halloween bar crawl tickets,0,17,0,25.8
halloween bar crawl wrigleyville,0,1,0,5
halloween bar crawls boston,0,5,0,79.8
halloween bar crawls near me,0,32,0,14.5
halloween bar drinks,0,6,0,21.2
halloween bar events,0,52,0,16.6
halloween bar events near me,0,1,0,28
halloween bar near me,0,8,0,6.5
halloween bar parties near me,0,2,0,16
halloween bar party,0,45,0,16.3
halloween bar portland,0,16,0,10.8
halloween bar portland maine,0,14,0,8.6
halloween bara,0,2,0,3
halloween bars,0,7,0,6.1
halloween bars atlanta,0,11,0,9.9
halloween bars cleveland,0,11,0,23.5
halloween bars near me,0,3,0,4.7
halloween bars portland,0,12,0,16.2
halloween bartender costume,0,1,0,15
halloween bartender drinks,0,61,0,18
halloween bash,0,5,0,6.4
halloween batch cocktails,0,10,0,5.1
halloween beltline,0,1,0,1
halloween beverage,0,1,0,67
halloween beverage ideas,0,1,0,50
halloween beverage inventory,0,2,0,18
halloween beverage recipes,0,1,0,56
halloween beverages recipes,0,2,0,34
halloween birmingham,0,16,0,15.4
halloween birmingham events,0,8,0,35.9
halloween boos,0,1,0,1
halloween booze,0,1,0,48
halloween br,0,2,0,26.5
halloween cincinnati,0,5,0,11.2
halloween classic costumes,0,1,0,3
halloween cleveland,0,6,0,11.7
halloween club,0,1,0,9
halloween club events,0,1,0,2
halloween clubs near me,0,1,0,1
halloween cocktail drinks,0,3,0,3
halloween cocktail event,0,27,0,14
halloween cocktail ideas,0,1,0,30
halloween cocktail name,0,8,0,1
halloween cocktail names,0,1,0,1
halloween cocktail party,0,10,0,1
halloween cocktail party ideas,0,32,0,37.2
halloween cocktail recipes,0,8,0,31.9
halloween cocktail recipes easy,0,5,0,20.4
halloween cocktails,0,13,0,33.3
halloween cocktails - easy,0,2,0,25
halloween cocktails drinks,0,1,0,47
halloween cocktails easy for adults,0,4,0,57
halloween cocktails for a crowd,0,9,0,1.8
halloween cocktails for adults,0,1,0,4
halloween cocktails for parties,0,1,0,49
halloween cocktails ideas,0,1,0,13
halloween cocktails uk,0,1,0,3
halloween cocktails vodka,0,1,0,74
halloween columbia,0,26,0,20.9
halloween costume,0,3,0,5.7
halloween costume bar,0,40,0,11.8
halloween costume club,0,30,0,9.1
halloween costume contest near me,0,1,0,9
halloween costume ideas,0,20,0,3.8
halloween costume ideas for 5 people,0,1,0,3
halloween costume ideas for bartenders,0,13,0,29.3
halloween costume ideas for kids,0,1,0,6
halloween costume ideas for kids boys,0,1,0,8
halloween costume ideas for large men,0,1,0,4
halloween costume ideas for women,0,1,0,6
halloween costume ideas last minute,0,1,0,4
halloween costume list,0,1,0,2
halloween costume names,0,1,0,4
halloween costume parties,0,1,0,1
halloween costumes,0,15,0,5.7
halloween costumes adults,0,3,0,5.3
halloween costumes for 13 year old boy,0,1,0,2
halloween costumes for 4 friends,0,1,0,3
halloween costumes for 5 people,0,1,0,3
halloween costumes for adults,0,1,0,5
halloween costumes for bar,0,15,0,7.1
halloween costumes for bar crawl,0,11,0,11
halloween costumes for bars,0,38,0,5.5
halloween costumes for clubbing,0,3,0,11.7
halloween costumes for kids,0,1,0,8
halloween costumes for kids ideas,0,1,0,5
halloween costumes group of 5,0,1,0,2
halloween costumes ideas,0,6,0,4
halloween costumes ideas for couples,0,1,0,7
halloween costumes kids,0,1,0,8
halloween costumes store near me,0,1,0,3
halloween costumes that start with e,0,1,0,2
halloween costumes that start with n,0,1,0,2
halloween crawl,0,289,0,13.0
halloween crawl 2025,0,1,0,30
halloween custome,0,1,0,5
halloween customes,0,1,0,6
halloween dinner,0,1,0,1
halloween dinner ideas,0,1,0,1
halloween downtown sarasota,0,2,0,13.5
halloween drink,0,1,0,77
halloween drink cocktails,0,1,0,51
halloween drink costumes,0,1,0,18
halloween drink ideas,0,2,0,29
halloween drink mixes,0,29,0,4.6
halloween drink recipes,0,2,0,77.5
halloween drink recipes alcoholic,0,2,0,67
halloween drink shot,0,1,0,100
halloween drinking,0,1,0,5
halloween drinks,0,7,0,29.7
halloween drinks bar,0,3,0,5.7
halloween drinks easy,0,12,0,23.2
halloween drinks for adults,0,1,0,92
halloween drinks for bar,0,13,0,5.5
halloween drinks for bars,0,46,0,3.6
halloween drinks for party,0,2,0,3
halloween drinks party,0,2,0,47.5
halloween drinks to make,0,1,0,11
halloween easy cocktails,0,3,0,15
halloween event 2026,0,1,0,1
halloween event alpharetta,0,16,0,59.2
halloween event birmingham,0,3,0,30
halloween event cromwell castle,0,4,0,55.8
halloween event for adults,0,1,0,1
halloween event georgia,0,1,0,89
halloween events,0,3,0,1
halloween events 2026,0,6,0,1.8
halloween events 2026 near me,0,1,0,1
halloween events alpharetta,0,13,0,43.5
halloween events asheville,0,7,0,33
halloween events asheville nc,0,15,0,20
halloween events atlanta 2025,0,2,0,34
halloween events atlanta ga,0,7,0,31.3
halloween events bars,0,1,0,75
halloween events birmingham,0,4,0,37
halloween events birmingham al,0,28,0,21.1
halloween events chattanooga,0,1,0,76
halloween events cincinnati,0,2,0,22
halloween events cincinnati for adults,0,2,0,50
halloween events cleveland,0,2,0,76
halloween events cleveland 2026,0,34,0,5.1
halloween events columbia sc,0,119,0,28.3
halloween events for adults,0,1,0,1
halloween events fort worth,0,12,0,34.2
halloween events fort worth texas,0,5,0,42.2
halloween events fort worth tx,0,7,0,40.7
halloween events gainesville fl,0,3,0,19.3
halloween events greenville sc,0,53,0,27.3
halloween events in asheville nc,0,57,0,22.7
halloween events in atlanta,0,13,0,28.9
halloween events in birmingham al,0,19,0,24.7
halloween events in cincinnati ohio,0,2,0,35.5
halloween events in columbia sc,0,22,0,28.7
halloween events in fort worth,0,14,0,40.1
halloween events in greenville,0,12,0,35.5
halloween events in greenville sc,0,24,0,42.4
halloween events in knoxville tn,0,4,0,39.5
halloween events in portland maine,0,4,0,8.5
halloween events in sarasota,0,18,0,27.3
halloween events knoxville,0,10,0,41.4
halloween events knoxville tn,0,37,0,34.8
halloween events macon ga,0,9,0,8.8
halloween events near me,0,3,0,3.7
halloween events near me for adults,0,1,0,3
halloween events portland maine,0,29,0,12.5
halloween events sarasota,0,29,0,24.4
halloween events sarasota 2022,0,4,0,26.8
halloween events sarasota fl,0,1,0,40
halloween events st pete,0,1,0,97
halloween events st petersburg fl,0,1,0,96
halloween events west palm beach,0,1,0,1
halloween festivals near me,0,1,0,1
halloween food,0,1,0,4
halloween food names,0,1,0,2
halloween fort worth,0,9,0,30.3
halloween ga,0,1,0,93
halloween gainesville,0,1,0,18
halloween gala,0,2,0,9.5
halloween greenville,0,3,0,23.7
halloween happy hour ideas,0,2,0,35.5
halloween hoboken bar crawl,0,14,0,23.6
halloween ideas for a bar,0,3,0,1
halloween ideas for bars,0,6,0,10.7
halloween ideas for food,0,1,0,6
halloween ideas for men,0,3,0,5.3
halloween ideas for party,0,1,0,1
halloween ideas for pubs,0,9,0,23.1
halloween in asheville,0,8,0,11
halloween in asheville nc,0,62,0,11.3
halloween in atlanta,0,22,0,21.3
halloween in atlanta 2026,0,5,0,4.8
halloween in atlanta ga,0,2,0,41.5
halloween in atlanta georgia,0,1,0,52
halloween in austin,0,1,0,1
halloween in birmingham,0,3,0,12.7
halloween in cincinnati,0,2,0,15.5
halloween in cleveland,0,18,0,30.9
halloween in columbia,0,115,0,11
halloween in columbia sc,0,1,0,15
halloween in greenville sc,0,35,0,24.9
halloween in knoxville,0,4,0,20
halloween in knoxville tn,0,2,0,36
halloween in portland maine,0,30,0,12.7
halloween in sarasota,0,1,0,11
halloween in the hangars brew fest,0,1,0,45
halloween in the highlands,0,8,0,57.6
halloween inspired cocktails,0,15,0,3.6
halloween kids party ideas,0,1,0,1
halloween knoxville,0,24,0,22.2
halloween knoxville tn,0,12,0,21.8
halloween macon,0,2,0,10.5
halloween martini cocktail,0,2,0,90.5
halloween martini drink recipes,0,1,0,71
halloween martini drinks,0,1,0,68
halloween milkshake,0,1,0,5
halloween mix drinks,0,8,0,1
halloween mixer,0,1,0,11
halloween night,0,1,0,2
halloween nightclub party,0,1,0,70
halloween onesies,0,1,0,50
halloween outfit ideas,0,1,0,1
halloween outfits,0,3,0,5.7
halloween parties,0,17,0,7.9
halloween parties 2026 near me,0,3,0,6
halloween parties atlanta,0,53,0,16.4
halloween parties atlanta 2026,0,9,0,7.3
halloween parties birmingham,0,7,0,11.9
halloween parties cincinnati,0,27,0,9.3
halloween parties cleveland,0,15,0,30.1
halloween parties for adults near me,0,1,0,8
halloween parties in atlanta,0,28,0,22
halloween parties in birmingham,0,3,0,9.7
halloween parties in cleveland,0,4,0,37.8
halloween parties knoxville tn,0,1,0,13
halloween parties near me,0,3,0,8
halloween parties near me 2026,0,2,0,6
halloween party,0,29,0,8.1
halloween party 2026 near me,0,2,0,5.5
halloween party atlanta,0,35,0,12.8
halloween party atlanta ga,0,11,0,11.5
halloween party bar,0,2,0,1
halloween party birmingham,0,11,0,8.5
halloween party birmingham al,0,1,0,5
halloween party bus,0,1,0,51
halloween party cincinnati,0,39,0,12.9
halloween party cleveland,0,9,0,29.1
halloween party cocktails,0,48,0,1.8
halloween party columbia sc,0,1,0,10
halloween party downtown,0,1,0,1
halloween party dress up ideas,0,1,0,5
halloween party drink ideas,0,9,0,9.9
halloween party drinks,0,32,0,1.3
halloween party ere,0,1,0,1
halloween party events 2026,0,1,0,6
halloween party food,0,2,0,1.5
halloween party greenville sc,0,10,0,10.7
halloween party ideas,0,52,0,1
halloween party ideas for kids,0,1,0,1
halloween party in atlanta,0,25,0,15.4
halloween party in birmingham,0,4,0,9.5
halloween party in cleveland ohio,0,2,0,44.5
halloween party in portland,0,1,0,79
halloween party near me,0,2,0,9.5
halloween party near me 2026,0,1,0,11
halloween party recipes,0,1,0,4
halloween party snacks,0,1,0,1
"halloween party, cincinnati, ohio, united states",0,1,0,11
"halloween party, fort worth, texas, united states",0,5,0,10.4
halloween partys,0,2,0,5.5
halloween pool party ideas,0,1,0,1
halloween pop up,0,1,0,2
halloween pop up bar 2026,0,1,0,1
halloween pop up bar atlanta,0,1,0,60
halloween pop up bar cleveland,0,7,0,48
halloween pop up bar near me,0,1,0,3
halloween pop up bars atlanta,0,1,0,38
halloween pop up bars near me,0,3,0,6
halloween pop up near me,0,1,0,8
halloween portland maine,0,148,0,13.9
halloween pub,0,2,0,1.5
halloween pub crawl 2025,0,13,0,15
halloween pub crawl dallas,0,1,0,39
halloween pub crawl near me,0,5,0,3.6
halloween pub crawl springfield mo,0,19,0,24.6
halloween pub crawls,0,18,0,6.8
halloween pub ideas,0,1,0,22
halloween pub party,0,1,0,43
halloween pubs,0,2,0,9
halloween rave atlanta,0,5,0,39.6
halloween rave near me,0,4,0,5.8
halloween recipe,0,1,0,1
halloween restaurant atlanta,0,1,0,39
halloween run,0,1,0,4
halloween run 2026,0,1,0,3
halloween sarasota,0,19,0,11.7
halloween shot ideas,0,1,0,2
halloween spirit cocktails,0,6,0,2
halloween st pete,0,1,0,1
halloween stores in greenville,0,3,0,61.3
halloween taco bar,0,1,0,59
halloween tampa,0,1,0,6
halloween theme,0,1,0,4
halloween theme bar,0,1,0,10
halloween theme cocktails,0,1,0,3
halloween themed bar,0,1,0,8
halloween themed bars,0,3,0,11
halloween themed bars near me,0,1,0,14
halloween themed cocktails,0,120,0,3.6
halloween themed events,0,1,0,9
halloween themed food,0,2,0,1
halloween themed restaurant atlanta,0,1,0,51
halloween things to do in atlanta,0,1,0,95
halloween tickets,0,1,0,4
halloween treats to make,0,1,0,1
halloween trunk or treat columbia sc,0,6,0,55.2
halloween usa,0,7,0,63.7
halloween usa costumes,0,56,0,11.7
halloween websites,0,1,0,12
halloween weekend,0,1,0,11
halloween weekend atlanta,0,7,0,56.3
halloween weekend in atlanta,0,8,0,58.5
hallowen bar,0,1,0,4
haloween bar crawl,0,13,0,31.1
haloween usa,0,1,0,58
hamburg bar crawl,0,3,0,27
hamburg st patrick's day bar crawl,0,1,0,11
happening bar near me,0,1,0,11
happy hour near me,0,1,0,1
harken bars near me,0,1,0,5
harlem bar crawl,0,1,0,73
harrisburg bar crawl,0,12,0,37.1
harry cocktail,0,2,0,91
harry pitter bar,0,1,0,13
harry potter alcohol drinks,0,3,0,42
harry potter alcoholic beverages,0,1,0,63
harry potter alcoholic butterbeer,0,1,0,80
harry potter alcoholic drinks,0,4,0,65
harry potter and butterbeer,0,1,0,47
harry potter austin bar latest,0,5,0,18.8
harry potter bar,0,42,0,5.3
harry potter bar alpharetta,0,1,0,22
harry potter bar atlanta,0,1,0,11
harry potter bar austin,0,6,0,7.3
harry potter bar chattanooga,0,2,0,21.5
harry potter bar cincinnati,0,5,0,14.2
harry potter bar cleveland ohio,0,134,0,7.5
harry potter bar in cleveland,0,25,0,7.5
harry potter bar in cleveland ohio,0,63,0,7.8
harry potter bar near me,0,5,0,9.2
harry potter bar portland,0,22,0,9.9
harry potter bars,0,1,0,6
harry potter beverage,0,2,0,87.5
harry potter birthday party food ideas,0,1,0,1
harry potter booze,0,4,0,49.2
harry potter bus bar portland,0,1,0,27
harry potter butter bear,0,1,0,43
harry potter butterbeer,0,31,0,48.5
harry potter butterscotch,0,1,0,61
harry potter butterscotch beer,0,5,0,42.2
harry potter cocktail,0,17,0,28
harry potter cocktail bar,0,1,0,1
harry potter cocktail shaker,0,3,0,28
harry potter cocktails,0,42,0,22.1
harry potter cocktails easy,0,1,0,2
harry potter cocktails recipes,0,2,0,42.5
harry potter cookie bar,0,1,0,65
harry potter desert,0,2,0,7
harry potter deserts,0,1,0,19
harry potter dessert,0,5,0,21.8
harry potter dessert ideas,0,3,0,14.3
harry potter desserts,0,9,0,25.9
harry potter desserts recipes,0,1,0,77
harry potter drink,0,18,0,59.9
harry potter drink butterbeer,0,1,0,58
harry potter drink ideas,0,1,0,47
harry potter drink names,0,3,0,35
harry potter drink recipes,0,2,0,42
harry potter drinks,0,31,0,47.1
harry potter drinks alcoholic,0,1,0,52
harry potter drinks recipes,0,1,0,36
harry potter inspired cocktails,0,2,0,38
harry potter inspired desserts,0,2,0,21
harry potter inspired drinks,0,1,0,36
harry potter mixed drinks,0,1,0,17
harry potter mocktails,0,1,0,62
harry potter nachtisch,0,1,0,41
harry potter party drinks,0,1,0,40
harry potter pineapple dancing,0,1,0,46
harry potter pop up austin,0,1,0,44
harry potter pop up bar,0,25,0,4.4
harry potter pop up bar near me,0,1,0,8
harry potter pop-up bar,0,1,0,9
harry potter portland,0,3,0,58.7
harry potter pub,0,1,0,9
harry potter themed bar,0,2,0,6.5
harry potter themed cocktail,0,6,0,1
harry potter themed cocktails,0,8,0,36
harry potter themed drink,0,1,0,34
harry potter themed drinks,0,5,0,41
harry potter themed snacks,0,1,0,16
harry potter treat,0,3,0,16.3
harry potter trivia cincinnati,0,11,0,1
harry potter trivia near me,0,3,0,4
harry potter var,0,2,0,5
hartford bar crawl,0,28,0,35.1
hartford pub crawl,0,133,0,33.5
hartford st. patrick's day bar crawl,0,14,0,28
haul and crawl,0,1,0,1
haunted bar,0,1,0,6
haunted fest st pete,0,1,0,69
haunted house gainesville ga,0,4,0,78.2
haunted house roswell,0,7,0,75
haunted houses in gainesville georgia,0,61,0,54.3
haunted knoxville tn,0,1,0,93
haunted pub crawl,0,1,0,1
haunted pub crawl asheville nc,0,23,0,36.6
haunted pub crawl near me,0,1,0,1
haunted tavern knoxville,0,1,0,20
hb pub crawl,0,1,0,19
healthy chocolate covered pretzels recipe,0,1,0,1
heidelberg pub crawl,0,1,0,66
hello kitty adult onesie,0,1,0,8
helsinki pub crawl,0,1,0,7
hemp drinks duluth ga,0,1,0,36
hemp drinks macon,0,1,0,58
henley st pete,0,2,0,12.5
here for the boos shirt,0,1,0,57
herndon bar crawl,0,9,0,2.9
hertel bar crawl,0,8,0,33.5
hideous sweater,0,2,0,42.5
hidromiel harry potter,0,1,0,19
high end halloween costumes for adults,0,1,0,9
high energy,0,2,0,10.5
high quality onesies for adults,0,1,0,10
highland restaurant crawl,0,2,0,30.5
hoboken bar crawl,0,2,0,4.5
hoboken bar crawl halloween,0,1,0,8
hoboken halloween bar crawl,0,6,0,27.7
hoboken st paddys day,0,1,0,1
hoboken st patrick's bar crawl,0,7,0,30.1
hoboken st patrick's day bar crawl,0,1,0,27
hoboken st. patrick's day bar crawl,0,22,0,42.8
hogs and heifers saloon photos,0,1,0,3
hogwarts butterbeer,0,2,0,55.5
hogwarts pub,0,1,0,10
holiday bar,0,67,0,7.5
holiday bar atl,0,1,0,9
holiday bar atlanta,0,49,0,11.9
holiday bat,0,2,0,10
holiday crawl,0,1,0,1
holiday events in alpharetta,0,1,0,37
holiday party atlanta,0,1,0,28
holiday party bus,0,1,0,19
holiday party venue cleveland,0,2,0,79
holiday pub crawl,0,11,0,18.7
holiday pub party,0,73,0,12.3
holidaybar,0,1,0,9
holidays bar,0,1,0,17
holidays to bar,0,15,0,23.7
holliday bar,0,1,0,8
holliday bar atlanta,0,4,0,14
holloween party ideas,0,1,0,1
holloween theme,0,1,0,9
hollywood bar crawl,0,57,0,49.7
hollywood club crawl,0,18,0,55.4
hollywood crawl,0,4,0,54
hollywood pub crawl,0,36,0,49.2
hollywood st. patrick's day bar crawl,0,27,0,42.4
home alone ugly sweater,0,2,0,22
hong kong pub crawl,0,1,0,8
honky tonk bar crawl,0,2,0,13.5
honolulu bar crawl,0,25,0,41.3
honolulu pub crawl,0,1,0,62
honolulu st. patrick's day bar crawl,0,16,0,29.9
hood bar near me,0,1,0,9
hood bars near me,0,1,0,13
hooded onesie clothing,0,1,0,9
hook up st louis,0,1,0,3
hooley crawl,0,2,0,4
hooley pub crawl 2026,0,1,0,13
hooley pub crawl cumberland,0,1,0,8
hooley pub crawl cumberland md,0,1,0,11
hooples bar cleveland,0,2,0,32
hooples cleveland,0,1,0,39
hoops bar and lounge macon latest,0,1,0,15
hoops bar and lounge macon photos,0,1,0,11
hoops macon ga,0,1,0,25
hop in chattanooga,0,5,0,9.8
hopping bar,0,25,0,2.9
hopping bares,0,1,0,11
hopping bars,0,2,0,1
hopping bars near me,0,1,0,12
hopping near me,0,25,0,9.5
horror halloween costumes,0,1,0,4
horror movie themed cocktails,0,1,0,2
horror themed bars near me,0,1,0,9
horroween bar crawl,0,47,0,20.3
hostel pub crawl,0,1,0,1
hot alcoholic drinks for fall,0,9,0,84.9
hot alcoholic fall drinks,0,1,0,79
hot bar near me,0,1,0,4
hot bars near me,0,1,0,7
hot candy music in roswell georgia,0,2,0,16
hot cocktails for fall,0,12,0,68.8
hot dog bar crawl athens,0,2,0,24
hot dog bar crawl cincinnati,0,2,0,9.5
hot dog bar crawl columbia,0,3,0,14.3
hot dog bar crawl columbia mo,0,4,0,18
hot dog bar crawl columbia sc,0,7,0,9.6
hot dog bar crawl ecu,0,2,0,20
hot dog bar crawl knoxville,0,3,0,14.7
hot dog bar crawl latest latest,0,1,0,19
hot dog bar crawl near me,0,34,0,13.3
hot dog crawl,0,7,0,34.6
hot dog hop,0,1,0,32
hot dog hop bar crawl,0,3,0,11
hot fall alcoholic drinks,0,6,0,73.7
hot fall cocktail,0,3,0,57
hot fall cocktails,0,20,0,70.5
hotdog bar crawl,0,19,0,19.2
hotdog barcrawl,0,2,0,1
hotdog crawl,0,4,0,18.2
hotdog hop bar crawl,0,1,0,7
hotdog pub crawl,0,1,0,10
hotdogbar crawl,0,1,0,20
hotdogbarcrawl,0,2,0,9
hotel bar events near the interlock,0,1,0,23
house bar near me,0,1,0,7
house crawl,0,5,0,62.4
house crawl party,0,74,0,1
house crawl themes,0,46,0,5.2
house of tequila,0,1,0,7
house taco columbus ohio events,0,18,0,16.6
houston bar crawl,0,1,0,45
houston heights st. patrick's day bar crawl,0,8,0,32
houston midtown pub crawl,0,1,0,39
houston midtown st. patrick's day bar crawl,0,6,0,29.2
houston st. patrick's day bar crawl,0,14,0,40.7
houston washington avenue bar crawl,0,17,0,44
houston washington avenue pub crawl,0,8,0,31.1
houston washington avenue st. patrick's day bar crawl,0,16,0,41.2
how about late night,0,1,0,4
how can i incorporate bacardi into a themed bar crawl?,0,6,0,7.8
how can i incorporate bacardi into halloween-themed drinks or decorations to impress my guests?,0,3,0,71.3
how can i incorporate bacardi into my bar crawl experience for a unique and enjoyable night out?,0,2,0,25.5
how can someone find official information about bacardi-sponsored bar crawl events they may be eligible to attend?,0,24,0,6.7
how can someone find out whether bacardi sponsors bar crawls in their city?,0,6,0,7.7
how do pub crawls work,0,90,0,6.4
how does a pub crawl work,0,127,0,4.8
how does bar crawl work,0,42,0,20.3
how does bar hopping work,0,26,0,6.4
how does nbar work,0,2,0,76
how does pub crawl work,0,1,0,1
how long do bar crawls last,0,13,0,10.6
how long does a pub crawl last,0,3,0,20.7
how long is a bar crawl,0,3,0,4
how many bar tacos are there,0,1,0,14
how many bars are in the united states,0,2,0,22.5
how many bars are in the us,0,1,0,42
how many bars are there in the united states,0,1,0,18
how many bars in a bar crawl,0,11,0,14.4
how many bars in the us,0,1,0,43
how many bars in usa,0,2,0,40
how much are the tickets,0,1,0,2
how much is it,0,1,0,1
how to bar crawl,0,20,0,9.8
how to bar hop,0,6,0,15.7
how to day drink,0,2,0,59.5
how to do a bar crawl,0,24,0,7.8
how to do a table top bear crawl,0,6,0,59.3
how to drink all day,0,6,0,81.8
how to drink blood,0,1,0,1
how to get taco avatar in epic,0,2,0,5
how to get the taco avatar in epic,0,4,0,9
how to go to a bar,0,1,0,45
how to make a strawberry margarita,0,2,0,1
how to make an ugly sweater,0,1,0,60
how to make butterbeer alcoholic,0,1,0,1
how to make cookies with hot chocolate mix,0,1,0,1
how to make frozen margaritas,0,1,0,1
how to organize a bar crawl,0,24,0,33.8
how to plan a bar crawl,0,10,0,45.8
how to play bingo bar,0,2,0,12.5
hp drink oppskrift,0,1,0,1
https://www.google.com/search?sca_esv=6632e39a9fd71d54 crawl list near me,0,10,0,5.9
huntington bar crawl,0,10,0,46.5
huntington beach bar crawl,0,15,0,40.3
huntington beach pub crawl,0,6,0,50.7
huntington pub crawl,0,134,0,33.5
"i am a mexican-american adult in my twenties or early thirties who buys tequila for house parties, nights out, and casual celebrations. i rely on friends, family, creators, and bartender recommendations when deciding what to try next. does cazadores source their ingredients from specific regions in mexico known for their tequila production?",0,1,0,83
"i am a mexican-american adult in my twenties or early thirties who buys tequila for house parties, nights out, and casual celebrations. i rely on friends, family, creators, and bartender recommendations when deciding what to try next. how can i incorporate cazadores reposado tequila into a festive celebration menu?",0,1,0,91
i crawl,0,1,0,30
i don't see,0,1,0,5
i hate cowboys bar cleveland,0,1,0,46
i hate cowboys cleveland,0,3,0,58
"i want to have a spontaneous bar crawl tomorrow in milwaukee. it will include rolling a dice to decide where we go next. give me some fun, unique, and wild ideas to make this the best day ever",0,1,0,5
"i'm 21 to 24 and fairly new to spirits. i don't know many brands yet, so i go by what friends recommend and what i see online. i care about staying in control, and i'd rather have one good drink than several cheap ones. how can someone find official information about bacardi-sponsored bar crawl events they may be eligible to attend?",0,1,0,12
"i'm 21 to 24 and fairly new to spirits. i don't know many brands yet, so i go by what friends recommend and what i see online. i care about staying in control, and i'd rather have one good drink than several cheap ones. how can someone find out whether bacardi sponsors bar crawls in their city?",0,1,0,1
"i'm 25 to 34. i know roughly what i like but i'm still open to trying new brands, and i pay attention to price and what's popular when i decide. how can i incorporate bacardi into halloween-themed drinks or decorations to impress my guests?",0,1,0,89
"i'm 25 to 34. i know roughly what i like but i'm still open to trying new brands, and i pay attention to price and what's popular when i decide. how can someone find official information about bacardi-sponsored bar crawl events they may be eligible to attend?",0,2,0,13
"i'm 25 to 34. i know roughly what i like but i'm still open to trying new brands, and i pay attention to price and what's popular when i decide. how can someone find out whether bacardi sponsors bar crawls in their city?",0,1,0,1
"i'm 25 to 34. i know roughly what i like but i'm still open to trying new brands, and i pay attention to price and what's popular when i decide. what bacardi cocktails are most popular during a bar crawl, and how can someone find venues that serve them?",0,1,0,3
"i'm 35 to 54. i've been drinking spirits for a while and have a few brands i reach for, but i'll still try something different when it seems worth it. does bacardi offer any special halloween-themed drink recipes?",0,4,0,83.8
"i'm 35 to 54. i've been drinking spirits for a while and have a few brands i reach for, but i'll still try something different when it seems worth it. how can i incorporate bacardi into halloween-themed drinks or decorations to impress my guests?",0,2,0,52.5
"i'm 35 to 54. i've been drinking spirits for a while and have a few brands i reach for, but i'll still try something different when it seems worth it. how can someone find official information about bacardi-sponsored bar crawl events they may be eligible to attend?",0,5,0,46.2
"i'm 35 to 54. i've been drinking spirits for a while and have a few brands i reach for, but i'll still try something different when it seems worth it. how can someone find out whether bacardi sponsors bar crawls in their city?",0,10,0,3.4
"i'm 55 or older. i've been drinking spirits for decades and know what i like, so i mostly stick to my usual brands and rarely experiment. does bacardi offer any special halloween-themed drink recipes?",0,1,0,98
"i'm 55 or older. i've been drinking spirits for decades and know what i like, so i mostly stick to my usual brands and rarely experiment. how can someone find official information about bacardi-sponsored bar crawl events they may be eligible to attend?",0,1,0,7
"i'm 55 or older. i've been drinking spirits for decades and know what i like, so i mostly stick to my usual brands and rarely experiment. how can someone find out whether bacardi sponsors bar crawls in their city?",0,2,0,1
"i'm hosting a teen halloween party, what soda should i serve?",0,1,0,1
i500 pub crawl,0,2,0,24
ice bar macon ga,0,1,0,28
iconic couples costumes,0,1,0,4
id crawl,0,1,0,92
ideas for a halloween party,0,1,0,1
ideas for halloween party,0,2,0,1
ideas for halloween party food,0,1,0,2
immagini di hallowen,0,1,0,62
in basketball,0,1,0,6
in maine,0,1,0,3
in roswell,0,1,0,3
in stl,0,1,0,12
inappropriate onesies for adults,0,1,0,53
indian costume female,0,1,0,7
indian halloween costume ideas,0,1,0,6
indiana,0,1,0,6
indianapolis,0,1,0,6
indianapolis bar,0,39,0,18.1
indianapolis bar scene,0,1,0,10
indianapolis bars,0,1,0,30
indianapolis crawlerlist,0,1,0,4
indianapolis dating scene,0,1,0,2
indianapolis downtown bars,0,1,0,29
indianapolis halloween bar crawl,0,15,0,12.9
indianapolis hookup,0,1,0,3
indianapolis list crawlers,0,8,0,9.2
indianapolis party bus,0,2,0,91.5
indianapolis singles events,0,1,0,5
indianapolis st patrick's day bar crawl,0,2,0,40.5
indianapolis st. patrick's day bar crawl,0,39,0,21.4
indianapolis tequila festival,0,4,0,10.2
indoor bar crawl,0,15,0,4.1
indoor bar near me,0,1,0,10
indoor outdoor bar near me,0,1,0,8
industrial bars near me,0,1,0,9
indy bar,0,1,0,36
indy pub crawl,0,232,0,5.2
indy taco fest,0,1,0,13
indy tequila fest,0,22,0,7.6
indy tequila fest indianapolis,0,1,0,16
indy tequila festival,0,34,0,10.3
inexpensive bars near me,0,1,0,15
information on tickets,0,1,0,4
inspo outfits,0,1,0,12
intergalactic bar mans pub crawl,0,30,0,46.9
internet providers canton ga,0,1,0,11
internet providers in roswell ga,0,1,0,69
interracial halloween costumes,0,1,0,5
io arcade bar,0,1,0,9
iowa bar crawl,0,7,0,39
iowa city bar crawl,0,6,0,59.8
iowa city bar crawl 2025,0,3,0,21
iowa city bar crawl today,0,2,0,4.5
iowa city pub crawl,0,1,0,4
iowa city st patty's bar crawl,0,4,0,23.2
iowa city st pattys bar crawl,0,3,0,22.3
iowa city st. patrick's day bar crawl,0,11,0,36.1
iowa leprechaun bar crawl,0,1,0,1
ipps alpharetta,0,1,0,21
ipps roswell,0,1,0,51
ipps-a,0,1,0,30
ireland pub crawl,0,1,0,3
irish bands sarasota,0,31,0,36.4
irish bar crawl,0,52,0,28.9
irish bar sarasota,0,1,0,10
irish bars in sarasota fl,0,4,0,24.5
irish coffee,0,1,0,1
irish drinking team,0,1,0,7
irish festival greenville sc,0,2,0,11
irish music on st patrick's day near me,0,1,0,15
irish pub alpharetta,0,1,0,49
irish pub crawl,0,22,0,49.8
irish pub near me,0,1,0,62
irish you were here bar crawl,0,3,0,19
is bar hopping illegal,0,1,0,1
is birmingham ugly,0,2,0,18.5
is booshot gay,0,1,0,11
is crawl with us legit,0,9,0,4.8
is it free,0,1,0,2
is it ok to wear a onesie in public,0,12,0,2.5
is it weird?,0,1,0,1
is it which adult onesie styles are most popular for women and men right now?,0,14,0,8.7
is the st. patrick s day tipsy tea 21+,0,8,0,16.8
is there a bar crawl today,0,11,0,4.7
is there nightlife?,0,1,0,11
isabar,0,2,0,2
isu bar crawl,0,17,0,25.4
isu bar crawl latest,0,2,0,29.5
itap soulard,0,9,0,37.3
itap st louis soulard,0,2,0,33.5
its bar,0,1,0,1
iu bar crawl,0,1,0,36
ivy-cliffland.com/,0,1,0,17
ja,0,1,0,4
jack frost bar crawl,0,3,0,16.7
jack frost pub crawl,0,20,0,11.8
jacksonville bar crawl,0,46,0,35.4
jacksonville pub crawl,0,31,0,40.6
jacksonville st. patrick's day bar crawl,0,64,0,44.6
jacksonville taco and tequila festival,0,2,0,58.5
janesville pub crawl,0,1,0,36
january drink specials,0,1,0,61
jax onesie,0,1,0,6
jersey city st. patrick's day bar crawl,0,7,0,32.4
jesus halloween costume,0,1,0,4
jewellery quarter pub crawl,0,2,0,43.5
jock lindsey's hangar bar halloween,0,1,0,50
johnny manziel halloween costume,0,1,0,2
july 4 bar crawl,0,2,0,6
july 4 events near me,0,1,0,2
july 4th bar crawl,0,19,0,19.3
july 4th pub crawl,0,1,0,7
july fourth events near me,0,1,0,1
juneteenth bar crawl,0,5,0,18.2
junk punch fort worth,0,3,0,21.7
"junk punch, bar, fort worth",0,4,0,21.2
just $2 gainesville ga,0,1,0,8
just bingo,0,1,0,1
k things,0,1,0,3
kahlua cocktails,0,1,0,1
kahlua mixed drinks,0,1,0,1
kalamazoo bar crawl,0,10,0,39.4
kalamazoo st. patrick's day bar crawl,0,16,0,22.1
kamikaze blue shot,0,1,0,83
kamm's corner bars,0,1,0,20
kamms corner bars,0,10,0,24.5
kamms corner st patrick's day,0,4,0,4.5
kansas city bar crawl,0,16,0,46.1
kansas city pub crawl,0,7,0,50.1
kansas city pub crawls,0,11,0,58.1
kansas city st. patrick's day bar crawl,0,17,0,40.7
karaoke asheville tonight,0,1,0,1
karaoke bus atlanta,0,1,0,25
karaoke djs sarasota,0,29,0,61.9
karaoke in gainesville,0,1,0,86
karaoke near me,0,1,0,6
karaoke tonight near me,0,1,0,1
karaoke tuesday near me,0,1,0,1
karenbruckert_serverpatchtesting_06.07.2026 nightclub,0,3,0,2.3
karenbruckert_serverpatchtesting_06.07.2026 nightclubs,0,33,0,5.4
kc bar crawl,0,1,0,56
keg crawl,0,1,0,1
kenmore pub crawl,0,4,0,48
kennesaw pub crawl,0,7,0,10.4
kentlands bar crawl,0,2,0,31
kermis venray 2026 kroegentocht,0,1,0,5
key west bar crawl,0,1,0,1
key west bar crawl map,0,1,0,65
key west onesie bar crawl,0,6,0,16.3
key west onesie bar crawl 2026 tickets,0,4,0,3.2
key west onesie pub crawl,0,2,0,1
kilpatrick's public house,0,3,0,56
king street bar crawl,0,1,0,6
king street crawl,0,1,0,42
kiss marry kill costume,0,1,0,2
kittanning bar crawl,0,1,0,19
klondike bars near me,0,1,0,6
kneipen hopping,0,7,0,1
kneipentour münster,0,1,0,5
kneipentour stuttgart,0,1,0,7
kneipentour würzburg,0,1,0,8
knoxville bar,0,3,0,43.7
knoxville bar scene,0,1,0,12
knoxville bars for sale,0,1,0,41
knoxville boo at the zoo,0,3,0,83.7
knoxville downtown bars,0,1,0,13
knoxville halloween,0,26,0,24.5
knoxville halloween events,0,37,0,37.4
knoxville nightlife deals,0,17,0,67.9
knoxville oktoberfest,0,1,0,60
knoxville party bus,0,1,0,69
knoxville st. patrick's day bar crawl,0,45,0,35.6
knoxville tn bars,0,1,0,3
knoxville tn halloween events,0,8,0,35.1
knoxville to macon,0,1,0,80
koh tao pub crawl latest,0,1,0,4
krabi pub crawl,0,3,0,1
krakow pub crawl,0,8,0,7.8
kroegen antwerpen,0,1,0,5
kroegentocht,0,3,0,4
kroegentocht aarschot 2026,0,1,0,2
kroegentocht amsterdam,0,1,0,6
kroegentocht venray 2026 datum,0,1,0,3
krog on the rocks,0,1,0,100
kwanzaa crawl,0,14,0,51.9
l bar atlanta,0,3,0,59
la bar crawl,0,208,0,30.5
la fiesta tacos and tequila,0,1,0,7
la halloween bar crawl,0,1,0,83
la pub crawl,0,15,0,36.8
la ruta bar,0,1,0,6
la taco crawl,0,1,0,15
la tequila,0,3,0,10
la tequila portland,0,14,0,11.1
la tropical atlanta phone number,0,2,0,11
labor day weekend nashville bar crawl,0,1,0,27
ladies onesie pajamas,0,1,0,11
lagers/pilsners,0,1,0,1
lake city pub,0,1,0,6
"lake city pub, pub, lakewood",0,3,0,19
lake county pub crawl,0,1,0,25
lake county taco trail 2026,0,1,0,70
lake erie monster bar crawl,0,3,0,7.3
lake lotawana pub crawl,0,2,0,1
lake of the ozarks pub crawl,0,3,0,56.7
lake pub crawl,0,2,0,19
lake street dive birmingham,0,1,0,52
lake tahoe club crawl,0,1,0,58
lakeview bars birmingham,0,1,0,17
lakeview birmingham bars,0,11,0,7.7
lakeview dive bar crawl,0,4,0,33.2
lakewood bar,0,4,0,9.8
lakewood bar crawl christmas,0,1,0,3
lakewood bar crawl latest,0,5,0,6.6
lakewood bars,0,4,0,11.2
lakewood bars ohio,0,9,0,36.2
lakewood christmas bar,0,4,0,16
lakewood christmas bar crawl,0,18,0,18.2
lakewood country bar crawl,0,2,0,11
lakewood festival today,0,1,0,1
lakewood halloween events,0,1,0,11
lakewood oh trick or treat,0,2,0,8
lakewood ohio bars,0,6,0,19
lakewood ohio block party,0,1,0,43
lakewood ohio downtown,0,1,0,29
lakewood ohio trick or treat,0,28,0,11.7
lakewood ranch main street,0,1,0,8
lakewood ranch st patrick's day,0,1,0,41
lakewood st paddys bar crawl,0,5,0,21.8
lakewood taco,0,2,0,30.5
lakewood trick or treat,0,4,0,25.5
lakewood trick or treat 2025,0,6,0,14.7
lakewood ugly sweater bar crawl,0,14,0,11.6
lakewood wing crawl,0,13,0,40.9
lakewood wing crawl 2026,0,2,0,15
lancaster bar crawl,0,148,0,45.6
lancaster pub crawl,0,10,0,46.5
lancaster st patrick's day bar crawl,0,1,0,17
lancaster st. patrick's day bar crawl,0,10,0,31.5
lankybox onesie,0,1,0,4
larimer square bar crawl,0,4,0,18.5
las olas bar crawl,0,15,0,31.5
las vegas st patrick's day events,0,1,0,1
las vegas st. patrick's day bar crawl,0,11,0,42.6
last call bar,0,1,0,9
last crawl,0,4,0,39.8
last crawl before we walk,0,1,0,2
last minute halloween costume ideas,0,1,0,1
last minute halloween costumes,0,14,0,1.8
last minute halloween costumes ideas,0,1,0,4
late night,0,1,0,15
latest bars open near me,0,1,0,3
launch and ladder,0,1,0,45
lawrenceville bar,0,60,0,13.1
lawrenceville bars,0,32,0,12.5
lawrenceville brewery crawl,0,1,0,2
lawrenceville brunch,0,17,0,12.2
lawrenceville ga bar,0,440,0,16.6
lawrenceville ga bars,0,11,0,10.5
lawrenceville ga nightlife,0,7,0,21.7
lawrenceville ga to birmingham al,0,1,0,95
lawrenceville location,0,1,0,5
lawrenceville to chattanooga,0,1,0,10
lawrenceville to roswell,0,1,0,92
lawrenceville town center,0,1,0,1
lawrenceville usa,0,1,0,26
lawrencevillega,0,11,0,35.5
lawrencville bars,0,3,0,12.3
le tour de crawl,0,2,0,11
leafyishere onesie,0,1,0,4
lee's summit st patrick's pub crawl,0,2,0,1
lehigh valley pub crawl,0,1,0,20
leonardtown bar crawl,0,4,0,16
leonardtown bar crawl 2026,0,1,0,22
leperchaun crawl,0,2,0,12.5
leprechaun bar crawl,0,18,0,17.9
leprechaun crawl,0,6,0,37.8
leprechaun crawl reno,0,1,0,2
leprechaun pub crawl,0,101,0,22.1
leprechaun ugly,0,1,0,43
leprecon bar crawl,0,1,0,52
les bar crawl,0,12,0,42
les bar crawl latest,0,3,0,16.3
lest crawl,0,12,0,26.8
let's crawl,0,2,0,47.5
let's crawler,0,25,0,13
let's crawlers,0,6,0,12.7
let's get toasty,0,5,0,5.8
lets get toasty,0,5,0,14.6
level life bars,0,2,0,42.5
lexington bar crawl,0,40,0,42.7
lexington pub crawl,0,7,0,31.3
lexington st. patrick's day bar crawl,0,19,0,25.1
liar crawlers,0,1,0,5
liat craw,0,3,0,7
liat crawl,0,32,0,9.6
liberty beer crawl,0,4,0,26
lime st germain cocktail,0,1,0,1
limeade margaritas,0,1,0,98
limo bus st petersburg,0,1,0,96
lincoln park st patricks day bar crawl,0,1,0,29
line halloween,0,1,0,72
linktr.ee/ggh_official,0,1,0,2
linq bar crawl,0,1,0,52
liquid luck cocktail,0,2,0,32.5
liquor festival,0,2,0,10.5
lis crawl,0,3,0,5.3
lisbon pub crawl,0,1,0,7
liscrawel atlanta,0,1,0,3
lisf crawler,0,2,0,93.5
list carwl,0,1,0,2
list cral,0,3,0,12
list crawals,0,1,0,43
list crawl,0,1,0,1
list crawl atlanta,0,1,0,2
list crawled,0,1,0,29
list crawler,0,1,0,4
list crawler atlanta,0,2,0,1
list crawler birmingham,0,2,0,3.5
list crawler knoxville,0,1,0,9
list crawlers atl,0,2,0,1
list crawlers atlanta,0,4,0,16.8
list crawlers bham,0,1,0,4
list crawlers birmingham,0,11,0,6
list crawlers cincinnati,0,12,0,9.6
list crawlers cleveland,0,4,0,9.8
list crawlers columbia,0,4,0,3
list crawlers columbia south carolina,0,15,0,6.7
list crawlers fort worth,0,8,0,9
list crawlers fort worth tx,0,1,0,8
list crawlers fortworth,0,2,0,7
list crawlers ft worth,0,1,0,7
list crawlers gainesville,0,1,0,5
list crawlers georgia,0,1,0,7
list crawlers greenville,0,1,0,7
list crawlers greenville sc,0,4,0,9.8
list crawlers houston texas locations near me,0,3,0,5.7
list crawlers indianapolis,0,3,0,5.7
list crawlers indianapolis indiana,0,1,0,9
list crawlers indy,0,7,0,11.7
list crawlers knoxville,0,1,0,4
list crawlers macon,0,2,0,5.5
list crawlers macon ga,0,2,0,43
list crawlers sarasota,0,3,0,6
list crawling birmingham alabama today,0,9,0,8.1
list crawling cincinnati,0,127,0,9.2
list crawling cleveland,0,6,0,11.8
list crawling columbia sc,0,10,0,6.5
list crawling fort worth,0,3,0,12.3
list crawling macon,0,5,0,8
list crawling new orleans,0,10,0,1
list crawls,0,4,0,2
list cwarlers atl,0,4,0,8
list frawl,0,3,0,1
list rawler cincinnati,0,1,0,1
list rawler philly,0,1,0,1
listcrawler,0,1,0,6
listening bars near me,0,1,0,9
listening to music,0,1,0,7
lister crawler atlanta ga,0,1,0,22
little rock halloween bar crawl,0,1,0,46
live bar greenville upcoming events,0,1,0,15
live crawl,0,3,0,60.3
live music cleveland bars this weekend,0,1,0,1
live music downtown st pete,0,1,0,1
live music downtown st pete tonight,0,2,0,1
live music pub crawl,0,1,0,1
live music soulard,0,3,0,45.7
liveineverycity,0,1,0,38
lively bar,0,1,0,8
liz crawl,0,1,0,4
lizzie and isabella costume,0,1,0,11
lmnt drinks near me,0,2,0,5
lobster crawl,0,2,0,43.5
locabar,0,1,0,9
local bar,0,1,0,9
local bar hop,0,21,0,18.9
local bar near me,0,1,0,3
local bars and clubs,0,1,0,6
local bars near me,0,1,0,13
local crawler,0,221,0,89.3
local pub specials,0,1,0,1
locales abiertos hoy,0,1,0,8
lockport bar crawl,0,1,0,26
lockport bar crawl 2026,0,1,0,1
loco leprechaun westlake ohio,0,1,0,51
lodo bar crawl,0,11,0,27.3
logan square bar crawl,0,4,0,26
london bar crawl,0,1,0,6
london pub crawl,0,1,0,5
long beach bar crawl,0,232,0,39.7
long beach pub crawl,0,173,0,41.3
long beach st. patrick's day bar crawl,0,16,0,35.3
loon bars near me,0,1,0,5
loon costume,0,1,0,3
los angeles bar crawl,0,232,0,35.0
los angeles pub crawl,0,19,0,39
los angeles st. patrick's day bar crawl,0,1,0,37
los bar crawl,0,1,0,11
los crawler,0,4,0,1
lost and found bar greenville,0,4,0,10.2
lost and found bar greenville sc,0,37,0,12.5
lost and found greenville,0,1,0,24
lost and found gvl,0,1,0,8
lost crawl,0,2,0,9
lost crawler fort worth,0,4,0,2.2
lost social club cleveland,0,1,0,67
loto pub crawl,0,3,0,18.7
loud bar crawl,0,3,0,46.3
louisville bar crawl,0,55,0,50.4
louisville st. patrick's day bar crawl,0,28,0,41.4
louisville taco festival 2026,0,1,0,1
lounge for birthday party,0,1,0,49
lounge near me,0,8,0,44.8
lounge near me open now,0,1,0,49
lounges near me,0,3,0,47
lounges open near me,0,1,0,103
love college football,0,1,0,1
lower east side bar crawl,0,10,0,67
lower greenville bar crawl,0,1,0,50
lower greenville christmas bar crawl,0,1,0,43
lower greenville st patrick's day,0,81,0,59.5
lower greenville st patrick's day 2026,0,4,0,63.2
loyal tavern roswell,0,1,0,48
luat crawler,0,5,0,3.6
lucky bar crawl,0,1,0,11
lucky onesie,0,1,0,5
lucky's bar crawl,0,1,0,1
lucky's st patrick's day bar crawl,0,1,0,11
lucky's st. patrick's day bar crawl,0,2,0,1
luckys bar crawl,0,1,0,9
luckys st patricks day crawl,0,2,0,2.5
lugar latino para bailar cerca de mi,0,1,0,8
lugar para bailar cerca de mi,0,3,0,10.3
lugares de bailes cerca de mi,0,1,0,10
lugares para bailar cerca de mi,0,6,0,9.7
lugares para ir a bailar cerca de mi,0,1,0,8
luna in the tavern,0,1,0,77
m46 bar crawl,0,11,0,9.3
mac and cheese bar crawl,0,4,0,6.8
mackinac island bar crawl,0,1,0,28
macon bar,0,80,0,11.6
macon bars,0,14,0,24
macon brunch,0,3,0,58
macon ga,0,1,0,7
macon ga bar,0,9,0,12.3
macon ga bars,0,2,0,18.5
macon ga maps,0,2,0,47
macon ga nightclubs,0,3,0,51.7
macon ga st patrick's day,0,1,0,5
macon georgia bars,0,1,0,39
macon georgia nightlife,0,3,0,45.7
macon list crawler trans,0,18,0,7.4
macon map,0,1,0,88
macon maps,0,2,0,15
macon nightlife,0,1,0,47
macon party bus,0,2,0,29.5
macon st,0,1,0,17
macon street tacos,0,1,0,72
macon to knoxville,0,1,0,98
macon usa,0,2,0,26.5
macon usa map,0,3,0,34
macons bar,0,1,0,3
mad city bar crawl,0,1,0,43
mad city bar fest,0,7,0,38.7
madison bar crawl,0,39,0,41.8
madison crawl,0,3,0,45.7
madison halloween bar crawl,0,1,0,36
madison pub crawl,0,216,0,44.5
madison st patrick's day bar crawl,0,1,0,33
madison st. patrick's day bar crawl,0,17,0,30.2
magic city tequila festival,0,3,0,25
magic city tequila festival 2026,0,1,0,16
magician costume,0,1,0,2
"main street bar, macon, georgia, united states",0,2,0,11.5
main street latin festival columbia sc,0,1,0,62
main street sarasota bars,0,2,0,11
maine,0,1,0,3
maine beer cafe,0,1,0,10
make a pub crawl map,0,1,0,26
malaga bar crawl,0,3,0,4.7
mall crawl,0,1,0,1
mall of america bar crawl,0,1,0,7
manchester pub crawl,0,1,0,3
mandan bar crawl,0,1,0,19
mango juice for margaritas,0,1,0,1
manhattan bar crawl,0,7,0,65
manila gogo bars,0,1,0,2
mannen onesie,0,1,0,38
manor pub crawl,0,1,0,15
map alpharetta,0,1,0,45
map of atlanta beltline,0,1,0,37
map of bar,0,7,0,9.1
map of bars,0,6,0,14.7
map of bars in the us,0,1,0,8
map of beltline,0,1,0,56
map of beltline atlanta,0,1,0,37
map of macon,0,1,0,82
map of pubs,0,1,0,52
map of pubs in usa,0,2,0,26.5
map of put in bay bars,0,4,0,80.5
map of the atlanta beltline,0,1,0,93
map sweater,0,1,0,24
mapa de bar,0,2,0,4
maps bar,0,3,0,23.3
maps bar portland,0,1,0,39
maps bares,0,1,0,10
maps chattanooga,0,1,0,47
maps gainesville,0,1,0,80
maps of chattanooga,0,2,0,63
maps of cincinnati,0,1,0,41
mar bars,0,1,0,77
march 14 bar crawl,0,7,0,6.9
march 14th bar crawl,0,8,0,4.4
march 7th bar crawl,0,15,0,5.8
march 9th bottomless brunch event details,0,2,0,15
march bar,0,2,0,6.5
march bar crawl,0,14,0,7.9
march cocktail recipes,0,5,0,4
march cocktails easy,0,4,0,8
march drink,0,156,0,2.3
march drink names,0,5,0,4.8
march drink of the month,0,3,0,1
march drink recipes,0,3,0,8
march drink specials,0,13,0,6.3
march madness drinks,0,1,0,73
march madness greenville sc,0,1,0,1
march parties,0,6,0,17
mardi crawl,0,1,0,1
mardi gras 2026,0,2,0,1
mardi gras 2026 st louis,0,1,0,1
mardi gras bar,0,1,0,10
mardi gras bar crawl,0,318,0,24.4
mardi gras bar crawl 2026,0,3,0,3.7
mardi gras bar crawl cleveland,0,5,0,13.4
mardi gras bar crawl new orleans,0,5,0,9.2
mardi gras bar crawl norfolk,0,1,0,42
mardi gras bus,0,20,0,4.2
mardi gras bus trip,0,3,0,3
mardi gras in st louis,0,1,0,1
mardi gras midtown atlanta,0,1,0,6
mardi gras pub crawl,0,249,0,33.8
mardi gras pub crawl lake of the ozarks,0,1,0,54
mardi gras pub crawl schedule,0,1,0,10
mardi gras st louis date,0,1,0,86
marg and taco crawl,0,4,0,8.8
marg and taco fest atlanta,0,1,0,50
marg crawl,0,3,0,6.7
marg fest,0,1,0,9
margaret houlihan costume,0,1,0,6
margarita and taco bar crawl,0,81,0,6.1
margarita and taco crawl,0,23,0,6.5
margarita and taco festival 2026,0,7,0,4.6
margarita and tacos,0,2,0,7
margarita and tacos festival,0,5,0,6.2
margarita booty vip,0,6,0,13.7
margarita crawl 2026,0,49,0,6.1
margarita event near me,0,1,0,3
margarita events near me,0,1,0,14
margarita fest,0,7,0,8.7
margarita fest 2026,0,1,0,3
margarita fest cincinnati,0,1,0,38
margarita festival,0,29,0,7.6
margarita festival 2026,0,4,0,1.8
margarita festival atlanta,0,2,0,7
margarita festival chattanooga,0,44,0,17.4
margarita festival chattanooga tn,0,1,0,69
margarita festival columbia,0,1,0,11
margarita festival columbia sc,0,70,0,9.6
margarita festival indianapolis,0,1,0,11
margarita festival sarasota,0,13,0,9.3
margarita festivals,0,1,0,9
margarita festivals near me,0,1,0,4
margarita flights near me,0,1,0,6
margarita in a mason jar,0,1,0,1
margarita mix with triple sec,0,1,0,1
margarita night,0,1,0,11
margarita recipe,0,1,0,1
margarita strawberry,0,1,0,1
margarita taco festival,0,2,0,3.5
margarita tasting event,0,1,0,10
margarita tasting near me,0,2,0,10
margarita walk,0,3,0,8.7
margaritas birmingham al,0,1,0,27
margaritas duluth,0,2,0,79
margaritas mexican restaurant portland,0,1,0,95
margaritas near me,0,2,0,7
margate bar crawl,0,2,0,2
margate pub crawl,0,1,0,27
margrita festival,0,1,0,8
margs and tacos,0,6,0,7.8
margs and tacos bar crawl,0,63,0,7.5
margs bar,0,1,0,7
marietta bar crawl,0,24,0,7.0
marietta square events,0,1,0,3
marina bar crawl,0,3,0,51.3
marrickville pub crawl map,0,1,0,54
marta bar crawl,0,92,0,9.2
martini brunch,0,1,0,1
martini crawl,0,1,0,1
martini pub crawl,0,1,0,10
marvel costumes,0,1,0,6
mas tequila bar and grill,0,1,0,21
mas tequila bar and grill photos,0,6,0,20.7
mas tequila chattanooga,0,4,0,13.2
mas tequila soulard,0,8,0,23.4
mason ohio bars,0,1,0,11
mass ave bar,0,3,0,11
mass ave bars,0,55,0,9.7
mass ave indianapolis,0,1,0,53
mass ave indy,0,2,0,6.5
mass ave nightlife,0,5,0,10.6
masters bar crawl,0,28,0,4.2
matchmaker indianapolis,0,1,0,4
math nerd costume,0,1,0,2
"mattie s, bar & grill, macon",0,1,0,30
maxwell park tequila where to buy,0,1,0,47
mayawell bar photos,0,1,0,40
mayhem bar crawl,0,1,0,18
mays landing bar crawl,0,1,0,6
mccray's beltline,0,1,0,62
mcgurk's soulard,0,1,0,45
me boos,0,1,0,7
me booze,0,1,0,8
meaning of bar hopping,0,1,0,63
meatball crawl,0,1,0,25
meboos,0,1,0,16
medina bar crawl,0,26,0,31.5
medina bar crawl 2026,0,1,0,1
medina halloween bar crawl,0,3,0,8.3
medium onesie,0,1,0,4
medusa crawley,0,1,0,50
meet drink,0,1,0,1
meetup bar,0,1,0,1
mega sol birmingham,0,2,0,44
mega sol birmingham alabama,0,1,0,37
melbourne bar crawl,0,3,0,32.7
memorial day weekend bar crawl,0,1,0,1
memorial day weekend nashville bar crawl,0,1,0,28
memphis bar crawl,0,44,0,51.9
memphis crawl,0,1,0,1
memphis pub crawl,0,155,0,53.8
memphis st. patrick's day bar crawl,0,22,0,34.8
"men's ""slouch pouch"" onesie",0,3,0,8.7
men's onesie,0,1,0,4
mens halloween ideas,0,1,0,3
mens onesie new look,0,8,0,75
mens onesie pajamas shorts,0,1,0,13
mens onesie sweatsuit,0,1,0,9
mens slouch pouch onesie,0,1,0,10
merry christmas ugly sweater,0,1,0,59
merry christmas ugly sweaters,0,1,0,58
metagave crypto,0,4,0,1.2
metra bar crawl,0,1,0,25
mexican and tequila festival,0,1,0,10
mexican bulldog drink,0,1,0,1
mexican clubs near me,0,3,0,10
mexican event,0,1,0,12
mexican festival,0,1,0,10
mexican festivals near me,0,1,0,11
mexican food festival,0,9,0,6.6
mexican food festival near me,0,2,0,9
mexican food in duluth,0,1,0,76
mexico city pub crawl,0,1,0,5
miami bar crawl,0,39,0,41.0
miami bar crawls,0,14,0,46.9
miami st. patrick's day bar crawl,0,3,0,32.7
mickey mouse cocktail,0,1,0,1
middleboro bar crawl,0,1,0,1
midland bar crawl,0,2,0,16.5
midtown atlanta bar,0,1,0,74
midtown bar crawl,0,73,0,7.7
midtown bar crawl halloween,0,2,0,24
midtown bar hopping,0,2,0,33.5
midtown events today,0,1,0,2
midtown halloween block party,0,20,0,61.1
midtown pub crawl,0,145,0,37.0
midtown to alpharetta,0,1,0,13
milwaukee bar crawl,0,170,0,44.0
milwaukee bar crawl this weekend,0,1,0,3
milwaukee bars dice game crawl unique wild february 8 2025,0,1,0,3
milwaukee bars dice game crawl unique wild ideas february 8 2025,0,1,0,2
milwaukee bars with unique themes and activities for bar crawl,0,1,0,30
milwaukee bars with unique themes or activities for spontaneous bar crawl,0,1,0,26
milwaukee halloween pub crawl,0,1,0,3
milwaukee pub crawl,0,35,0,48.3
milwaukee st patrick's day bar crawl,0,6,0,66.2
milwaukee st patty's day pub crawl,0,1,0,51
milwaukee st. patrick's day bar crawl,0,7,0,35.1
mime costumes,0,1,0,4
mimosa crawl,0,13,0,16.8
mimosa festival greenville sc,0,1,0,6
mineola pub crawl,0,2,0,24
minneapolis bar crawl,0,2,0,6.5
minneapolis pub crawls,0,1,0,98
minneapolis st. patrick's day bar crawl,0,12,0,29.6
miracle usa sweaters,0,3,0,15.3
miruvor recipe,0,4,0,1
miss bar insta,0,1,0,2
missbar,0,1,0,3
mizzou bar crawl latest,0,5,0,17.4
mn bar bingo thursday,0,1,0,10
modelo buckets,0,1,0,48
modesto bar crawl,0,6,0,48.7
mojo shots,0,1,0,54
molly's,0,1,0,9
molly's in soulard st louis,0,4,0,72.2
molly's in soulard st louis mo,0,8,0,66.4
molly's mardi gras,0,1,0,61
mollys - soulard,0,1,0,46
mom and pop bars near me,0,1,0,10
monkey bar crawl prague,0,1,0,5
monorail bar crawl,0,2,0,7.5
monorail bar crawl orlando,0,1,0,9
monroe bar crawl,0,1,0,1
monroe pub crawl,0,1,0,10
monroe pub crawl 2026,0,2,0,9.5
monroe st patricks bar crawl,0,1,0,1
montreal pub crawl,0,1,0,4
montrose bar crawl,0,1,0,42
more,0,2,0,12.5
more ideas,0,2,0,9
more on this,0,1,0,2
more options,0,2,0,27
more spots,0,1,0,12
morganford bar crawl,0,5,0,1
morristown bar crawl,0,164,0,39.5
morristown nj bar crawl,0,1,0,51
morristown pub crawl,0,5,0,36.8
morristown st patrick's day bar crawl,0,1,0,21
morristown st. patrick's day bar crawl,0,25,0,29.9
moss rock tacos & tequila,0,1,0,24
moss rock tacos and tequila,0,9,0,21.1
most common beverages in halloween party drink recipes,0,82,0,4.8
most popular adult onesie options,0,3,0,6
most popular adult onesie styles for women 2025 2026,0,2,0,19.5
most popular adult onesie styles for women 2026,0,1,0,17
moustache bar crawl,0,4,0,33
moustache crawl,0,15,0,50.1
movie tavern roswell georgia,0,1,0,1
mr pete's patio,0,1,0,31
mr price onesies for adults,0,1,0,5
mr tequila,0,1,0,81
mr. roof cincinnati,0,1,0,55
mrs roper bar crawl,0,1,0,5
mrs roper bar crawl near me,0,2,0,2.5
mrwest,0,1,0,32
msp cobb county georgia,0,1,0,105
msu bar crawl,0,1,0,7
msu bar crawl schedule,0,1,0,7
mumbles mile pub crawl,0,4,0,34.5
mumbles pub crawl,0,1,0,2
munich pub crawl,0,2,0,3
music bingo obx,0,1,0,1
music city bar crawl,0,2,0,64
music festivals this weekend,0,1,0,1
mustach crawl,0,2,0,57
mustache bar crawl,0,40,0,40.6
mustache bar crawl 2025,0,6,0,29.8
mustache bar crawl 2026,0,1,0,19
mustache bar crawl tickets,0,6,0,44.2
mustache crawl,0,38,0,37.9
mustache crawl 2024,0,1,0,96
mustache crawl 2025,0,15,0,33.1
mustache crawl 2026,0,11,0,26.6
mustache crawl 2026 tickets,0,2,0,16.5
mustache crawl chicago,0,2,0,2
mustache crawl chicago 2026,0,2,0,27
mustache crawl date,0,1,0,20
mustache crawl tickets,0,8,0,35.9
mustache crawl wrigleyville,0,1,0,21
mykonos pub crawl,0,1,0,5
myrtle beach bar crawl,0,64,0,56.6
myrtle beach bar crawl 2026,0,4,0,18.5
myrtle beach pub crawl,0,35,0,41.7
myrtle beach st. patrick's day bar crawl,0,40,0,54.7
n costume,0,1,0,3
na bar near me,0,1,0,5
nana's candy bar,0,1,0,39
naperville bar crawl,0,1,0,25
nar mear me,0,1,0,9
narrow path hobby and crawl lounge,0,1,0,72
nashville bar crawl,0,1,0,5
nashville bar crawl map,0,7,0,35.4
nashville bar crawls,0,1,0,7
nashville halloween bar crawl,0,166,0,50.1
nashville halloween pub crawl,0,15,0,51.3
nashville st. patrick's day bar crawl,0,24,0,45.0
nasstive bar crawl,0,1,0,11
nasstive entertainment bar crawl,0,2,0,40.5
national margarita day cleveland,0,7,0,32
navy yard bar crawl,0,10,0,39.7
navy yard halloween bar crawl,0,2,0,27
navy yard st patrick's day bar crawl,0,1,0,20
near bars,0,1,0,8
near bars near me,0,1,0,15
near by bar,0,2,0,11
near me,0,1,0,4
near me bars,0,1,0,11
near westlake,0,1,0,7
nearby bars,0,1,0,3
nearby bars near me,0,2,0,10.5
nearest bar near me,0,9,0,11
nearest bars,0,1,0,13
nearest restaurant bar near me,0,1,0,10
neigborhood bar,0,2,0,3
neighborhood bar,0,1,0,5
neighborhood bar crawl,0,11,0,4.1
neighborhood crawl,0,6,0,12.2
new bars st pete,0,1,0,1
new haven bar crawl,0,226,0,30.7
new haven halloween bar crawl,0,5,0,35
new haven pub crawl,0,153,0,36.5
new haven st patrick's day bar crawl,0,2,0,34
new haven st. patrick's day bar crawl,0,24,0,42
new look onesie,0,12,0,40.6
new look onesies,0,17,0,45.3
new orleans bar crawl,0,1,0,4
new orleans pub crawls,0,1,0,5
new orleans st. patrick's day bar crawl,0,11,0,24.5
new years bar crawl,0,1,0,2
new york bar crawl,0,5,0,52.2
new york bar hopping,0,1,0,90
new york city bar crawls,0,1,0,92
new york city halloween bar crawl,0,4,0,32.5
new york city st patrick's day bar crawl,0,3,0,39
new york city st. patrick's day bar crawl,0,6,0,42.7
new york halloween bar crawl,0,1,0,44
new york santa bar crawl,0,1,0,92
newcastle pub crawl,0,4,0,29
newcastle pub crawl map,0,1,0,60
newnan bar crawl,0,3,0,7.7
newnan pub crawl,0,1,0,20
newport bar crawl,0,5,0,31
newport beach bar crawl,0,31,0,46.2
newport beach pub crawl,0,72,0,45.0
newport beach st patrick's day bar crawl,0,1,0,17
newport beach st. patrick's day bar crawl,0,19,0,28.7
newport st patrick's day bar crawl,0,1,0,11
newtown pub crawl,0,1,0,26
next adult onesie,0,1,0,34
next level bar latest,0,1,0,19
nice bar crawl,0,32,0,9.8
nice pub crawl,0,11,0,30.9
nicebarcrawl,0,1,0,11
niche halloween costumes,0,1,0,8
"niche lounge, macon, georgia, united states",0,6,0,12.7
niche macon ga,0,2,0,32.5
night club crawl,0,21,0,49.4
night club tours,0,1,0,5
night clubs clearwater beach,0,1,0,3
night clubs gainesville ga,0,15,0,28.7
night clubs greenville sc,0,1,0,5
night clubs in asheville nc,0,1,0,14
night clubs in gainesville ga,0,27,0,21.5
"night clubs in gainesville, ga",0,1,0,9
night clubs in greenville sc,0,1,0,99
night clubs in lawrenceville ga,0,1,0,31
night clubs near me,0,2,0,5.5
night clubs st louis,0,1,0,4
night crawl,0,2,0,2
night hopping,0,1,0,1
night life asheville,0,1,0,4
night life in colombia,0,1,0,1
night life in columbia,0,2,0,1
night life in greenville sc,0,1,0,97
night life near me,0,1,0,12
night mares portland,0,1,0,32
night night bars,0,1,0,1
night out for adults,0,1,0,7
night out near me,0,1,0,1
nightclub crawl,0,1,0,30
nightclub near me,0,2,0,7.5
nightclubs gainesville,0,3,0,99
nightclubs in alpharetta ga,0,1,0,10
nightclubs near me,0,3,0,7.7
nightlife,0,3,0,7.7
nightlife alpharetta,0,4,0,30.8
nightlife alpharetta ga,0,3,0,29.7
nightlife and parties,0,1,0,2
nightlife downtown greenville sc,0,3,0,28
nightlife duluth,0,4,0,27.5
nightlife events near me,0,1,0,13
nightlife gainesville ga,0,1,0,12
nightlife greenville,0,3,0,46.7
nightlife greenville sc,0,21,0,42.1
nightlife in alpharetta,0,6,0,26.5
nightlife in alpharetta ga,0,6,0,36.8
nightlife in duluth minnesota,0,2,0,84
nightlife in greenville,0,36,0,42.2
nightlife in greenville sc,0,12,0,43.8
nightlife in greenville south carolina,0,14,0,56.3
nightlife in lawrenceville ga,0,3,0,30.3
nightlife in macon ga,0,3,0,35.7
nightlife in sarasota fl,0,1,0,8
nightlife lawrenceville ga,0,1,0,31
nightlife maps,0,3,0,4
nightlife near me,0,1,0,11
nightlife near me for adults,0,1,0,10
nightlife vientiane,0,1,0,2
nightmares portland maine,0,1,0,62
no it’s not that,0,1,0,1
nola bar crawl,0,1,0,4
nooga pub crawl,0,3,0,10
norfolk bar crawl,0,47,0,37.8
norfolk pub crawl,0,24,0,46.1
norfolk st. patrick's day bar crawl,0,26,0,17.8
north beach bar crawl,0,11,0,38.4
north carolina bar,0,3,0,4.7
north loop bar crawl,0,5,0,46
northeast bar crawl,0,4,0,16.5
northeast ohio,0,1,0,1
not that either,0,1,0,11
notting hill pub crawl,0,1,0,5
noty usa,0,1,0,86
nude bar crawl,0,1,0,5
number of bars in the us,0,1,0,55
nx,0,1,0,1
nyc bar crawl,0,18,0,35.8
nyc bar crawl st patty's day,0,1,0,31
nyc bar crawls,0,1,0,58
nyc bar hopping tour,0,2,0,42
nyc halloween bar crawl,0,16,0,8.8
nyc halloween pub crawl,0,2,0,89
nyc st patrick's day bar crawl,0,75,0,32.5
nyc st patricks day bar crawl,0,4,0,22.2
nyc st patty's bar crawl,0,3,0,25.7
nyc st pattys bar crawl,0,1,0,30
nye bar crawl,0,1,0,1
o-shot greenville,0,1,0,95
oakland bar crawl,0,23,0,35.2
oakland pub crawl,0,25,0,33.9
oakland st. patrick's day bar crawl,0,13,0,21.5
oakwood square bar crawl,0,2,0,1
oct bar,0,2,0,7.5
october,0,1,0,4
october 31 events,0,1,0,5
october bar,0,11,0,4.3
october bar crawl,0,5,0,23.8
october cocktail,0,2,0,59.5
october cocktails,0,16,0,52.6
october drinks,0,6,0,56.2
october events in greenville sc,0,13,0,48.1
october halloween,0,2,0,6.5
october halloween events,0,2,0,13
octobers lakewood,0,3,0,17.7
off base bar,0,2,0,1
off-site records storage costs alpharetta,0,4,0,40.5
office bar sarasota,0,1,0,13
office bar srq,0,7,0,19
"office bar srq, pub, sarasota",0,2,0,18
officebar,0,1,0,9
official bar crawl,0,3,0,13
official halloween bar crawl,0,29,0,15.0
official lucky's st. patrick's day bar crawl,0,1,0,9
official mardi gras bar crawl,0,2,0,1.5
og bar crawl,0,4,0,2
og bar crawl latest,0,6,0,15.3
ohio city cleveland bars,0,1,0,62
ohio state bar crawl,0,10,0,14.8
ohio state senior bar crawl,0,1,0,37
ohio state senior bar crawl 2026,0,1,0,17
ohrid pub crawl,0,1,0,2
okc bar crawl,0,5,0,39.6
oklahoma city bar crawl,0,5,0,43.6
oklahoma city st. patrick's day bar crawl,0,44,0,47.8
oktoberfest bar crawl,0,230,0,22.6
oktoberfest pub crawl,0,6,0,19.2
old city bar crawl,0,4,0,21.2
old city pub crawl,0,1,0,40
old fashioned candy cigarette recipe,0,1,0,1
old fashioned week 2025,0,1,0,53
old market,0,1,0,2
old navy onesie adult,0,1,0,37
old navy onesies for adults,0,2,0,53
old port bar crawl,0,5,0,4.6
old port portland maine bars,0,1,0,9
old port pub run,0,1,0,31
old town alexandria bar crawl,0,3,0,43
old town bar crawl,0,35,0,48.3
old town pub crawl,0,6,0,26.5
old town st patrick's day bar crawl,0,1,0,5
olipop halloween cocktail recipe blog,0,1,0,2
olympia pub crawl,0,5,0,29
omaha bar crawl,0,40,0,35.3
omaha pub crawl,0,18,0,35.6
omaha st patrick's day bar crawl,0,1,0,12
omaha st. patrick's day bar crawl,0,22,0,39.2
omesie,0,1,0,1
on the rocks bar crawl,0,5,0,32.4
one day drink,0,3,0,8.7
one love bus bar crawl,0,3,0,27
one sie,0,1,0,1
one zie,0,1,0,1
oneise,0,5,0,1
oneses,0,1,0,6
oneshie,0,2,0,1
onesie,0,202,0,1.3
onesie adulte,0,1,0,2
onesie bar,0,419,0,4.6
onesie bar baby shower,0,1,0,6
onesie bar crawl bay city,0,7,0,18
onesie bar crawl key west,0,3,0,1
onesie bar crawl latest,0,36,0,5.1
onesie bar crawl near me,0,7,0,2.6
onesie bar crawl ticket price,0,4,0,7.5
"onesie bar crawl, local business",0,9,0,3.9
onesie club,0,1,0,2
onesie damen,0,1,0,5
onesie day,0,3,0,1.7
onesie decorating station,0,1,0,12
onesie definition,0,1,0,1
onesie dress,0,2,0,3
onesie dress for adults,0,1,0,1
onesie event,0,5,0,6.6
onesie fashion trends 2025 adult,0,4,0,12.5
onesie fetish,0,1,0,1
onesie for adults,0,3,0,6.7
onesie for women mr price,0,1,0,10
onesie hoodie for adults,0,1,0,11
onesie in public,0,105,0,8.7
onesie meaning,0,26,0,1.1
onesie meaning for adults,0,1,0,3
onesie means,0,1,0,1
onesie meme,0,1,0,2
onesie mens,0,1,0,10
onesie night,0,2,0,12
onesie nude,0,1,0,3
onesie on amazon,0,1,0,6
onesie outfit,0,1,0,1
onesie pajamas,0,1,0,3
onesie party for adults,0,17,0,17.8
onesie pronunciation,0,1,0,2
onesie pub crawl 2025,0,7,0,7
onesie pub crawl 2026 key west,0,3,0,1
onesie pub crawl key west,0,2,0,16.5
onesie slang,0,1,0,1
onesie synonym,0,1,0,2
onesie top,0,1,0,1
onesie trend,0,10,0,10.7
onesie with hood,0,1,0,9
onesie women,0,1,0,6
onesie.,0,3,0,1
onesiebarcrawl,0,4,0,5.5
onesieparty latest,0,2,0,2.5
onesies,0,30,0,1.7
onesies adults,0,4,0,5
onesies definition,0,1,0,1
onesies for adult,0,20,0,82.8
onesies for adults,0,28,0,6.2
onesies for adults at target,0,1,0,8
onesies for adults big w,0,1,0,4
onesies for adults in stores,0,2,0,41.5
onesies for adults mr price,0,2,0,4
onesies for adults nz,0,1,0,11
onesies for men,0,1,0,11
onesies for teen girls,0,1,0,1
onesies for women,0,3,0,7.7
onesies meaning,0,1,0,1
onesies nz adults,0,1,0,10
onesies party,0,15,0,3.5
onesies pronunciation,0,2,0,2
onesies.,0,1,0,3
onesies. my location is usa.,0,4,0,9
onesy meaning,0,1,0,1
onezie,0,2,0,2
onezy,0,2,0,1
ons bar,0,1,0,1
onsesie,0,1,0,1
onsid,0,1,0,1
onsie,0,18,0,1.2
onsie bar,0,139,0,4.6
onsie bar crawl key west,0,1,0,20
onsie bar crawl latest,0,8,0,4
onsie meaning,0,1,0,1
onsie painting latest,0,1,0,8
onsie party,0,25,0,2.5
onsie party latest,0,9,0,10.6
onsie pub crawl key west,0,4,0,1
onsiee,0,1,0,1
onsies,0,6,0,1
onsies for adults,0,1,0,1
onsies meaning,0,1,0,1
onsy clothing,0,1,0,2
open bar cruises,0,1,0,5
open bar events,0,3,0,21.7
open bar restaurants near me,0,1,0,4
open bars,0,1,0,2
open near me,0,3,0,36
open now bar,0,2,0,3
open patio bars near me,0,1,0,5
open up a bar,0,1,0,5
opening day bar crawl,0,2,0,12
organized bar crawl,0,4,0,12.5
original pub crawl,0,2,0,5.5
original pub crawl berlin,0,1,0,4
orlando bar crawl,0,206,0,39.7
orlando mardi gras bar crawl,0,32,0,37.0
orlando pub crawl,0,16,0,46.4
orlando st. patrick's day bar crawl,0,30,0,41.9
oshkosh pub crawl,0,8,0,10.5
oshkosh pub crawl 2026,0,16,0,1.1
oshkosh spring pub crawl 2026,0,2,0,1
osu bar crawl,0,4,0,24.8
osu senior bar crawl 2026,0,1,0,20
osu st patty's day bar crawl,0,1,0,11
other words for onesie,0,1,0,1
otley run,0,1,0,3
otley run costume ideas,0,1,0,6
otr bar,0,1,0,93
otr bars,0,12,0,39.5
otr bars cincinnati,0,5,0,41
otr events,0,1,0,2
ou halloween 2026,0,1,0,20
oub crawl,0,7,0,6
ouseburn pub crawl,0,3,0,36
ouseburn pub crawl map,0,1,0,66
out bar,0,1,0,1
outdoor bars near me,0,1,0,2
outfit ideas,0,1,0,17
outfits for bar hopping,0,1,0,1
outrageous costumes,0,1,0,7
outside bar near me,0,1,0,14
outside bars near me,0,2,0,10.5
over the rhine bars,0,5,0,38.2
over the rhine bars cincinnati,0,1,0,2
over-the-rhine (otr),0,1,0,9
oxford pub crawl,0,4,0,60.8
oysterfest atlanta,0,1,0,3
pacevillepubcrawl,0,1,0,6
pacific beach st. patrick's day bar crawl,0,6,0,38.8
paddy green,0,1,0,90
paddy wagon sarasota fl,0,1,0,18
paddy's bar portland,0,2,0,43.5
paddy's pub st patrick's day,0,16,0,18.2
paddy's raw bar upcoming events,0,2,0,52.5
paddys st patrick's day,0,4,0,8
paddywagon pub crawl,0,1,0,15
paducah pub crawl,0,6,0,5.7
pahar,0,1,0,16
pajama bar,0,1,0,1
pajama bar crawl,0,24,0,6.4
pajama crawl,0,1,0,1
pajama pub crawl,0,3,0,46.7
palm springs bar crawl,0,1,0,61
panama bar crawl,0,2,0,5.5
panama bar crawl prices,0,1,0,34
panama barcrawl,0,2,0,50
panama city bar crawl,0,1,0,64
panama city panama bar crawl,0,5,0,5.6
pancakes and booze atlanta,0,3,0,45
panda onesie for adults,0,1,0,5
papin's bites,0,3,0,27.3
par grr all,0,1,0,3
park & rec dtsp,0,1,0,99
park and pour pubs,0,1,0,12
park and rec dtsp,0,1,0,88
participate in a pub crawl,0,11,0,2.1
participate in a pub crawl crossword clue,0,2,0,1
parties,0,1,0,1
parties on thursday,0,1,0,11
party,0,1,0,1
party brunch,0,1,0,1
party bus,0,32,0,5.4
party bus atlanta,0,3,0,87.7
party bus atlanta ga,0,1,0,82
party bus bar,0,61,0,14.4
party bus bar hopping,0,107,0,13.7
party bus chattanooga,0,1,0,42
party bus cincinnati,0,5,0,65
party bus cleveland,0,1,0,71
party bus cleveland latest,0,1,0,20
party bus columbia,0,4,0,44
party bus duluth,0,1,0,49
party bus food,0,2,0,31
party bus in cincinnati,0,1,0,75
party bus in cleveland,0,1,0,80
party bus knoxville,0,2,0,60
party bus location,0,12,0,39.5
party bus macon,0,2,0,43.5
party bus macon ga,0,1,0,47
party bus party,0,1,0,22
party bus portland,0,1,0,112
party bus pub crawl,0,22,0,44.1
party bus sarasota,0,1,0,76
party bus st petersburg,0,3,0,95.3
party bus tour,0,14,0,17.1
party bus usa,0,6,0,6.2
party bus with bar,0,3,0,7.3
party bus\,0,1,0,2
party buses lawrenceville,0,4,0,33
party city alpharetta,0,1,0,81
party city alpharetta ga,0,1,0,83
party city costumes,0,1,0,8
party cleveland,0,3,0,60.7
party dj services in sarasota fl,0,8,0,89.8
party drinks for halloween,0,2,0,56
party finder,0,1,0,1
party halloween costume,0,4,0,10
party halloween drink ideas,0,4,0,59.5
party on a bus,0,3,0,20.7
party on notasulga al,0,1,0,23
party onesie,0,4,0,15.8
party onesies,0,31,0,10.7
party onesies for adults,0,16,0,11.8
party pub crawl,0,2,0,9.5
party tour,0,4,0,4.2
party venues in macon ga,0,1,0,91
party venues macon,0,1,0,92
partybus festival,0,10,0,89.6
partygoer,0,1,0,15
pasadena bar crawl,0,14,0,40.1
pasadena pub crawl,0,2,0,36
pasadena st. patrick's day bar crawl,0,22,0,34.4
passau kneipentour,0,1,0,5
pat tucker the cocktail club,0,1,0,35
patchogue bar crawl,0,141,0,52.6
patchogue pub crawl,0,1,0,49
patchogue st patrick's day bar crawl,0,1,0,11
patio bar near me,0,2,0,5
patio bars near me,0,4,0,4.2
patrick boos,0,1,0,59
patrick crawling,0,5,0,26.2
patrick soulard,0,1,0,67
patrick's bar,0,1,0,99
patrick's pub and eatery,0,1,0,45
patrick's pub and grille,0,1,0,64
patrick's sarasota,0,3,0,26.7
patricks,0,2,0,7.5
patricks bar,0,3,0,9
patricks downtown,0,1,0,10
patricks irish bar,0,2,0,8.5
patricks sarasota,0,1,0,7
patricks usa,0,2,0,5.5
pattaya bar crawl,0,3,0,8.3
pattys bar,0,2,0,6
paul pub,0,3,0,9
paw crawl,0,2,0,4.5
pb bar crawl,0,118,0,37.3
pb bar crawl halloween,0,1,0,23
pb pub crawl,0,23,0,67.7
pb st patty's bar crawl,0,1,0,9
pdx bar crawl,0,1,0,10
pear tree dj,0,3,0,56.7
peddle club,0,1,0,1
peek a boo club cleveland ohio,0,2,0,45
pelican pub st pete,0,1,0,17
penn state bar crawl,0,1,0,41
penn state bar crawls,0,1,0,4
pensacola bar crawl,0,15,0,44.9
pensacola beach pub crawl,0,1,0,69
pensacola beach st patrick's pub crawl,0,2,0,43
pensacola halloween bar crawl,0,3,0,44.7
pensacola pub crawl,0,1,0,62
pensacola st. patrick's day bar crawl,0,43,0,46.7
percent bar,0,1,0,1
perkasie bar crawl,0,5,0,6.2
perks,0,1,0,1
perth bar crawl,0,2,0,10
pete and pete halloweenie,0,1,0,51
pete bar,0,1,0,1
petebar,0,1,0,4
petes bar crawl,0,1,0,8
philadelphia bar crawl,0,10,0,50.3
philadelphia st patrick's day bar crawl,0,1,0,33
philadelphia st. patrick's day bar crawl,0,8,0,38.2
philly bar crawl,0,2,0,54.5
philly bar crawl halloween,0,4,0,22.8
philly bar crawl st patty's,0,1,0,34
philly pub crawl st patty's day,0,3,0,22.3
philly st patrick's day bar crawl,0,3,0,26.7
philly st patty's bar crawl,0,4,0,28.8
philly st patty's day bar crawl,0,3,0,24.3
phoenix bar crawl,0,11,0,45.1
phoenix st. patrick's day bar crawl,0,9,0,37.1
phoenixville bar crawl,0,5,0,20.8
phuket pub crawl,0,1,0,5
piattaforme per prenotare bar crawl aperitivo tra diversi locali,0,3,0,4.3
pib crawl,0,21,0,6.4
pick me up cocktail,0,1,0,1
pickle bar crawl latest,0,2,0,8.5
pictures,0,3,0,3.7
pictures of people wearing them,0,1,0,1
pieces in soulard,0,1,0,38
pieces soulard,0,7,0,56
pies & pints,0,2,0,1
pilsen bar crawl,0,30,0,35.8
pilsen bar crawl 2026,0,1,0,2
pilsen bar crawl halloween,0,1,0,44
pilsen halloween bar crawl,0,2,0,50
pilsen pub crawl,0,17,0,34.7
pilsen st patty's bar crawl,0,2,0,30.5
pin crawl,0,1,0,1
pin-crawl,0,1,0,7
"pineapple marketing & communications, advertising/marketing, grenville",0,3,0,16.7
pineberry juice bar,0,1,0,69
pink cocktail recipe,0,1,0,1
pirate bar crawl,0,28,0,44.2
pirate pub crawl,0,5,0,52
pirate pub crawl anchorage,0,4,0,48.5
pitbull bar crawl,0,3,0,15.3
pitcher cocktails fall,0,1,0,54
pitcher margaritas near me,0,1,0,10
pittsburgh bar crawl,0,33,0,39
pittsburgh pub crawl,0,8,0,83
pittsburgh st patty's bar crawl,0,1,0,34
pittsburgh st. patrick's day bar crawl,0,10,0,42.1
pizza y tacos,0,1,0,94
pj bar crawl,0,2,0,8.5
place to get a drink near me,0,1,0,13
places that serve alcohol near me,0,1,0,12
places to bar hop,0,8,0,4
places to bar hop near me,0,11,0,6.5
places to drink,0,1,0,10
places to eat near me,0,1,0,77
places to go bar hopping near me,0,3,0,10
places to go out in cincinnati,0,1,0,41
places to go out near me,0,1,0,8
places to visit in north ga,0,1,0,13
plan a pub crawl,0,8,0,65.4
plan a pub crawl google maps,0,1,0,70
plan an event in alpharetta ga,0,1,0,31
plato platypus walk into a bar,0,1,0,80
platteville pub crawl,0,3,0,19
play party foto,0,1,0,29
playa del carmen bar crawl,0,2,0,48
playa del inglés bar crawl,0,3,0,82
playacrawl,0,1,0,21
pleasanton beer crawl,0,2,0,42.5
pob crawl,0,1,0,1
pobcrawl,0,1,0,4
pochita onesie,0,1,0,4
polestrawberry,0,126,0,21.7
polestrawberry instagram,0,10,0,9.2
polestrawberry twitter,0,30,0,6.8
polestrawberry x,0,3,0,5.7
pool and bar near me,0,1,0,6
pool and darts near me,0,2,0,11
pool and drinks near me,0,1,0,9
pool bar near me,0,9,0,9.1
pool bar nesr me,0,1,0,14
pool crawl,0,1,0,1
pool table areas near me,0,1,0,11
pool table bar near me,0,1,0,11
pop bar alpharetta,0,2,0,52.5
pop crawl,0,12,0,3.7
pop up bar bham,0,3,0,66.7
pop up bar birmingham,0,5,0,61
pop up bar birmingham al,0,3,0,60
"pop up bar birmingham, al",0,1,0,6
pop up christmas bars near me,0,1,0,6
pop up halloween,0,1,0,2
pop up halloween bars near me,0,1,0,9
pop up harry potter bar,0,1,0,1
popcrawl,0,1,0,1
popular bars,0,1,0,9
popular bars near me,0,3,0,11
popular bars portland,0,8,0,28.1
popular fall cocktails,0,1,0,84
popup bar bham,0,1,0,47
popup bar birmingham,0,1,0,6
porch crawl,0,2,0,1
porn onsie,0,1,0,10
port crawl,0,1,0,1
port huron pub crawl,0,1,0,29
portland,0,1,0,7
portland bar crawl halloween,0,2,0,9
portland bar crawls,0,5,0,9.2
portland bar events,0,2,0,13
portland best bars to get laid,0,2,0,85.5
portland ghosts boos and booze haunted pub crawl,0,1,0,33
portland halloween bar,0,3,0,6.7
portland halloween bars,0,1,0,19
portland harry potter,0,1,0,47
portland harry potter bar,0,12,0,9.8
portland holiday party bus,0,11,0,25.3
portland maine bar,0,1,0,23
portland maine events april 2026,0,1,0,6
portland maine events next weekend,0,1,0,12
portland maine events october 2025,0,2,0,74
portland maine halloween,0,77,0,10
portland maine halloween events,0,29,0,15.0
portland maine nightlife,0,1,0,50
portland maine old port in october,0,1,0,9
portland margaritas,0,1,0,85
portland nightlife maine,0,2,0,65
portland oregon best bars,0,1,0,36
portland oregon pub crawl,0,233,0,20.5
portland party bus,0,1,0,87
portland st pats,0,1,0,53
portland st. patrick's day bar crawl,0,34,0,23.8
portland taco,0,4,0,33.5
portland taco festival,0,5,0,16.4
portland ugly latest,0,11,0,26.7
porttown public house,0,2,0,39.5
pots roswell,0,1,0,26
potted cream butterbeer,0,1,0,72
poznan pub crawl,0,2,0,5
pre christmas bar hopping,0,2,0,1
pre christmas bar hopping tour,0,28,0,9.1
pre christmas barhopping tour,0,1,0,1
pre-christmas bar hopping tour,0,1,0,1
pre-christmas bar-hopping tour,0,1,0,1
prescott bar crawl,0,2,0,39.5
prescott pub crawl,0,2,0,39.5
"preservation pub knoxville ""blonde"" or woman or girl or victim or holly or identified",0,15,0,9.9
pride bar crawl,0,1,0,11
pride bar crawl 2026,0,1,0,1
pride crawl,0,1,0,8
private event bar,0,1,0,21
private event bars near me,0,1,0,7
private halloween event alpharetta,0,10,0,67
pro party crawls,0,7,0,32.9
"prom dj services in sarasota, fl",0,3,0,82
promo code bingo bar,0,9,0,21.7
promo code for bingo bar,0,42,0,24.7
promo code for tacos and tequila,0,2,0,1
promo code for tacos and tequila 2026,0,3,0,14
promo code tacos and tequila,0,2,0,1
promo codes for bingo bar,0,1,0,11
promocode bingo bar,0,1,0,22
providence bar crawl,0,1,0,32
psu bar crawl,0,2,0,30.5
pub activities,0,1,0,1
pub bar crawl,0,168,0,18.0
pub bar social distancing,0,1,0,28
pub bingo,0,86,0,12.7
pub bingo card,0,17,0,1.6
pub bingo challenges,0,2,0,10.5
pub bingo ideas,0,209,0,1.7
pub carousel,0,1,0,1
pub ceawl,0,2,0,4.5
pub city,0,1,0,7
pub claw,0,2,0,4
pub con,0,1,0,89
pub costumes,0,18,0,6.8
pub cr,0,4,0,1
pub cra,0,13,0,8.2
pub crael,0,16,0,28.8
pub cral,0,1,0,1
pub craql,0,1,0,14
pub craw,0,38,0,19.8
pub crawel,0,1,0,1
pub crawk,0,2,0,3
pub crawl + free shots,0,4,0,17.2
pub crawl 2025,0,11,0,11
pub crawl 2026,0,169,0,9.1
pub crawl activities,0,173,0,6.0
pub crawl adalah,0,2,0,2.5
pub crawl albany,0,1,0,45
pub crawl amsterdam,0,1,0,7
pub crawl anchorage,0,4,0,43.8
pub crawl ao nang,0,1,0,1
pub crawl atlanta united,0,1,0,37
pub crawl attire,0,7,0,20.9
pub crawl auckland,0,3,0,5.3
pub crawl austin,0,3,0,27.7
pub crawl austin tx,0,2,0,28.5
pub crawl bali,0,3,0,6.3
pub crawl bangalore,0,2,0,7.5
pub crawl bangkok,0,7,0,6.1
pub crawl bar,0,258,0,30.7
pub crawl barcelona,0,1,0,6
pub crawl baton rouge,0,1,0,63
pub crawl bedeutung,0,1,0,7
pub crawl belfast,0,1,0,6
pub crawl berlin,0,2,0,8.5
pub crawl betekenis,0,3,0,7
pub crawl bethlehem,0,1,0,67
pub crawl bethlehem pa,0,1,0,4
pub crawl bh,0,1,0,2
pub crawl bingo card,0,125,0,2.4
pub crawl bingo card ideas,0,16,0,1.2
pub crawl bingo cards,0,65,0,2.9
pub crawl bingo ideas,0,201,0,1.3
pub crawl boracay,0,1,0,5
pub crawl boston,0,20,0,1.4
pub crawl bratislava,0,1,0,2
pub crawl brighton,0,4,0,56
pub crawl brisbane,0,5,0,5.4
pub crawl bristol,0,2,0,24
pub crawl brookings,0,1,0,37
pub crawl budapest,0,3,0,4.7
pub crawl budva,0,1,0,4
pub crawl buffalo,0,1,0,88
pub crawl bus,0,76,0,16.8
pub crawl cambridge,0,4,0,1.2
pub crawl cancun,0,1,0,1
pub crawl cape town,0,1,0,3
pub crawl challenge,0,19,0,9.2
pub crawl challenge ideas,0,254,0,2.2
pub crawl challenge list,0,3,0,2.3
pub crawl challenges,0,476,0,2.4
pub crawl challenges ideas,0,229,0,2.4
pub crawl chiang mai,0,1,0,4
pub crawl chicago,0,4,0,6
pub crawl co to,0,77,0,1.5
pub crawl cologne,0,13,0,6.8
pub crawl columbus oh,0,295,0,8.5
pub crawl com,0,124,0,15.0
pub crawl company,0,15,0,11.5
pub crawl cost,0,1,0,1
pub crawl costumes,0,84,0,5.4
pub crawl cracovie,0,2,0,7
pub crawl creator,0,4,0,29.8
pub crawl dallas,0,17,0,49.2
pub crawl darwin,0,1,0,45
pub crawl dc,0,1,0,7
pub crawl deadwood,0,1,0,4
pub crawl deadwood sd,0,1,0,5
pub crawl definition,0,24,0,2.2
pub crawl detroit,0,1,0,9
pub crawl deutsch,0,1,0,3
pub crawl downtown,0,18,0,27.7
pub crawl dress up,0,3,0,12.7
pub crawl dress up ideas,0,63,0,7.3
pub crawl dress up themes,0,68,0,7.3
pub crawl dubai,0,4,0,3.2
pub crawl dublin,0,3,0,9.7
pub crawl dunedin,0,2,0,23
pub crawl dusseldorf,0,1,0,6
pub crawl easton pa,0,1,0,33
pub crawl edinburgh,0,5,0,4.8
pub crawl event,0,13,0,4.8
pub crawl event calendar 2026,0,6,0,5.3
pub crawl event calendar in the united states,0,56,0,9.9
pub crawl event details,0,3,0,9.3
pub crawl events,0,55,0,13.1
pub crawl events calendar 2026,0,63,0,8.9
pub crawl events in the united states,0,26,0,6.7
pub crawl experience,0,4,0,18.5
pub crawl fancy dress ideas,0,71,0,7.7
pub crawl fargo,0,38,0,32.7
pub crawl fargo nd,0,2,0,46.5
pub crawl fort lauderdale,0,1,0,35
pub crawl fort smith,0,1,0,7
pub crawl fort smith ar,0,1,0,4
pub crawl gadsden,0,1,0,10
pub crawl game,0,122,0,1.9
pub crawl game ideas,0,203,0,3.7
pub crawl games,0,1030,0,2.5
pub crawl games and challenges,0,4,0,1.8
pub crawl games ideas,0,75,0,1.1
pub crawl generator,0,13,0,36.6
pub crawl gili t,0,1,0,6
pub crawl gold coast,0,1,0,5
pub crawl grand rapids,0,1,0,3
pub crawl guide,0,1,0,1
pub crawl halloween,0,51,0,18.5
pub crawl hanoi,0,2,0,6.5
pub crawl hattiesburg,0,5,0,8
pub crawl hattiesburg ms,0,3,0,1
pub crawl heidelberg,0,7,0,35.9
pub crawl helsinki,0,1,0,7
pub crawl houston,0,2,0,5.5
pub crawl houston tx,0,1,0,1
pub crawl ideas,0,830,0,3.1
pub crawl ideas games,0,99,0,3.8
pub crawl images,0,1,0,31
pub crawl in barcelona,0,1,0,5
pub crawl in goa,0,2,0,1
pub crawl istanbul,0,1,0,7
pub crawl jacksonville fl,0,2,0,20
pub crawl jaipur,0,3,0,3
pub crawl janesville,0,1,0,30
pub crawl kansas city,0,5,0,46.4
pub crawl knoxville,0,35,0,9.1
pub crawl krabi,0,1,0,5
pub crawl krakow,0,13,0,6.3
pub crawl la,0,84,0,38.8
pub crawl lagos,0,1,0,5
pub crawl lake of the ozarks,0,24,0,59.9
pub crawl latest,0,72,0,11.4
pub crawl latest latest,0,3,0,10
pub crawl ljubljana,0,1,0,5
pub crawl locations,0,10,0,5.8
pub crawl logo,0,23,0,15.7
pub crawl london,0,14,0,5.6
pub crawl long beach,0,164,0,41.7
pub crawl los angeles,0,5,0,23
pub crawl los angeles ca,0,11,0,51
pub crawl louisville ky,0,3,0,69.7
pub crawl luxembourg,0,1,0,5
pub crawl madison wi,0,1,0,1
pub crawl madrid,0,7,0,5.7
pub crawl maker,0,2,0,29
pub crawl map,0,44,0,13.2
pub crawl map generator,0,2,0,31
pub crawl map maker,0,11,0,24.3
pub crawl map template,0,6,0,21.8
pub crawl maps,0,30,0,23.2
pub crawl meaning,0,468,0,2.7
pub crawl means,0,1,0,1
pub crawl melbourne,0,2,0,5.5
pub crawl meme,0,1,0,11
pub crawl memphis,0,80,0,58.5
pub crawl miami,0,5,0,13.4
pub crawl mn,0,2,0,74.5
pub crawl monroe wi,0,1,0,10
pub crawl munich,0,6,0,3.2
pub crawl myrtle beach,0,15,0,20.4
pub crawl natchitoches,0,5,0,9.6
pub crawl new orleans,0,1,0,3
pub crawl new york,0,6,0,5.5
pub crawl newtown,0,1,0,64
pub crawl nice,0,1,0,3
pub crawl nyc,0,13,0,7.8
pub crawl official website,0,1,0,3
pub crawl onesie,0,23,0,12.0
pub crawl orlando,0,76,0,41.8
pub crawl oshkosh,0,12,0,8.2
pub crawl oshkosh 2026,0,14,0,1.3
pub crawl ottawa,0,1,0,6
pub crawl outfit,0,103,0,7.5
pub crawl outfit ideas,0,110,0,8.2
pub crawl outfit women,0,1,0,1
pub crawl outfits,0,528,0,5.1
pub crawl paris,0,4,0,5.5
pub crawl party,0,4,0,18
pub crawl party bus,0,24,0,31.5
pub crawl pattaya,0,2,0,8.5
pub crawl phuket,0,1,0,4
pub crawl pittsburgh,0,1,0,4
pub crawl planner,0,5,0,46.8
pub crawl portland oregon,0,249,0,14.1
pub crawl porto,0,1,0,7
pub crawl prague,0,4,0,5
pub crawl promo code,0,3,0,30.7
pub crawl putfots,0,16,0,4.9
pub crawl que es,0,2,0,40
pub crawl queenstown,0,1,0,4
pub crawl raleigh,0,6,0,20.7
pub crawl raleigh nc,0,6,0,36.7
pub crawl riga,0,1,0,5
pub crawl rochester ny,0,14,0,63.3
pub crawl rome,0,5,0,6.6
pub crawl route,0,8,0,75.1
pub crawl route map,0,1,0,1
pub crawl route planner,0,8,0,28.2
pub crawl routes,0,2,0,28
pub crawl royal oak,0,3,0,57.3
pub crawl rules,0,1,0,2
pub crawl rules for adults,0,1,0,4
pub crawl run,0,1,0,1
pub crawl sacramento,0,2,0,5
pub crawl salt lake city,0,6,0,46.5
pub crawl san antonio tx,0,4,0,74.8
pub crawl san jose,0,13,0,42.8
pub crawl santa marta,0,1,0,28
pub crawl saturday,0,2,0,1
pub crawl schedule,0,16,0,11.1
pub crawl schedule details,0,2,0,9.5
pub crawl seattle,0,4,0,18.8
pub crawl seoul,0,1,0,9
pub crawl siem reap,0,1,0,1
pub crawl slc,0,2,0,24.5
pub crawl southampton,0,3,0,47.7
pub crawl split,0,1,0,3
pub crawl springfield mo,0,2,0,31
pub crawl sri lanka,0,1,0,6
pub crawl st paddy's day,0,13,0,9.2
pub crawl st patricks day,0,4,0,12
pub crawl stockholm,0,1,0,5
pub crawl sydney,0,8,0,5.1
pub crawl t shirt,0,1,0,88
pub crawl tacoma,0,1,0,26
pub crawl tasks,0,29,0,3.1
pub crawl thailand,0,5,0,2.6
pub crawl theme,0,161,0,16.6
pub crawl theme ideas,0,3,0,25.3
pub crawl themes,0,46,0,20.5
pub crawl themes for adults,0,1,0,1
pub crawl this weekend,0,6,0,4.2
pub crawl tickets,0,312,0,10.1
pub crawl tickets near me,0,2,0,11
pub crawl today,0,16,0,9.1
pub crawl tonight,0,12,0,7.9
pub crawl toronto,0,1,0,3
pub crawl tour,0,9,0,21.1
pub crawl tours,0,12,0,20.4
pub crawl travel,0,115,0,46.9
pub crawl tucson,0,5,0,60.6
pub crawl urban dictionary,0,1,0,2
pub crawl vancouver,0,2,0,1.5
pub crawl virginia beach,0,135,0,41.9
pub crawl vs bar hopping,0,10,0,3.6
pub crawl west palm beach,0,3,0,63.7
pub crawl what is it,0,19,0,11.7
pub crawl winnipeg,0,2,0,6.5
pub crawl yuma az,0,1,0,27
pub crawl zadar,0,1,0,5
pub crawl zurich,0,1,0,9
pub crawl.,0,8,0,5.4
pub crawl.games,0,3,0,1
pub crawl?,0,5,0,5
pub crawler,0,43,0,14.0
pub crawlers,0,246,0,22.8
pub crawlerz,0,2,0,24
pub crawling,0,123,0,6.4
pub crawling meaning,0,19,0,5.1
pub crawls atlanta,0,301,0,5.0
pub crawls chicago,0,1,0,50
pub crawls houston,0,1,0,94
pub crawls in kansas city,0,3,0,79
pub crawls in milwaukee,0,1,0,53
pub crawls london,0,1,0,11
pub crawls madrid,0,1,0,6
pub crawls meaning,0,9,0,16.1
pub crawls nyc,0,1,0,95
pub crawls promo code,0,1,0,21
pub crawls this weekend,0,4,0,8.8
pub crawls turks and caicos,0,2,0,66
pub crawls.com,0,1,0,7
pub crawn,0,1,0,1
pub crew,0,10,0,8.3
pub crewl,0,3,0,3.7
pub croll,0,4,0,6.5
pub crow,0,2,0,6
pub crowl,0,17,0,2.6
pub crowling,0,4,0,4.2
pub crwal,0,6,0,10.8
pub crwl,0,5,0,2.4
pub festival,0,1,0,8
pub games,0,1,0,3
pub golf,0,5,0,71.4
pub golf bar crawl,0,3,0,57.7
pub golf challenges,0,4,0,5
pub golf challenges ideas,0,1,0,4
pub golf map,0,1,0,38
pub halloween,0,1,0,1
pub halloween ideas,0,47,0,6.0
pub hop,0,5,0,5
pub hoping,0,3,0,6.7
pub hopper,0,1,0,1
pub hopping,0,70,0,7.0
pub hopping meaning,0,18,0,1.1
pub jumping,0,2,0,1
pub kostum,0,1,0,6
pub krawl,0,3,0,7.3
pub maps,0,1,0,33
pub pop up beltline,0,6,0,10.5
pub run,0,1,0,13
pub runner,0,1,0,1
pub scroll,0,1,0,1
pub tours,0,1,0,10
pub usa,0,6,0,48.3
pub vrawl,0,3,0,6.3
pub walk,0,2,0,5
pub walks,0,1,0,3
pub wizard,0,3,0,31
pub-crawl,0,21,0,16.7
pub-crawl.de,0,91,0,26.8
pub-crawling,0,1,0,2
pubcraw,0,2,0,69.5
pubcrawl,0,105,0,18.5
pubcrawl bingo,0,17,0,10.1
pubcrawl booze,0,32,0,6.8
pubcrawl event,0,2,0,7
pubcrawl games,0,26,0,4.8
pubcrawl hold booze,0,5,0,9
pubcrawl london,0,1,0,6
pubcrawl meaning,0,3,0,1.7
pubcrawl miami,0,1,0,48
pubcrawl.team,0,1,0,10
pubcrawlers,0,295,0,8.5
pubcrawling,0,1,0,7
pubcrawls,0,136,0,36.9
pubcrawls com,0,81,0,30.1
pubcrawls.com,0,13,0,57.9
pubcrow,0,1,0,1
pubcrowl,0,1,0,1
pubcrwal,0,2,0,6.5
pubgold,0,1,0,4
public crawl,0,7,0,16
pubrun,0,1,0,1
pubrunda,0,1,0,27
pubs cincinnati,0,1,0,11
pubs crawl,0,1,0,1
pubs in asheville nc,0,1,0,4
pubs in atlanta,0,3,0,8.3
pubs in cincinnati,0,3,0,7.3
pubs in cleveland,0,1,0,3
pubs in sarasota,0,1,0,6
pubs neae me,0,1,0,12
pubs near e,0,1,0,6
pubs near me,0,68,0,8.9
puctures,0,1,0,1
pud crawl,0,1,0,6
puerto rico bar crawl,0,1,0,44
pugcrawl,0,3,0,40.3
pun crawl,0,5,0,2.8
punta cana bar crawl,0,2,0,1.5
pup crawl,0,8,0,7.6
purdue bar crawl,0,11,0,27.4
pure pleasure adult megacenter photos,0,1,0,7
pure taqueria alpharetta ga,0,4,0,64
putt putt bar crawl,0,1,0,9
pyjama combinaison adulte,0,1,0,5
quad county bar crawl,0,40,0,11.6
que es bar hopping,0,3,0,1
que es el bar hopping,0,3,0,9.3
que es pub crawl,0,2,0,2
que es un bar hopping,0,1,0,1
que es un pub crawl,0,3,0,10.3
que significa bar hopping,0,1,0,3
quickly duluth,0,2,0,16
quickly's duluth,0,2,0,18.5
rabbit vibrator duluth,0,3,0,37.7
racos and tequila,0,2,0,6
"raffurty s bar and grill, bar & grill, sarasota",0,1,0,28
raleigh bar crawl,0,49,0,30.8
raleigh halloween bar crawl,0,18,0,40.5
raleigh nc bar crawl,0,6,0,34.5
raleigh pub crawl,0,26,0,36.8
raleigh st patrick's day bar crawl,0,5,0,37.6
raleigh st patricks day bar crawl,0,1,0,12
raleigh st. patrick's day bar crawl,0,19,0,35.6
reading bar crawl,0,2,0,11
rebel crawl,0,2,0,1
recess bar and lounge macon ga,0,2,0,8.5
recess macon ga,0,5,0,11.6
recess pub gainesville ga,0,1,0,27
recipes for fall cocktails,0,1,0,78
recipes for fall drinks,0,1,0,76
recover from a pub crawl,0,1,0,12
red alcohol drink,0,1,0,1
red white and blue bar crawl,0,1,0,11
red white and brew bar crawl,0,2,0,5.5
relapse club columbia sc,0,2,0,11.5
reno bar crawl,0,1,0,3
restaurant crawl,0,3,0,5
revolutionary pub crawl,0,4,0,69.8
rggb bar crawl frolics,0,1,0,3
rhyming costumes,0,1,0,4
rich and bennett bar crawl,0,7,0,37.6
rich and bennett bar crawl charlotte,0,1,0,58
rich and bennett halloween bar crawl,0,1,0,45
richmond bar crawl,0,18,0,40.5
richmond st patty's day bar crawl,0,1,0,1
richmond st. patrick's day bar crawl,0,18,0,32.7
river falls bar crawl,0,2,0,19.5
river north halloween bar crawl,0,1,0,45
riverside bar crawl,0,70,0,37.7
riverside halloween bar crawl,0,1,0,29
riverside pub crawl,0,23,0,44.6
riverside st. patrick's day bar crawl,0,31,0,28.4
riverwalk bar crawl,0,4,0,35
riverwood cafe,0,1,0,36
riverwood cafe lakewood,0,3,0,67
riviera bar crawl,0,2,0,5
roar drinks near me,0,7,0,6.6
roawell,0,1,0,48
rochester bar crawl,0,35,0,33.7
rochester pub crawl,0,217,0,39.0
rochester st patrick's day bar crawl,0,3,0,24.3
rochester st. patrick's day bar crawl,0,60,0,42.9
rogers park taco crawl,0,2,0,27
rogers park taco crawl 2026,0,1,0,10
rome bar crawl,0,1,0,4
rome pub crawl,0,1,0,4
roof taco,0,1,0,64
roof top bar birmingham al,0,1,0,11
roof top bar greenville,0,1,0,96
roof top bar near me,0,3,0,12.3
roof top bars fort worth,0,1,0,12
rooftop bar chattanooga,0,1,0,3
rooftop bar crawl,0,11,0,33.9
rooftop bar crawl barcelona,0,1,0,2
rooftop pool atlanta day pass,0,1,0,72
room crawl,0,2,0,20
room crawl ideas,0,1,0,5
room crawl meaning,0,2,0,1
rosemont bar crawl,0,9,0,20.1
roswell,0,1,0,26
roswell bar,0,177,0,10.7
roswell bus schedule,0,1,0,54
roswell cocktail bar,0,3,0,14
roswell fiesta,0,2,0,42.5
roswell ga,0,1,0,5
roswell ga bars,0,8,0,11.9
roswell ga christmas events,0,2,0,79.5
roswell ga events today,0,2,0,4.5
roswell ga st patrick's day,0,18,0,2.9
roswell ga to gainesville ga,0,2,0,25.5
roswell ga to greenville sc,0,1,0,54
roswell ga to knoxville tn,0,1,0,67
roswell ga usa,0,1,0,16
roswell georgia bars,0,5,0,64.2
roswell ghost tours & haunted pub crawls,0,1,0,52
roswell halloween events,0,21,0,9.3
roswell internet,0,1,0,75
roswell night life,0,1,0,23
roswell nightlife,0,4,0,35.8
roswell party,0,2,0,15
roswell saloon,0,3,0,31.7
roswell social,0,1,0,40
roswell st,0,22,0,10.2
roswell summer sippin 2026,0,4,0,9
roswell tap,0,5,0,76.4
roswell to lawrenceville,0,1,0,48
roswell transmission,0,1,0,72
roswell trunk or treat 2025,0,4,0,21
roswell usa,0,4,0,58.5
roswell's bar,0,2,0,14
roswells bar,0,9,0,11.1
rotterdam bar crawl,0,1,0,2
rotterdam pub crawl,0,1,0,6
round up saloon lafayette,0,1,0,66
route bar,0,3,0,4.3
royal bar crawl,0,3,0,46.3
royal crawl,0,2,0,70.5
royal crawl fremont street,0,1,0,2
royal oak bar crawl,0,6,0,38
royal oak bar crawls,0,4,0,43.5
royal oak christmas bar crawl,0,1,0,31
royal oak halloween bar crawl,0,4,0,27.5
royal oak pub crawl,0,2,0,28.5
royal oak st paddy's bar crawl,0,3,0,25.7
royal oak st patty's bar crawl,0,1,0,29
royal oak st patty's bar crawl 2026,0,1,0,24
ruston beer crawl,0,2,0,10.5
ruston beer crawl 2026,0,1,0,28
ruta bar,0,1,0,2
ruta de bares,0,8,0,1.5
rutgers bar crawl,0,8,0,27.6
rutgers bar crawl latest,0,1,0,18
ryze vodka,0,2,0,32.5
s bar and grill upcoming events,0,1,0,10
sac bar crawl,0,12,0,38.5
sacramento bar crawl,0,12,0,47.9
sacramento halloween bar crawl,0,1,0,59
sacramento st. patrick's day bar crawl,0,6,0,37
saint arnold pub crawl,0,4,0,59.5
saint germain drink,0,1,0,1
saint germain recipes,0,2,0,1
saint paddy's bar crawl,0,8,0,5.9
saint paddy's day bar crawl,0,12,0,6.8
saint paddys bar crawl,0,19,0,7.4
saint patrick bar crawl,0,27,0,13.0
saint patrick day bar crawl,0,3,0,7
saint patrick macon,0,1,0,4
saint patrick portland,0,1,0,95
saint patrick's bar,0,2,0,57.5
saint patrick's bar crawl,0,8,0,6.1
saint patrick's day 2026 bar crawl,0,4,0,3.5
saint patrick's day bar,0,2,0,25
saint patrick's day bar crawl 2025,0,2,0,3.5
saint patrick's day crawl,0,9,0,9.6
saint patrick's day drinks near me,0,1,0,20
saint patrick's day greenville sc,0,17,0,9.1
saint patrick's day parties,0,1,0,10
saint patrick's day pub crawl,0,6,0,6.5
saint patrick's pub crawl,0,1,0,6
saint patricks bar,0,1,0,12
saint patricks bar crawl,0,23,0,9
saint patricks day bar crawl 2026,0,37,0,7.6
saint patricks day crawl,0,1,0,2
saint patricks day pub crawl,0,2,0,4
saint patricks fort worth,0,1,0,4
saint patties bar crawl,0,2,0,1
saint patty bar crawl,0,10,0,10.2
saint patty's bar crawl,0,7,0,10.4
saint patty's day bar crawl,0,29,0,8.7
saint pattys day bar crawl,0,40,0,7.0
saint petersburg pub crawl,0,4,0,14
saints bar crawl,0,13,0,11.6
salem bar crawl,0,9,0,29.7
salisbury bar crawl,0,2,0,15
saloon events,0,1,0,1
salsa tequila and taco challenge,0,3,0,67.3
salt lake city bar crawl,0,53,0,46.0
salt lake city pub crawl,0,38,0,50.2
salt lake city st. patrick's day bar crawl,0,50,0,43.2
san antonio bar crawl,0,51,0,49.9
san antonio pub crawl,0,17,0,55.5
san antonio st. patrick's day bar crawl,0,18,0,24.9
san diego bar crawl,0,1,0,7
san diego halloween bar crawl,0,3,0,68
san diego pub crawler,0,1,0,94
san francisco bar crawl,0,4,0,59.2
san francisco st. patrick's day bar crawl,0,11,0,47.7
san jose bar crawl,0,43,0,40.5
san jose halloween bar crawl,0,19,0,50.6
san jose pub crawl,0,41,0,37.1
san jose st. patrick's day bar crawl,0,19,0,28.7
san juan bar crawl,0,1,0,40
san juan pub crawl,0,2,0,56
san luis obispo bar crawl,0,7,0,26.7
san marcos bar crawl,0,31,0,28.4
san marcos pub crawl,0,13,0,24.2
san marcos st. patrick's day bar crawl,0,44,0,29.9
san margherita columbus process service,0,33,0,15.1
san pablo bar crawl,0,1,0,24
santa bar crawl,0,3,0,7.7
santa bar crawl atlanta,0,1,0,2
santa bar crawl costumes,0,4,0,11.2
santa barbara bar crawl,0,38,0,43.1
santa barbara pub crawl,0,37,0,47.7
santa barbara st. patrick's day bar crawl,0,4,0,27
santa claus pub crawl,0,1,0,1
santa crawl,0,6,0,7.7
santa crawls,0,10,0,6.1
santa cruz bar crawl,0,35,0,30.7
santa cruz pub crawl,0,26,0,34.9
santa cruz st. patrick's day bar crawl,0,27,0,18.6
santa pub crawl,0,3,0,6.3
santa pub crawl costumes,0,2,0,41
santa san francisco bar crawl,0,61,0,51.8
santacon bar crawl,0,1,0,10
santacrawl,0,1,0,1
sarasota,0,3,0,8
sarasota bar,0,333,0,24.9
sarasota bars,0,3,0,20.7
sarasota bars downtown,0,4,0,15.8
sarasota best bars,0,3,0,17
sarasota block party,0,1,0,2
sarasota cinco de mayo events,0,3,0,57
sarasota downtown bars,0,11,0,18.6
sarasota florida bars,0,1,0,2
sarasota halloween block party 2024,0,1,0,69
sarasota halloween events,0,35,0,27.5
sarasota halloween party,0,1,0,11
sarasota irish pub,0,1,0,63
sarasota margarita festival,0,49,0,9.0
sarasota meetups,0,1,0,93
sarasota party latest,0,2,0,13
sarasota st patrick's day 2025,0,2,0,8.5
sarasota st patrick's day events,0,41,0,8.3
sarasota st patrick's day parade,0,19,0,11
sarasota st patricks day,0,60,0,8.3
sarasota st patty's day block party,0,2,0,12
sarasota things to do this weekend,0,1,0,1
sarasota to macon ga,0,1,0,72
saratoga bar crawl,0,1,0,33
saratoga pub crawl,0,1,0,37
saratoga st patrick's day bar crawl,0,14,0,9
saturday bar crawl,0,5,0,9
saturn lounge,0,1,0,5
savannah bar crawl,0,103,0,69.1
savannah christmas bar crawl,0,3,0,64.3
savannah ga bar crawl,0,5,0,46.2
savannah georgia bar crawl,0,1,0,73
savannah halloween bar crawl,0,7,0,67.4
savannah st patrick's day bar crawl,0,10,0,32.9
savannah st. patrick's day bar crawl,0,24,0,43.9
scary cocktails,0,14,0,2
scofflaw beers,0,1,0,92
scottsdale bar crawl,0,1,0,48
scottsdale halloween bar crawl,0,1,0,39
scottsdale st patrick's day bar crawl,0,1,0,43
scottsdale st patty's bar crawl,0,2,0,20.5
scottsdale st. patrick's day bar crawl,0,26,0,47.4
sd club crawl,0,1,0,99
sdsu bar crawl,0,1,0,8
sdsu pub crawl,0,1,0,2
seasonal events in alpharetta ga,0,7,0,15.3
seasonal fall cocktails,0,2,0,59
seattle bar crawl,0,151,0,41.4
seattle pub crawl,0,4,0,48.5
seattle pub crawls,0,32,0,41.8
seattle st. patrick's day bar crawl,0,15,0,39.3
secret harry potter bar in cleveland,0,13,0,4.4
seinfeld halloween costumes,0,1,0,6
self-guided bar crawl las vegas,0,2,0,1
senior bar crawl,0,26,0,20.2
senior bar crawl costume ideas,0,87,0,4.9
senior bar crawl themes,0,4,0,18
senior crawl,0,4,0,29.2
seoul bar crawl,0,1,0,6
seoul pub crawl,0,1,0,5
september 24,0,1,0,13
september bar,0,2,0,4
september cocktails,0,1,0,57
set the bar sarasota 2026,0,1,0,23
sf st patrick's day bar crawl,0,2,0,31
sf st patty's day bar crawl,0,4,0,30.8
sf st pattys bar crawl,0,1,0,35
shadows bar,0,1,0,2
shameock crawl,0,4,0,4
shameocks,0,1,0,2
shammrocks,0,1,0,9
shamrock bar,0,9,0,7.3
shamrock bar sarasota,0,25,0,9.2
shamrock block,0,1,0,4
shamrock block party,0,3,0,3.3
shamrock club,0,1,0,7
shamrock crawl 2026,0,3,0,5.7
shamrock crawl atlanta,0,22,0,5.4
shamrock crawl beltline,0,21,0,4.6
shamrock crawl latest,0,4,0,11.2
shamrock downtown,0,2,0,6.5
shamrock entertainment,0,1,0,60
shamrock fest tickets,0,2,0,60
shamrock irish pub,0,5,0,9.6
shamrock on the square,0,1,0,1
shamrock pub,0,34,0,9.8
shamrock pub crawl,0,54,0,9.2
shamrock pub photos,0,1,0,16
shamrock pub sarasota,0,148,0,11.8
shamrock pub sarasota fl,0,33,0,17.2
shamrock pub sarasota latest,0,3,0,17.3
shamrock pub sarasota menu,0,3,0,9
"shamrock pub, pub, sarasota",0,3,0,21.3
shamrock saloon,0,1,0,36
shamrock sarasota,0,107,0,11.3
shamrock shuttle,0,1,0,90
shamrock stroll,0,2,0,22
shamrock tavern,0,1,0,6
shamrocked beer fest,0,1,0,43
shamrocks,0,38,0,9.2
shamrocks bar,0,2,0,4.5
shamrocks cocktail bar,0,1,0,20
shamrocks irish pub,0,1,0,7
shamrocks sarasota,0,3,0,11.3
shamrocks st patrick's day,0,2,0,3.5
shanghai pub crawl,0,1,0,4
shanrocks,0,1,0,10
shark onesie,0,1,0,4
shark onesie for adults,0,1,0,5
sharkey's greenville sc,0,1,0,81
shazam costume,0,1,0,8
sho nuff costume,0,1,0,7
short north bar crawl,0,1,0,3
shots,0,1,0,6
shots de tequila,0,2,0,80.5
shrek characters costumes,0,1,0,5
siesta key bar crawl,0,18,0,10.4
siesta key pub crawl,0,4,0,8.2
signature halloween cocktail,0,1,0,2
silly onesie,0,1,0,9
silly onesies for adults,0,1,0,12
simple cocktail with tequila,0,1,0,1
simple fall cocktail recipes,0,1,0,57
simple fall cocktails,0,38,0,68.4
simple fall drinks,0,2,0,82.5
simple halloween alcoholic drinks,0,1,0,37
simple halloween cocktail,0,3,0,6
simple halloween drinks,0,13,0,11.2
simple hot bourbon drinks,0,1,0,1
simple spooky halloween cocktails recipes 2025 or 2026,0,5,0,4
since bar,0,1,0,1
singapore pub crawl,0,3,0,5.3
singles bar crawl,0,1,0,11
singles bar near me,0,2,0,5.5
singles bars near me,0,1,0,3
singles events indianapolis,0,2,0,5.5
sippin bar,0,2,0,8
sippin drink,0,2,0,21
sippin drinks,0,1,0,50
sippin margs,0,1,0,94
sit down bars near me,0,2,0,11
site crawler,0,1,0,89
site:barcrawlusa.com,0,73,0,35.5
site:eventvesta.com,0,38,0,53.1
site:https://barcrawlusa.com,0,50,0,46
site:www.eventvesta.com,0,3,0,34.3
ski wear shops lawrenceville,0,2,0,38
skinny shots duluth,0,2,0,66
skip the games st.louis,0,1,0,6
sky bar events,0,1,0,6
slaughterhouse party bus tour,0,3,0,19.7
slc bar crawl,0,4,0,27.5
slc halloween bar crawl,0,1,0,14
sll,0,1,0,18
slouch pouch onesie,0,18,0,8.7
slouch pouch onsie,0,2,0,10
"smash taco, food & drink, macon",0,9,0,18.4
smashed bar crawl benidorm,0,1,0,10
smedley's bar,0,4,0,35.5
"smedley's bar & grill, bar & grill, west park",0,1,0,26
smedley's bar cleveland,0,4,0,44.5
smedleys cleveland sports bar,0,11,0,21.4
"smedleys cleveland, bar & grill, westpark",0,7,0,19.1
smyrna bars,0,10,0,47.3
snacks for a party bus,0,1,0,54
snappok,0,1,0,48
sneak and dawdle opelika,0,1,0,65
snoopy onesie,0,1,0,5
snowball pub crawl,0,13,0,18.4
snuggie pub crawl,0,5,0,30.2
snuggle goof onesie,0,1,0,4
snuggle goofs onesie,0,2,0,4
social bar & grill soulard,0,3,0,66.3
social bar & grill soulard photos,0,3,0,44.3
social bar and grill soulard,0,8,0,65
social bar and grill soulard photos,0,5,0,33.6
social bar columbia sc,0,1,0,33
social bar near me,0,1,0,13
social bar soulard,0,4,0,54
social bar st louis,0,1,0,58
social bars near me,0,1,0,11
social crawl,0,12,0,15.5
social events,0,1,0,1
social house in soulard,0,5,0,73.8
social house near me,0,1,0,8
social house soulard,0,7,0,60.3
social house soulard st louis mo,0,2,0,45.5
social house tacos and tequila,0,1,0,30
soho bar crawl,0,5,0,28.4
sole track brewing photos,0,1,0,66
solid color onesies for adults,0,1,0,10
somers paddy crawl,0,10,0,20
somers point bar crawl,0,1,0,25
somers point paddy crawl,0,1,0,19
something funny,0,1,0,20
soorts bars near me,0,1,0,14
souderton bar crawl,0,1,0,1
soulard,0,7,0,3.6
soulard bar,0,204,0,8.9
soulard bar and grill,0,2,0,31
soulard bar latest,0,4,0,16.2
soulard barcycle,0,10,0,22.5
soulard bars st louis,0,32,0,18.1
soulard bars st louis mo,0,5,0,27.6
soulard bars stl,0,14,0,38.9
soulard bars with live music,0,5,0,33
soulard bastille,0,4,0,40.5
"soulard bastille, pub, st. louis",0,2,0,19.5
soulard brax,0,1,0,34
soulard brunch,0,38,0,18.6
soulard events this weekend,0,5,0,14.6
soulard events today,0,11,0,2.8
soulard halloween,0,2,0,16
soulard live music,0,4,0,43.8
soulard missouri,0,1,0,3
soulard mo bars,0,6,0,26.2
soulard neighborhood nightlife st louis,0,1,0,2
soulard neighborhood st louis,0,1,0,5
soulard nightlife,0,18,0,10.7
soulard nightlife st louis,0,8,0,9.2
soulard pizza,0,1,0,91
soulard shooting,0,2,0,33
soulard social house,0,6,0,54.2
soulard st louis,0,1,0,2
soulard st louis bars,0,42,0,18.9
soulard st louis nightlife,0,3,0,7.7
soulard st patrick's day,0,3,0,1
soulard this weekend,0,1,0,1
soulard yacht club,0,1,0,5
soulards restaurant,0,1,0,49
sour crawl,0,1,0,76
south beach bar crawl,0,2,0,43
south cape best martini competition pub crawl,0,1,0,19
south end bar crawl,0,1,0,4
south grand cocktail crawl,0,40,0,6.8
south loop bar crawl,0,10,0,35.5
south side bar crawl,0,5,0,25.4
southern belle shot,0,1,0,1
southern pines bar crawl,0,2,0,5
southie bar crawl,0,1,0,33
southport pub crawl,0,1,0,30
southside bar crawl,0,21,0,32.4
southside halloween bar crawl,0,3,0,55
sox bar crawl,0,2,0,20
sox bar crawl 2026,0,1,0,36
sox crawl,0,5,0,36
speakeasy atlanta ga,0,1,0,3
speakeasy cleveland,0,1,0,2
speakeasy crawl,0,1,0,3
speakeasy lounge bus,0,1,0,15
special tours,0,1,0,4
speedy gonzales nashville,0,1,0,1
spice witch asheville,0,1,0,55
spicy,0,1,0,1
split bar crawl,0,3,0,52.7
spoets bar near me,0,1,0,10
spokane bar crawl,0,7,0,42.3
spokane halloween bar crawl,0,2,0,47.5
spooky alcohol drinks,0,2,0,50.5
spooky and scary costumes,0,1,0,11
spooky bar,0,2,0,8.5
spooky bars,0,1,0,7
spooky bars near me,0,7,0,6.7
spooky cocktail,0,5,0,5.2
spooky cocktail drinks,0,1,0,3
spooky cocktail recipes,0,1,0,2
spooky cocktails,0,52,0,2.7
spooky cocktails easy,0,9,0,1.1
spooky drinks,0,1,0,1
spooky food for halloween party,0,2,0,1.5
spooky themed bars near me,0,1,0,12
spooky themed drinks,0,1,0,3
spooky's halloween store,0,1,0,48
sports bar and grill columbia sc,0,1,0,1
sports bar in chattanooga,0,2,0,13
sports bar in columbia sc,0,1,0,4
sports bar near,0,1,0,11
sports bar near me,0,170,0,9.3
sports bar nears me,0,1,0,3
sports bar usa,0,2,0,55
sports bars alpharetta,0,3,0,12
sports bars buckhead,0,1,0,7
sports bars cincinnati,0,1,0,4
sports bars columbia sc,0,1,0,12
sports bars downtown chattanooga,0,2,0,2
sports bars downtown st pete,0,1,0,6
sports bars in chattanooga,0,1,0,3
sports bars in gainesville ga,0,1,0,39
sports bars in lakewood ohio,0,2,0,39
sports bars in lawrenceville ga,0,1,0,13
sports bars lakewood,0,1,0,14
sports bars lawrenceville,0,1,0,9
sports bars lawrenceville ga,0,1,0,9
sports bars near me,0,69,0,7.8
sports bars sarasota fl,0,1,0,6
spot bar near me,0,4,0,11.8
spotlight lounge cincinnati,0,1,0,54
springfield bar crawl,0,1,0,90
springfield halloween pub crawl,0,68,0,34.3
springfield mo pub crawl,0,3,0,36
springfield pub crawl,0,114,0,37.3
springville pub crawl,0,1,0,2
sprite cranberry christmas sweater,0,1,0,19
spritz cocktails recipe,0,1,0,1
spy bar cleveland,0,3,0,62.7
st albans pub crawl map,0,2,0,46.5
st bars,0,1,0,1
st charles bar crawl,0,5,0,11.8
st crawler,0,9,0,5.8
st germain aperol cocktail,0,1,0,1
st germain cocktails,0,26,0,1
st germain drink,0,3,0,1
st germain drink recipe,0,1,0,1
st germain liqueur recipes,0,3,0,1
st germain recipes,0,29,0,1
st germaine recipes,0,5,0,1
st joe pub crawl,0,6,0,17.2
st kilda bar crawl,0,1,0,35
st louis,0,1,0,2
st louis barcycle,0,3,0,41.7
st louis clubs,0,1,0,2
st louis cougar bars,0,19,0,25.9
st louis events,0,1,0,3
st louis events today,0,1,0,1
st louis halloween events,0,1,0,2
st louis sex club,0,1,0,10
st louis soulard bars,0,4,0,25.8
st louis strip clubs,0,1,0,5
st louis tacos and tequila,0,9,0,10.9
st oatricks day bar crawl,0,7,0,7.9
st oattys bar crawl,0,6,0,4.8
st paddy bar crawl,0,43,0,9.1
st paddy crawl,0,9,0,8.8
st paddy pub crawl,0,8,0,8.2
st paddy's bar,0,2,0,8.5
st paddy's bar crawl,0,112,0,9.8
st paddy's day bar crawl,0,66,0,12.1
st paddy's day events near me,0,1,0,2
st paddy's day pub crawl,0,299,0,14.2
st paddy's pub,0,3,0,9.3
st paddy's pub crawl,0,19,0,4.7
st paddy's shamrock,0,1,0,5
st paddys,0,1,0,66
st paddys bar,0,2,0,11.5
st paddys bar crawl 2026,0,5,0,6.4
st paddys crawl,0,16,0,7.6
st paddys day bar,0,6,0,6.7
st paddys day bar crawl 2026,0,2,0,9
st paddys day bar crawls,0,2,0,5.5
st paddys day crawl,0,4,0,8.2
st paddys day pub crawl,0,14,0,5.4
st paddys pub,0,2,0,12.5
st paddys pub crawl,0,61,0,7.9
st parricks day bar crawl,0,1,0,5
st partys bar crawl,0,1,0,18
st pateicks day bar crawl,0,1,0,5
st patrick bar,0,1,0,42
st patrick bar crawl 2026,0,5,0,7.4
st patrick day bar crawl,0,25,0,8.5
st patrick day crawl,0,3,0,10
st patrick day events,0,1,0,15
st patrick day events near me,0,1,0,4
st patrick day near me,0,1,0,9
st patrick day pub crawl,0,165,0,27.4
st patrick pub crawl,0,5,0,12
st patrick sarasota,0,3,0,47.7
st patrick west park,0,3,0,28.3
st patrick's bar,0,2,0,62
st patrick's bar crawl 2026,0,4,0,7.8
st patrick's bar crawl charlotte,0,49,0,41.9
st patrick's bar crawl near me,0,2,0,3.5
st patrick's bars,0,11,0,25.9
st patrick's bars near me,0,1,0,9
st patrick's crawl,0,2,0,6
st patrick's day 2026 columbia sc,0,53,0,9.4
st patrick's day 2026 columbia south carolina,0,1,0,9
"st patrick's day 2026 columbia, sc",0,5,0,8.6
st patrick's day 2026 greenville sc,0,48,0,7.8
st patrick's day atlanta 2026,0,1,0,8
st patrick's day bar,0,2,0,8
st patrick's day bar celebrations near me,0,1,0,4
st patrick's day bar crawl buffalo,0,2,0,22
st patrick's day bar crawl charlotte,0,5,0,45
st patrick's day bar crawl charlotte nc,0,1,0,30
st patrick's day bar crawl chippewa,0,21,0,10.4
st patrick's day bar crawl columbus ga,0,6,0,8.8
st patrick's day bar crawl denver,0,1,0,43
st patrick's day bar crawl knoxville,0,1,0,11
st patrick's day bar crawl milwaukee,0,2,0,28
st patrick's day bar crawl minneapolis,0,1,0,37
st patrick's day bar crawl near me,0,15,0,10
st patrick's day bar crawl nyc,0,37,0,31.4
st patrick's day bar crawl outfit,0,1,0,51
st patrick's day bar crawl philadelphia,0,1,0,41
st patrick's day bar crawl st pete,0,4,0,9.8
st patrick's day bar crawl wrigleyville,0,1,0,10
st patrick's day bar events,0,3,0,1.3
st patrick's day bar events near me,0,1,0,11
st patrick's day bar hopping,0,1,0,9
st patrick's day bar party,0,1,0,1
st patrick's day bar specials,0,1,0,5
st patrick's day bars,0,2,0,52.5
st patrick's day bars near me,0,1,0,2
st patrick's day beer crawl,0,3,0,5.7
st patrick's day celebration near me,0,1,0,3
st patrick's day charlotte bar crawl,0,2,0,61
st patrick's day chattanooga 2026,0,1,0,50
st patrick's day cleveland ohio,0,2,0,3
st patrick's day columbia sc,0,5,0,43
"st patrick's day columbia, sc 2026",0,18,0,9.9
st patrick's day crawl,0,38,0,10.6
st patrick's day deals near me,0,1,0,1
st patrick's day downtown greenville,0,1,0,11
st patrick's day downtown sarasota,0,34,0,3.4
st patrick's day events columbia sc,0,1,0,50
st patrick's day events near me,0,4,0,3
st patrick's day events today near me,0,1,0,1
st patrick's day festival greenville sc,0,50,0,8.8
st patrick's day festivities near me,0,1,0,1
st patrick's day gainesville ga,0,2,0,13.5
st patrick's day greenville,0,1,0,1
st patrick's day in columbia sc,0,1,0,27
st patrick's day in greenville sc,0,30,0,9.2
st patrick's day in sarasota,0,17,0,10.2
st patrick's day live music near me,0,3,0,7.7
st patrick's day lucky charms bar crawl,0,2,0,9
st patrick's day march 14th,0,1,0,11
st patrick's day near me,0,1,0,12
st patrick's day nightlife,0,15,0,21.9
st patrick's day nyc bar crawl,0,2,0,64
st patrick's day parade bar crawl,0,1,0,2
st patrick's day parade greenville sc,0,2,0,12.5
st patrick's day parade sarasota,0,2,0,8
st patrick's day parties,0,1,0,1
st patrick's day parties near me,0,1,0,6
st patrick's day pub crawl,0,626,0,21.6
st patrick's day pub crawl fargo,0,1,0,32
st patrick's day pub crawls,0,8,0,12.2
st patrick's day sarasota 2025,0,6,0,20.2
st patrick's day sf bar crawl,0,2,0,22.5
st patrick's day soulard,0,2,0,29.5
st patrick's day specials near me,0,2,0,3
st patrick's day stuff near me,0,2,0,2
st patrick's day things to do near me,0,1,0,1
st patrick's day usa,0,1,0,71
st patrick's day washington dc,0,1,0,1
st patrick's day weekend events near me,0,1,0,2
st patrick's deals near me,0,1,0,1
st patrick's event near me,0,2,0,13
st patrick's festival greenville sc,0,3,0,11
st patrick's fort worth,0,1,0,93
st patrick's greenville sc,0,1,0,1
st patrick's hoboken bar crawl,0,2,0,31.5
st patrick's lounge,0,1,0,1
st patrick's parade greenville sc,0,1,0,10
st patrick's pub crawl near me,0,3,0,8.7
"st patrick's pub crawl, local business, sunrise beach",0,4,0,16.8
st patrick's sarasota,0,4,0,48.5
st patrick's sarasota fl,0,1,0,21
st patrick's specials near me,0,1,0,13
st patrick's west park,0,2,0,25.5
st patricks,0,1,0,1
st patricks bar,0,6,0,7.7
st patricks bar crawl 2026,0,57,0,8.4
st patricks bar crawl near me,0,2,0,9.5
st patricks bar crawls,0,19,0,13.9
st patricks bars,0,11,0,21.2
st patricks celebration,0,1,0,2
st patricks crawl,0,6,0,12.7
st patricks day 2026 bar crawl,0,42,0,7.9
st patricks day 2026 bars,0,2,0,9.5
st patricks day 2026 columbia sc,0,83,0,7.3
st patricks day 2026 events near me,0,1,0,1
st patricks day 2026 sarasota,0,1,0,10
st patricks day 2026 sarasota fl,0,14,0,7.5
st patricks day bar,0,8,0,13.1
st patricks day bar crawl atlanta,0,9,0,6.8
st patricks day bar crawl baltimore,0,2,0,38.5
st patricks day bar crawl buffalo,0,5,0,18.6
st patricks day bar crawl charlotte,0,1,0,44
st patricks day bar crawl columbus,0,1,0,14
st patricks day bar crawl dc,0,1,0,40
st patricks day bar crawl near me,0,3,0,1.7
st patricks day bar crawl tickets,0,2,0,6.5
st patricks day bar crawls,0,17,0,5.1
st patricks day bar deals,0,2,0,1
st patricks day bar events,0,4,0,7.5
st patricks day bar party,0,2,0,10.5
st patricks day bar specials,0,2,0,6.5
st patricks day bar tickets,0,1,0,8
st patricks day barcrawl,0,1,0,10
st patricks day bars,0,6,0,9.5
st patricks day bat crawl,0,1,0,10
st patricks day celebrations near me,0,1,0,4
st patricks day columbia sc,0,1,0,1
st patricks day crawl,0,36,0,12.9
st patricks day crawl 2026,0,9,0,7.9
st patricks day events greenville sc,0,3,0,11.3
st patricks day events near me 2026,0,2,0,5
st patricks day events sarasota,0,21,0,9.9
st patricks day greenville nc,0,1,0,37
st patricks day madison,0,1,0,1
st patricks day near me,0,1,0,1
st patricks day parade greenville sc,0,18,0,11.2
st patricks day party near me,0,1,0,4
st patricks day philly bar crawl,0,1,0,27
st patricks day pub crawl fargo,0,2,0,19
st patricks day pub crawl lake charles,0,1,0,20
st patricks day specials near me,0,4,0,6.8
st patricks fay bar crawl,0,1,0,12
st patricks greenville,0,11,0,8.7
st patricks greenville sc,0,2,0,4
st patricks pub crawl 2026,0,5,0,7.2
st patricks sarasota,0,5,0,9
st patrikcs day events in cincinnati,0,6,0,61.8
st pats bar crawl,0,19,0,15.2
st pats sweater,0,1,0,46
st patties bar crawl,0,16,0,7.2
st patties day bar crawl,0,5,0,5.6
st patty bar,0,1,0,8
st patty bar crawl,0,176,0,9.9
st patty crawl,0,4,0,7.2
st patty day bar,0,2,0,6
st patty day bar crawl,0,38,0,8.3
st patty pub crawl,0,3,0,7.3
st patty's bar crawl,0,129,0,10.9
st patty's bar crawl charlotte,0,6,0,42.3
st patty's bar crawl dc,0,2,0,25
st patty's bar crawl nyc,0,1,0,44
st patty's bar crawl philly,0,1,0,22
st patty's bar crawl sf,0,1,0,34
st patty's day 2026 columbia sc,0,7,0,7.1
st patty's day activities near me,0,1,0,1
st patty's day bar,0,2,0,23.5
st patty's day bar crawl 2026,0,2,0,1
st patty's day bar crawl charlotte,0,2,0,57
st patty's day bar crawl cleveland,0,5,0,5.4
st patty's day bar crawl near me,0,3,0,18.7
st patty's day crawl,0,14,0,5.1
st patty's day events near me,0,2,0,1
st patty's day greenville sc,0,37,0,9.4
st patty's day pub crawl,0,19,0,8.1
st patty's pub crawl,0,233,0,13.7
st pattys,0,3,0,3.3
st pattys 2026,0,2,0,2
st pattys 2026 bar crawl,0,26,0,7.9
st pattys bar,0,5,0,6.8
st pattys bar crawl atlanta,0,2,0,9.5
st pattys bar crawl cleveland,0,21,0,5.5
st pattys bar crawl near me,0,5,0,1.8
st pattys bar crawls,0,3,0,6.3
st pattys barcrawl,0,2,0,11.5
st pattys crawl,0,5,0,8.4
st pattys day 2026 bar crawl,0,16,0,7.8
st pattys day bar,0,2,0,1
st pattys day bar crawl near me,0,1,0,2
st pattys day bar crawls,0,11,0,8.5
st pattys day barcrawl,0,1,0,1
st pattys day crawl,0,15,0,11.5
st pattys day pub crawl,0,10,0,4.6
st pattys day sarasota,0,13,0,9.2
st pattys day sweater,0,1,0,59
st pattys greenville,0,1,0,11
st pattys pub crawl,0,151,0,15.8
st pattys pub crawl 2026,0,1,0,7
st pattys shenanigans,0,1,0,12
st pattys specials near me,0,1,0,1
st paul st patrick's day bar crawl,0,2,0,37.5
st payricks day bar crawl,0,1,0,8
st pete 911 calls,0,1,0,6
st pete bar,0,18,0,19.9
st pete bar crawl halloween,0,12,0,12.9
st pete bar latest,0,1,0,28
st pete bars downtown,0,3,0,6.3
st pete beach bars,0,4,0,8.8
st pete downtown bars,0,1,0,14
st pete halloween events,0,1,0,43
st pete halloween on central,0,1,0,60
st pete maps,0,1,0,46
st pete party bus,0,1,0,75
st pete st patrick's day bar crawl,0,19,0,10.2
st pete strip of bars,0,1,0,7
st pete taco festival,0,1,0,22
st pete tacos and tequila,0,3,0,38.7
st pete tacos and tequila festival,0,2,0,19
st pete ugly sweater bar crawl,0,2,0,13.5
st petersburg florida bar,0,2,0,9
st petersburg limo bus,0,1,0,94
st petersburg party bus,0,3,0,91
st petes bars,0,5,0,16.2
st practice,0,1,0,1
st practice bar crawl,0,1,0,24
st practice day,0,2,0,1
st practice day 2026,0,3,0,6
st practice day bar crawl,0,24,0,6.9
st practice day royal oak,0,1,0,28
st simons pub crawl,0,3,0,1
st. germain cocktails,0,1,0,1
st. germain recipes,0,3,0,1
st. louis bar crawl,0,59,0,25.3
st. louis pub crawl,0,55,0,24.0
st. louis st. patrick's day bar crawl,0,48,0,31.4
st. paddy’s day,0,1,0,6
st. patrick's bar crawl,0,10,0,4.5
st. patrick's bar crawl event details and tickets,0,1,0,14
st. patrick's day activities near me,0,1,0,1
st. patrick's day bar,0,1,0,89
st. patrick's day bar crawl albany ny,0,2,0,10
st. patrick's day bar crawl event,0,481,0,14.1
st. patrick's day bar crawl events 2026,0,17,0,26.4
st. patrick's day bar crawls,0,1,0,4
st. patrick's day events,0,1,0,11
st. patrick's day pub crawl,0,6,0,9.7
st. patrick's day pub crawl cost,0,4,0,12.8
st. patrick's day pub crawl schedule,0,1,0,15
st. patrick's day pub crawls happening across san francisco and green bay area,0,1,0,23
st. patrick's day weekend,0,1,0,12
st. patrick's day weekend bar crawl,0,2,0,7.5
st. patricks bar crawl,0,5,0,7.6
st. patricks day bar,0,1,0,12
st. patricks day bar crawl,0,18,0,17.8
st. patrick’s day bar crawl,0,8,0,8.2
st. patrick’s day bar wheeling,0,33,0,29.2
st. patrick’s day pub crawl,0,2,0,3.5
st. pattys bar crawl,0,18,0,18.4
st. pattys day bar crawl,0,1,0,1
"st. pete beach, florida",0,1,0,10
st. petersburg,0,1,0,11
st. petersburg bar crawl,0,52,0,18.3
st. petersburg pub crawl,0,51,0,26.0
st. petersburg st. patrick's day bar crawl,0,43,0,16.0
"st. petersburg, fl",0,1,0,5
st.patrick day activities,0,1,0,12
st.patricks bar crawl,0,1,0,4
stamford bar crawl,0,42,0,33.9
stamford pub crawl,0,8,0,36
stamford st patrick's day bar crawl,0,1,0,11
stamford st. patrick's day bar crawl,0,9,0,26.6
staples birmingham,0,1,0,54
staples chattanooga,0,1,0,67
staples lanyard,0,1,0,63
start task,0,1,0,11
stat city crawl,0,31,0,16
state college bar crawl,0,40,0,47.3
steamers gainesville,0,1,0,50
stillwater bar crawl,0,14,0,34.9
stitch onesie for adults,0,1,0,7
stl barcycle,0,1,0,36
stl crawlers list near me,0,4,0,1
stl listcrawler,0,1,0,8
stockyards bar crawl,0,2,0,6
stone street bar crawl,0,14,0,42.6
storage alpharetta,0,2,0,81.5
storage alpharetta ga,0,1,0,89
storage lawrenceville ga,0,1,0,90
storage roswell ga,0,1,0,75
storage sarasota,0,1,0,83
storage st pete,0,1,0,88
storrs bar crawl,0,5,0,24.2
stpattys,0,1,0,1
stragglers bar,0,1,0,40
stragglers sarasota,0,2,0,28
strange taco bar lawrenceville,0,1,0,37
strange taco bar photos,0,1,0,44
strange taco lawrenceville,0,1,0,33
strange taco lawrenceville ga,0,2,0,35
stranger things halloween costumes,0,1,0,4
straw margarita drink,0,1,0,1
strawberries margarita,0,1,0,1
strawberry margarita,0,1,0,1
street bar near me,0,1,0,10
street crawl,0,10,0,8.6
street taco festival,0,1,0,12
streetcrawlers,0,3,0,2
strip clubs st louis,0,1,0,4
strip of bars,0,3,0,7.7
stuff to do near me today,0,1,0,1
subcrawl,0,1,0,22
sully's steamers gainesville reviews,0,1,0,32
summer bar crawl,0,7,0,8.3
summer crawl,0,9,0,9.4
summer crawl latest,0,1,0,12
summer house watch party near me,0,1,0,9
summer onesie,0,1,0,9
summer onesie pajamas for adults,0,1,0,5
summer pub crawl,0,2,0,15.5
summer sippin roswell 2026,0,3,0,8.7
summer sipping,0,20,0,18.8
summer sips,0,1,0,9
summer tako,0,1,0,10
sun cruiser bar crawl,0,2,0,7
suncruiser bar crawl,0,1,0,8
sunday drink specials near me,0,1,0,12
sunday funday st louis,0,1,0,1
sunday nightlife near me,0,1,0,9
super scary halloween costumes,0,1,0,3
superman halloween costume,0,1,0,4
swanky bars near me,0,1,0,11
sweater bar,0,65,0,3.8
sweater bar crawl,0,2,0,9
sweater crawl,0,1,0,1
sweater koozie,0,1,0,43
sweater ugly,0,14,0,73.5
swigs near me,0,4,0,13.5
swinger bars near me,0,1,0,1
sxm st patrick's day,0,1,0,1
synonym crawl,0,1,0,1
syracuse bar crawl,0,25,0,44.7
syracuse pub crawl,0,9,0,56
syracuse st. patrick's day bar crawl,0,36,0,31.4
t bar near me,0,1,0,3
t box bar crawl,0,4,0,51
t's brunch bar,0,1,0,25
tac9 incident,0,2,0,19.5
tacis and tequila,0,6,0,9
tacks and tequila,0,1,0,6
tacky sweater party,0,1,0,82
taco,0,1,0,27
taco & margarita festival,0,2,0,8.5
taco & tequila bar,0,7,0,6.4
taco & tequila crawl soulard st louis,0,12,0,1.8
taco & tequila fest,0,24,0,8.6
taco & tequila festival,0,45,0,6.1
taco & tequila festival 2026,0,1,0,2
taco & tequilla,0,4,0,9.8
taco amd tequila,0,2,0,6
taco and beer festival,0,1,0,9
taco and margarita,0,13,0,5.8
taco and margarita fest,0,3,0,9
taco and margarita festival,0,29,0,7.3
taco and margarita festival 2026,0,6,0,9.3
taco and margs,0,1,0,5
taco and margs bar crawl,0,28,0,6.5
taco and margs crawl,0,17,0,6.1
taco and margs crawl 2026,0,2,0,4.5
taco and taquila,0,5,0,5
taco and teq,0,1,0,7
taco and tequila atlanta,0,75,0,12.1
taco and tequila bar,0,67,0,7.3
taco and tequila bar near me,0,1,0,14
taco and tequila cincinnati,0,53,0,10.2
taco and tequila concert,0,1,0,4
taco and tequila crawl 2026 chattanooga,0,3,0,2
taco and tequila festival 2026,0,9,0,4
taco and tequila festival 2026 atlanta,0,53,0,9.8
taco and tequila festival atlanta,0,100,0,14.5
taco and tequila festival cincinnati,0,8,0,27
taco and tequila festival cleveland,0,11,0,27
taco and tequila festival st louis,0,1,0,15
taco and tequila festival st pete,0,1,0,2
taco and tequila festival tickets,0,1,0,1
taco and tequila lawrenceville,0,1,0,36
taco and tequila locations,0,1,0,11
taco and tequila party,0,2,0,45.5
taco and tequila promo code,0,3,0,1
taco and tequila restaurant,0,1,0,5
taco and tequila shirt,0,1,0,33
taco and tequila st louis,0,16,0,10.7
taco and tequila tickets,0,1,0,8
taco and tequilas,0,4,0,7.8
taco and tequilla fest,0,1,0,6
taco and tequilla festival,0,2,0,6.5
taco and tequla,0,1,0,10
taco and tequlia,0,13,0,7.3
taco and.tequila,0,1,0,4
taco bar,0,21,0,6.6
taco bar near me,0,1,0,15
taco bar restaurant,0,1,0,9
taco bars for parties,0,1,0,57
taco bat,0,1,0,7
taco beer tequila festival,0,2,0,99
taco behavior,0,1,0,27
taco bsr,0,1,0,13
taco bus st petersburg,0,1,0,37
taco celebration,0,2,0,10.5
taco challenge,0,1,0,1
taco crawl lawrenceville,0,2,0,1
taco crawl rogers park,0,2,0,25.5
taco d,0,1,0,1
taco duluth,0,5,0,69.2
taco event,0,22,0,7.1
taco event near me,0,5,0,5.6
taco event today,0,1,0,6
taco events,0,6,0,6.3
taco events near me,0,3,0,11.7
taco fair,0,2,0,5
taco feast,0,5,0,8.8
taco feat,0,1,0,8
taco featival,0,1,0,8
taco fedtival,0,5,0,8.4
taco fesr,0,1,0,10
taco fest 2026,0,21,0,8
taco fest alabama,0,1,0,9
taco fest atlanta,0,1,0,12
taco fest birmingham,0,39,0,11.2
taco fest birmingham al,0,7,0,8.1
taco fest birmingham alabama,0,3,0,9.7
taco fest cincinnati,0,8,0,9.9
taco fest cincinnati 2026,0,1,0,2
taco fest cleveland,0,10,0,35.3
taco fest columbus,0,1,0,73
taco fest hours,0,1,0,12
taco fest lakeview,0,1,0,5
taco fest near me,0,6,0,9.2
taco fest this weekend,0,1,0,10
taco fest tickets,0,5,0,9.6
taco festival 2026,0,7,0,4.3
taco festival 2026 near me,0,4,0,6
taco festival atlanta,0,20,0,14.3
taco festival birmingham,0,23,0,9.4
taco festival birmingham al,0,56,0,9.1
taco festival chattanooga,0,37,0,7.5
taco festival cincinnati,0,5,0,25.8
taco festival cleveland,0,5,0,33.6
taco festival near me,0,9,0,8.9
taco festival near me 2026,0,2,0,16.5
taco festival st pete,0,1,0,2
taco festival this weekend,0,4,0,5
taco festival tickets,0,1,0,10
taco festivals near me,0,5,0,8
taco food challenge near me,0,1,0,1
taco frst,0,2,0,8
taco frstival,0,1,0,9
taco fusion express sarasota,0,1,0,11
taco gest,0,1,0,11
taco march,0,3,0,7.7
taco marg,0,7,0,7.9
taco margarita,0,5,0,7.4
taco margarita festival 2026,0,1,0,12
taco margaritas,0,2,0,8
taco midtown atlanta,0,1,0,67
taco n tequila fest,0,3,0,6.3
taco near me,0,1,0,34
taco night brunch and tequila,0,1,0,11
taco party,0,1,0,86
taco pub,0,6,0,10.7
taco restaurants in greenville sc,0,5,0,69.2
taco roswell,0,1,0,22
taco shirt,0,1,0,63
taco specials,0,1,0,1
taco st pete,0,1,0,71
taco station,0,1,0,68
taco taquila,0,4,0,8
taco tequila,0,114,0,6.8
taco tequila atlanta,0,1,0,10
taco tequila bar,0,15,0,8.9
taco tequila fest,0,8,0,8
taco tequila festival 2026,0,2,0,7.5
taco tequila restaurant,0,1,0,8
taco tequlia,0,1,0,6
taco ticket,0,4,0,9.8
taco tickets,0,2,0,7.5
taco token,0,2,0,2
taco tour,0,1,0,4
taco trail,0,1,0,6
taco truck festival,0,2,0,9.5
taco tuesday entertainment,0,1,0,1
taco usa,0,1,0,20
taco vip,0,1,0,26
taco week chattanooga,0,8,0,16.9
taco week cincinnati,0,1,0,50
taco week cincinnati 2026,0,1,0,40
taco week cleveland,0,1,0,32
taco weekend,0,5,0,8.4
taco y tequila,0,2,0,8.5
taco's and tequila,0,6,0,9.5
taco.and tequila,0,1,0,9
taco.and tequila festival,0,4,0,8.2
taco.fest,0,1,0,8
tacofest,0,1,0,11
tacofestival,0,1,0,9
tacoma bar crawl,0,44,0,36.4
tacoma pub crawl,0,35,0,31.1
tacoma st. patrick's day bar crawl,0,39,0,27.5
tacos,0,1,0,1
tacos & margs crawl 2026 event details,0,9,0,8.7
tacos & tequila,0,185,0,7.9
tacos & tequila atlanta,0,5,0,14.2
tacos & tequila bar,0,2,0,8
tacos & tequila cincinnati,0,9,0,10.7
tacos & tequila cleveland,0,1,0,12
tacos & tequila fest,0,11,0,10
tacos & tequila festival,0,46,0,8.3
tacos & tequila festival tickets,0,1,0,87
tacos & tequila near me,0,1,0,11
tacos & tequila restaurant,0,1,0,8
tacos & tequilas,0,2,0,6
tacos & tequilas mexican grill lawrenceville photos,0,1,0,47
tacos + tequila,0,2,0,7.5
tacos 42 macon,0,1,0,8
tacos a n d tequila festival,0,4,0,8.5
tacos a tequila,0,1,0,11
tacos abd tequila,0,2,0,5
tacos amd tequila,0,4,0,6.5
tacos an tequila,0,1,0,11
tacos and beer festival,0,2,0,4
tacos and marg,0,3,0,6.7
tacos and marga,0,2,0,6
tacos and margarita,0,1,0,10
tacos and margarita bar crawl,0,59,0,6.3
tacos and margarita crawl,0,61,0,7.4
tacos and margarita fest,0,2,0,11.5
tacos and margarita festival,0,4,0,6.5
tacos and margaritas,0,12,0,6.7
tacos and margaritas festival,0,23,0,8.0
tacos and margs,0,6,0,9
tacos and margs festival,0,1,0,10
tacos and requila,0,2,0,4
tacos and taquila,0,5,0,6.2
tacos and taquilla,0,2,0,11
tacos and teauilla,0,1,0,7
tacos and teqila,0,1,0,4
tacos and teqilla,0,2,0,3
tacos and tequela,0,2,0,7.5
tacos and tequi,0,3,0,6.3
tacos and tequia,0,1,0,5
tacos and tequika,0,4,0,7.8
tacos and tequil,0,5,0,6.6
tacos and tequila 2026,0,2,0,2
tacos and tequila 2026 cincinnati,0,5,0,19.2
tacos and tequila 5k,0,7,0,47.9
tacos and tequila after party,0,1,0,8
tacos and tequila alabama,0,1,0,9
tacos and tequila albertville,0,2,0,60
tacos and tequila albertville 2025,0,2,0,83.5
tacos and tequila atl,0,4,0,10.2
tacos and tequila atlanta ga,0,38,0,18.4
tacos and tequila atlanta latest,0,7,0,18.1
tacos and tequila avon 2026,0,1,0,45
tacos and tequila avon ohio,0,1,0,37
tacos and tequila bar,0,29,0,5.4
tacos and tequila beltline,0,32,0,1.3
tacos and tequila brawl,0,28,0,11.6
tacos and tequila buckhead,0,1,0,97
tacos and tequila canton,0,1,0,8
tacos and tequila cincinnati,0,170,0,12.5
tacos and tequila cleveland,0,195,0,10.9
tacos and tequila cleveland 2026,0,9,0,17
tacos and tequila cleveland concert,0,3,0,35.7
tacos and tequila cleveland festival,0,4,0,19
tacos and tequila cleveland ohio,0,4,0,16.2
tacos and tequila columbus ohio,0,7,0,14
tacos and tequila crushers stadium,0,2,0,45.5
tacos and tequila dc,0,2,0,80
tacos and tequila decatur menu,0,6,0,41.3
tacos and tequila dfw,0,1,0,23
tacos and tequila downtown cleveland,0,1,0,21
tacos and tequila event,0,36,0,7
tacos and tequila event 2026,0,1,0,9
tacos and tequila fest,0,118,0,8.1
tacos and tequila fest atlanta,0,21,0,9.7
tacos and tequila fest cleveland,0,4,0,13.5
tacos and tequila festival 2024,0,1,0,1
tacos and tequila festival 2025 atlanta,0,8,0,12.2
tacos and tequila festival 2026,0,8,0,6.2
tacos and tequila festival 2026 atlanta,0,9,0,5.9
tacos and tequila festival 2026 st louis,0,1,0,10
tacos and tequila festival : cleveland,0,1,0,18
tacos and tequila festival atl,0,12,0,8.9
tacos and tequila festival atlanta 2026,0,14,0,9.9
tacos and tequila festival cincinnati,0,12,0,31.8
tacos and tequila festival cincinnati 2026,0,1,0,25
tacos and tequila festival cleveland 2026,0,1,0,8
tacos and tequila festival cleveland ohio,0,3,0,19.3
tacos and tequila festival florence ky,0,2,0,59
tacos and tequila festival foley,0,2,0,57
tacos and tequila festival fort worth,0,10,0,30.8
tacos and tequila festival locations,0,4,0,5
tacos and tequila festival omaha,0,1,0,65
tacos and tequila festival piedmont park,0,2,0,15
tacos and tequila festival schedule,0,5,0,4.8
tacos and tequila festival st louis,0,9,0,18.6
tacos and tequila festival stl,0,1,0,17
tacos and tequila festival tickets,0,7,0,8.9
tacos and tequila festival today,0,1,0,9
tacos and tequila festival-atlanta,0,70,0,11.5
tacos and tequila festival: cincinnati,0,1,0,29
tacos and tequila fort worth 2025,0,4,0,26.5
tacos and tequila fort worth 2026,0,25,0,7.8
tacos and tequila greenville,0,38,0,7.6
tacos and tequila happy hour,0,2,0,10.5
tacos and tequila in cleveland,0,31,0,11.2
tacos and tequila knoxville,0,7,0,15.1
tacos and tequila lawrenceville,0,5,0,21.6
tacos and tequila lawrenceville ga,0,3,0,28.3
tacos and tequila maine,0,5,0,14.2
tacos and tequila midtown,0,13,0,16.7
tacos and tequila music fest,0,1,0,2
tacos and tequila near me,0,6,0,4.2
tacos and tequila night,0,2,0,8.5
tacos and tequila ohio,0,3,0,20
tacos and tequila on main,0,1,0,90
tacos and tequila parking,0,1,0,12
tacos and tequila piedmont park,0,5,0,14.8
tacos and tequila ponce,0,1,0,44
tacos and tequila ponce de leon,0,1,0,55
tacos and tequila promo code,0,10,0,11.7
tacos and tequila promo code 2025,0,2,0,16.5
tacos and tequila promo code 2026,0,3,0,8.3
tacos and tequila reservations,0,1,0,5
tacos and tequila restaurant,0,2,0,9.5
tacos and tequila roswell ga,0,145,0,7.7
tacos and tequila roswell rd,0,2,0,6.5
tacos and tequila roswell road,0,4,0,8.2
tacos and tequila run,0,2,0,11
tacos and tequila schedule,0,1,0,48
tacos and tequila shirt,0,2,0,42
tacos and tequila specials,0,2,0,4
tacos and tequila speedway,0,4,0,14.2
tacos and tequila st louis,0,101,0,11.7
tacos and tequila st louis missouri,0,2,0,14
tacos and tequila stl,0,8,0,20.6
tacos and tequila themed party,0,1,0,41
tacos and tequila tickets,0,14,0,6.1
tacos and tequila tour,0,1,0,3
tacos and tequila.,0,2,0,6.5
tacos and tequilas,0,22,0,6.1
tacos and tequilas atlanta,0,4,0,26.8
tacos and tequilas festival,0,8,0,7.2
tacos and tequilas mexican grill roswell,0,1,0,2
tacos and tequilas roswell,0,127,0,9.5
tacos and tequilas roswell road,0,1,0,11
tacos and tequile,0,2,0,8.5
tacos and tequilia,0,5,0,5.8
tacos and tequill,0,1,0,10
tacos and tequilla,0,119,0,6.2
tacos and tequilla cleveland,0,2,0,10
tacos and tequilla fest,0,5,0,9.2
tacos and tequilla festival,0,7,0,7.3
tacos and tequillas,0,3,0,6.7
tacos and tequils,0,1,0,7
tacos and tequla,0,4,0,9.2
tacos and tequlia,0,18,0,5.6
tacos and tequlias,0,2,0,5.5
tacos and tequlla,0,1,0,7
tacos and tequula,0,1,0,4
tacos and teqyila,0,1,0,8
tacos and teuila,0,1,0,4
tacos and tquila,0,1,0,45
tacos and trquila,0,1,0,9
tacos and twquila,0,8,0,6.2
tacos and yequila,0,1,0,12
tacos and.tequila,0,5,0,7.6
tacos ans tequila,0,9,0,7
tacos ans tequilla,0,1,0,5
tacos beer and tequila festival,0,1,0,75
tacos beltline,0,4,0,20.8
tacos beltline georgia,0,5,0,20.8
tacos corona,0,2,0,94.5
tacos de tequila,0,1,0,9
tacos don cosme,0,1,0,44
tacos downtown greenville sc,0,1,0,29
tacos e tequila,0,1,0,4
tacos fest,0,3,0,9
tacos festival,0,3,0,9
tacos in asheville,0,1,0,88
tacos in lakewood,0,1,0,65
tacos in tequila,0,1,0,10
tacos lakewood ohio,0,2,0,25
tacos macon,0,1,0,13
tacos margaritas festival,0,1,0,8
tacos n tequila,0,40,0,7.5
tacos n tequila festival,0,12,0,8.1
tacos n tequilla,0,2,0,3
tacos on the beltline,0,2,0,9
tacos party,0,1,0,9
tacos portland me,0,1,0,11
tacos serca de mi,0,1,0,1
tacos soulard,0,2,0,11
tacos tequila,0,33,0,8
tacos tequila & margarita fest,0,1,0,6
tacos tequila fest,0,3,0,8
tacos tequilla,0,1,0,7
tacos y tequila,0,2,0,9.5
tacos y tequila festival,0,1,0,9
tacos y tequila maine,0,1,0,16
tacos y tequila restaurant,0,1,0,10
tacos&tequila,0,1,0,11
"tacos, tequila & rum",0,1,0,9
tacos.and tequila,0,12,0,7.7
tacos.and tequila festival,0,5,0,8.6
tacos.and.tequila,0,2,0,7
tacosand tequila,0,1,0,4
tacosandtequila,0,4,0,5.2
tacosandtequilafestival,0,2,0,4.5
tacoweek,0,1,0,9
tacs and tequila,0,1,0,8
tahoe club crawl,0,5,0,54.6
taipei pub crawl,0,1,0,6
take me to the closest bar,0,1,0,3
tamarind margarita,0,1,0,1
tampa bar crawl,0,86,0,40.9
tampa halloween bar crawl,0,3,0,48.3
tampa st patrick's day,0,1,0,1
tampa st patrick's day bar crawl,0,3,0,26.7
tampa st patricks day,0,1,0,1
tampa st. patrick's day bar crawl,0,38,0,43.6
tangerine margarita,0,1,0,89
tap and truck duluth,0,1,0,52
tap it gainesville growlers,0,3,0,52.7
tap it gainesville pints and growlers,0,1,0,40
tap it gainesville pints and growlers menu,0,1,0,35
"tap it growlers, beer bar, gainesville",0,5,0,28.6
tap rooms near me,0,1,0,15
tapas and tequila,0,1,0,1
tapcheck phone number usa,0,1,0,43
taqueria gainesville ga,0,1,0,2
taquila and tacos,0,1,0,9
taquila bar,0,2,0,12
taquila fest,0,1,0,12
target adult onesies,0,1,0,2
taste of soulard,0,22,0,48.0
taste of soulard st louis,0,5,0,58
taste of soulard tickets,0,1,0,42
tavern crawl,0,6,0,16.3
tavos and tequila,0,4,0,6.8
taxos and tequila,0,2,0,8.5
taylor swift bar crawl,0,1,0,13
tbox bar crawl,0,6,0,41
tbox pub crawl,0,2,0,68.5
tcos and tequila,0,2,0,7.5
tcu bar crawl,0,2,0,1
te amo tequila bar & tacos,0,1,0,28
tecate food truck fest,0,1,0,23
teibol cerca de mi,0,1,0,10
tell me,0,1,0,1
tempe bar crawl,0,179,0,44.5
tempe st. patrick's day bar crawl,0,18,0,29.1
teqila bar,0,1,0,10
tequila,0,3,0,5.7
tequila & taco fest,0,5,0,4.8
tequila & tacos,0,2,0,26
tequila and corona,0,1,0,97
tequila and taco bar,0,3,0,3.7
tequila and taco fest,0,8,0,7.2
tequila and taco festival,0,16,0,7.4
tequila and tacos cleveland,0,4,0,18.2
tequila and tacos event,0,2,0,5.5
tequila and tacos fest,0,1,0,10
tequila and tacos near me,0,2,0,11.5
tequila and tacos restaurant,0,1,0,10
tequila bar,0,53,0,17.5
tequila bar alpharetta,0,1,0,32
tequila bar and grill,0,1,0,8
tequila bar asheville,0,9,0,13.1
tequila bar atlanta,0,29,0,14.5
tequila bar birmingham,0,22,0,23.7
tequila bar birmingham al,0,17,0,13.7
tequila bar cincinnati,0,1,0,20
tequila bar downtown,0,1,0,6
tequila bar fort worth,0,51,0,17.3
tequila bar ft worth,0,37,0,18.6
tequila bar greenville sc,0,4,0,10
tequila bar near me,0,2,0,6.5
tequila bar party ideas,0,2,0,66
tequila bar portland,0,23,0,20.3
tequila bar st pete,0,4,0,13
tequila bars,0,5,0,8
tequila bars near me,0,1,0,10
tequila block party,0,2,0,20.5
tequila block party atlanta tickets latest,0,6,0,19.7
tequila block party tickets,0,15,0,18.7
tequila carolina,0,3,0,38.3
tequila cincinnati,0,3,0,23
tequila cocktail bar,0,1,0,8
tequila cocktail with lemon,0,5,0,1
tequila columbia,0,6,0,4.8
tequila convention,0,1,0,1
tequila day deals near me,0,1,0,9
tequila day near me,0,2,0,10.5
tequila event,0,9,0,6.7
tequila events,0,10,0,7
tequila events 2026,0,2,0,1.5
tequila events near me,0,7,0,8.6
tequila famosa,0,4,0,25.2
tequila fast,0,2,0,10.5
tequila feast,0,4,0,11
tequila feat,0,4,0,9.5
tequila fedt,0,2,0,9
tequila fesr,0,1,0,12
tequila fest 2024,0,1,0,1
tequila fest 2026,0,2,0,1.5
tequila fest atlanta,0,28,0,24.4
tequila fest atlanta 2026,0,3,0,26
tequila fest cincinnati,0,11,0,29.7
tequila fest cincinnati 2025,0,4,0,29.2
tequila fest cincinnati 2025 tickets,0,2,0,33.5
tequila fest cincinnati 2026,0,7,0,8.9
tequila fest cleveland,0,21,0,22.3
tequila fest cleveland 2025,0,2,0,30.5
tequila fest cleveland 2026,0,2,0,21
tequila fest cleveland tickets,0,6,0,30
tequila fest columbus,0,1,0,26
tequila fest columbus 2026,0,1,0,13
tequila fest indianapolis,0,298,0,9.5
tequila fest indy,0,1,0,8
tequila fest may 2,0,2,0,5
tequila fest usa,0,1,0,40
tequila festival 2026 birmingham al,0,24,0,9.4
tequila festival 2026 indianapolis,0,69,0,9.4
tequila festival birmingham,0,14,0,12.1
tequila festival birmingham al,0,35,0,9.4
tequila festival cincinnati,0,8,0,29.4
tequila festival cleveland,0,13,0,24.5
tequila festival indianapolis,0,481,0,10.4
tequila festival indy,0,9,0,11.2
tequila festival near me,0,21,0,6.6
tequila festival st louis,0,3,0,29
tequila festival tickets,0,1,0,1
tequila festival today,0,1,0,11
"tequila festival, birmingham, alabama, united states",0,4,0,18.5
tequila festivals,0,6,0,10.5
tequila flavored candy,0,1,0,99
tequila flights near me,0,3,0,8.7
tequila friday,0,1,0,11
tequila grill,0,1,0,10
tequila halloween,0,1,0,89
tequila handles,0,1,0,14
tequila hours,0,1,0,13
tequila house,0,14,0,8.3
tequila jalisco near me,0,1,0,7
tequila mays,0,1,0,17
tequila mexican,0,1,0,12
tequila night club,0,3,0,4.3
tequila party,0,1,0,52
tequila party bus,0,6,0,16.2
"tequila party bus, transportation service",0,1,0,19
tequila pete,0,1,0,25
tequila portland,0,29,0,12.9
tequila pub,0,1,0,94
tequila ranch cleveland,0,12,0,16.5
tequila run,0,7,0,5.6
tequila sarasota,0,6,0,26.3
tequila shirt,0,1,0,70
tequila slammers,0,1,0,66
tequila specials,0,1,0,10
tequila street,0,1,0,1
tequila sunrise margarita,0,3,0,1
tequila taco,0,12,0,13.1
tequila taco and bar,0,1,0,1
tequila taco bar fayetteville,0,1,0,36
tequila taco festival,0,5,0,9.4
tequila tacos,0,12,0,7.7
tequila tacos and bar,0,2,0,5
tequila tap,0,2,0,11
tequila tasting,0,13,0,6.7
tequila tasting atlanta,0,22,0,29.2
tequila tasting event,0,1,0,9
tequila tasting events near me,0,2,0,10
tequila tasting in atlanta,0,10,0,36.3
tequila tastings near me,0,3,0,4.7
tequila taxi portland,0,1,0,1
tequila tours near me,0,2,0,6
tequila town,0,2,0,10
tequila town greenville,0,9,0,18.3
tequila town greenville photos,0,1,0,18
tequila town greenville sc,0,16,0,18.2
tequila valentine's day cocktails,0,7,0,92.1
tequila's,0,1,0,6
tequila.and tacos,0,1,0,3
tequila.fest,0,2,0,8
tequilas,0,1,0,8
tequilas and tacos,0,9,0,7.4
tequilas and tacos festival,0,4,0,4.8
tequilas bar,0,2,0,7.5
tequilas bar and grill,0,1,0,11
tequilas bar and lounge upcoming events,0,3,0,8.7
tequilas columbus,0,1,0,66
tequilas fort worth,0,1,0,35
tequilas mexican resturant,0,1,0,11
tequilas taco and bar,0,1,0,7
tequilas tacos,0,1,0,11
tequilla and tacos,0,6,0,4.5
tequilla bar,0,2,0,6
tequilla fest,0,20,0,9.9
tequilla festival,0,9,0,10.3
tequilla taco,0,1,0,4
tequilla tacos,0,2,0,11
tequilla tasting,0,1,0,12
tequlia and tacos,0,3,0,6.7
tequlia bar,0,1,0,4
tequlia fest,0,6,0,8.3
tequlia festival,0,1,0,11
teremana christmas sweater,0,1,0,16
texas,0,1,0,6
thanksgiving bar crawl,0,16,0,58.4
thanksgiving eve bar crawl,0,1,0,43
that must,0,1,0,23
that place bar and grill upcoming events,0,1,0,23
thc drink bar,0,1,0,1
thc seltzers macon,0,2,0,43.5
thchill,0,2,0,43.5
thchill lounge,0,1,0,25
the 7th taco,0,6,0,9.3
the atlanta peach roll,0,2,0,51.5
the bad apple saloon bar and grill,0,1,0,5
the bar cincy,0,1,0,9
the bar crawl brand,0,15,0,5.6
the bar district,0,2,0,6
the bar hop,0,3,0,10.7
the bar near me,0,1,0,11
the bar portland maine,0,1,0,9
the bar sweater,0,1,0,20
the bar sweatshirt,0,1,0,66
the bar website,0,1,0,74
the bares,0,1,0,1
the barlery chattanooga latest,0,2,0,25
the beach club sarasota,0,1,0,5
the bear trap tuscaloosa,0,1,0,81
the beltline atlanta bars,0,3,0,60.3
the big northeast bar crawl,0,2,0,20
the bite bar,0,1,0,10
the black bar crawl,0,14,0,7.1
the black bar crawl atlanta,0,10,0,9.5
the boos bar,0,3,0,6
the boozy brunch bar,0,5,0,11.4
the breakwall bar redondo beach,0,1,0,52
the brunch crawlers,0,6,0,5.7
the brunch spot lawrenceville ga,0,1,0,33
the bus bar,0,1,0,75
the bus bar and grill upcoming events,0,1,0,20
the buzz blog,0,1,0,85
"the canal crawl, bar",0,2,0,4
the chamber lakewood,0,2,0,45
the christmas corner bar lakewood,0,1,0,37
the cleveland pub,0,1,0,63
the cleveland show beer walk,0,1,0,48
the closest bar near me,0,3,0,10.3
the club house bites and booze,0,1,0,85
the clubhouse bites and booze,0,2,0,48
the cocktail company greenville sc,0,1,0,61
the columbia bar,0,1,0,76
the crawl,0,1,0,100
the crawl bar,0,28,0,8.8
the crawl cotati,0,5,0,21.2
the crawl is for all,0,3,0,42.3
the crawl st,0,2,0,11.5
the crawler cincinnati,0,1,0,4
the crawling,0,1,0,68
the crawls,0,3,0,45.7
the creepy crawl st louis,0,1,0,1
the daisy tequila bar,0,2,0,16
"the daisy tequila bar, bar & grill, macon",0,62,0,13.7
the drinkery otr,0,4,0,40
the fan bus halloween,0,1,0,65
the general birmingham,0,1,0,32
the golden mile pub crawl,0,1,0,3
the great grizzly bear soulard,0,2,0,29.5
the great grizzly bear st louis,0,3,0,32.7
the hangover camera roll,0,1,0,62
the haunted hop bar crawl,0,1,0,1
the henley st pete,0,2,0,30.5
the henley st. petersburg,0,2,0,15.5
the hill in st. louis,0,1,0,4
the hop nightclub in lakewood,0,1,0,19
"the hummingbird stage & taproom, bar, macon",0,1,0,30
the irish rovers the dublin pub crawl,0,1,0,5
the island soulard,0,13,0,25.4
the local bar strongsville upcoming events,0,4,0,31.5
the local bar upcoming events,0,1,0,29
the lumbar birmingham,0,1,0,71
the mustache bar crawl,0,2,0,36
the mustache crawl,0,19,0,62.3
the nearest bar near me,0,1,0,9
the night crawl,0,1,0,88
the office bar sarasota,0,6,0,13.3
the official christmas bar crawl,0,1,0,6
the official halloween bar crawl,0,23,0,11.7
the panama barcrawl,0,1,0,54
the party bus is coming,0,2,0,25.5
the pub crawlers,0,1,0,62
the pubcrawl company,0,1,0,17
the pubcrawlers,0,1,0,42
the purple lisbon pub crawl,0,1,0,4
the quarry bar avon lake,0,1,0,75
the real taco fest cincinnati,0,1,0,2
the refinery birmingham,0,1,0,45
the roof birmingham al,0,1,0,91
the shamrock,0,38,0,8.4
the shamrock bar,0,1,0,9
the shamrock bar and grill,0,1,0,8
the shamrock crawl,0,4,0,7.2
the shamrock pub,0,13,0,9.8
the shamrock pub sarasota,0,13,0,10.2
the social house soulard,0,1,0,78
the taco festival,0,2,0,9.5
the tequila bar,0,3,0,9
"the third place, sports bar, cleveland",0,1,0,20
"the ugly box store, discount store, union",0,7,0,23
the ugly broad,0,1,0,70
the ugly lime tequila,0,1,0,20
the ugly lime tequila bar reviews,0,1,0,16
the ugly sweater bar,0,1,0,11
the wizard saloon sports bar,0,16,0,15.9
thelma and louise costume,0,1,0,2
theme bar,0,1,0,20
theme bar near me,0,2,0,19
theme bars near me,0,1,0,15
themed bar crawl,0,61,0,20.2
themed bar crawl ideas,0,18,0,19.9
themed bars,0,4,0,24.2
themed bars atlanta,0,1,0,73
themed bars near me,0,11,0,21.1
themed pub crawl,0,9,0,19.3
themed pub crawls,0,42,0,19.4
themes for bar crawls,0,48,0,16.2
themes for pub crawls,0,4,0,17
there goes the neighborhood st pete,0,11,0,12.3
things in st louis,0,1,0,2
things to do 21+ near me,0,1,0,45
things to do alpharetta this weekend,0,1,0,3
things to do around indy this weekend,0,1,0,1
things to do at a bar,0,2,0,1
things to do birmingham al this weekend,0,1,0,1
things to do birmingham al today,0,1,0,2
things to do birmingham alabama,0,1,0,3
things to do cincinnati tonight,0,1,0,1
things to do dfw today,0,1,0,1
things to do for 4th of july near me,0,1,0,1
things to do for halloween in atlanta,0,2,0,50.5
things to do for halloween near me,0,2,0,1
things to do for st patrick's day near me,0,1,0,2
things to do greenville sc this weekend,0,1,0,1
things to do halloween,0,1,0,1
things to do in alpharetta this weekend,0,2,0,1
things to do in alpharetta today,0,1,0,1
things to do in asheville nc today,0,1,0,1
things to do in asheville today,0,1,0,1
things to do in atlanta for halloween,0,10,0,62.9
things to do in atlanta this month,0,1,0,1
things to do in atlanta this weekend,0,2,0,2.5
things to do in atlanta this weekend for adults,0,1,0,1
things to do in atlanta tonight for adults,0,1,0,1
things to do in bham today,0,1,0,1
things to do in birmingham this weekend,0,1,0,4
things to do in birmingham today,0,1,0,1
"things to do in birmingham, al this weekend",0,2,0,1.5
things to do in cincinnati this weekend,0,2,0,1
things to do in cleveland in march,0,1,0,1
things to do in cleveland ohio,0,1,0,59
things to do in cleveland ohio this weekend,0,1,0,1
things to do in cleveland this saturday,0,2,0,2
things to do in cleveland this weekend,0,4,0,1
things to do in columbia sc,0,1,0,1
"things to do in columbia, sc this weekend for adults",0,1,0,1
things to do in columbus ohio this weekend,0,1,0,8
things to do in dfw tonight,0,1,0,1
things to do in fort worth this weekend,0,1,0,1
things to do in fort worth today,0,1,0,1
things to do in greenville nightlife,0,98,0,39.7
things to do in greenville sc nightlife,0,46,0,43.8
things to do in greenville sc tonight,0,1,0,1
things to do in greenville tomorrow,0,1,0,1
things to do in indianapolis at night,0,1,0,1
things to do in indianapolis this weekend,0,3,0,5
things to do in indy this weekend,0,1,0,1
things to do in lakewood ohio this weekend,0,1,0,1
things to do in macon ga,0,1,0,1
things to do in macon ga this weekend,0,1,0,1
things to do in metro atlanta this weekend,0,1,0,1
things to do in milton this weekend,0,1,0,7
things to do in onies,0,1,0,1
things to do in roswell this weekend,0,2,0,1
things to do in sarasota florida,0,2,0,2
things to do in soulard st louis,0,18,0,17.6
things to do in st louis this saturday,0,1,0,1
things to do in st louis this weekend,0,7,0,1
things to do in stl this weekend for adults,0,1,0,1
things to do in tampa bay this weekend for adults,0,1,0,1
things to do in tampa this weekend,0,1,0,1
things to do lawrenceville ga this weekend,0,1,0,1
things to do near me,0,1,0,13
things to do near me at night,0,1,0,1
things to do near me today,0,2,0,1
things to do near me tonight,0,1,0,1
things to do near me tonight for adults,0,1,0,1
things to do on fourth of july,0,1,0,1
things to do on fourth of july near me,0,1,0,1
things to do on halloween,0,1,0,1
things to do on halloween in atlanta,0,9,0,57.1
things to do st louis this weekend,0,1,0,1
things to do this weekend,0,2,0,2.5
things to do this weekend atlanta,0,1,0,1
things to do this weekend in chattanooga,0,1,0,1
things to do this weekend in new orleans,0,1,0,1
things to do this weekend in st louis missouri,0,1,0,1
things to do this weekend near me,0,3,0,2.7
things to do today,0,2,0,1
things to do today in greenville sc,0,2,0,1
things to do today in st louis,0,1,0,1
things to do tonight,0,2,0,1
things to do tonight cincinnati,0,3,0,1
thirsty shamrock pub crawl,0,2,0,1
thirteeneleven greenville,0,1,0,17
thirty bar atlanta,0,1,0,46
thirty bar buckhead,0,1,0,29
this is in georgia,0,1,0,3
throwbacks,0,1,0,5
throwbacks cleveland,0,2,0,18
"throwbacks pub, pub, cleveland",0,42,0,12.6
throwing a halloween party—what drinks fit the theme?,0,1,0,2
ticket price,0,1,0,3
tickets bar,0,1,0,1
tickets pub & eatery,0,5,0,27.4
tickets pub and eatery,0,1,0,25
tilted kilt south carolina,0,1,0,1
tim love restaurants,0,1,0,1
tin and tacos,0,1,0,55
tin roof bar birmingham,0,1,0,38
tin roof bar birmingham al,0,1,0,33
tin roof bar columbia sc,0,1,0,42
"tipsy tab's, bar",0,2,0,13
tobe crawled,0,3,0,49.3
toca and tequila,0,1,0,1
toco fest,0,1,0,1
today,0,1,0,11
today bar,0,2,0,12
today events in usa,0,1,0,94
toledo bar crawl,0,12,0,27.3
toledo st. patrick's day bar crawl,0,25,0,22.2
tommy trent's sports saloon,0,2,0,47.5
toothless onesie,0,1,0,6
top 10 halloween cocktails,0,2,0,75.5
top 10 halloween cocktails easy,0,6,0,4.7
top 10 sports bars in atlanta,0,1,0,11
top 5 costumes for halloween,0,1,0,3
top 5 halloween costumes,0,53,0,11.4
top bars in cincinnati,0,1,0,3
top bars near me,0,1,0,3
top rated bar near me,0,1,0,10
top roof bar near me,0,1,0,16
top sports bars in atlanta,0,1,0,3
top things to do in sarasota,0,1,0,2
top-rated fall cocktail ideas online,0,2,0,14
top-shelf tequila,0,1,0,86
tops halloween,0,1,0,100
tops that snap at crotch,0,1,0,3
tortilla bar,0,1,0,5
totoro onsie,0,1,0,10
touchtunes bars near me,0,1,0,14
tour bar,0,1,0,3
tour de bares,0,13,0,2.1
tournee des bars,0,2,0,1
tournée des bars,0,1,0,2
tqco fest,0,1,0,3
tqcos and tequila,0,3,0,5.7
tracks bar,0,1,0,8
tracktribe bar crawl,0,2,0,2
traditional halloween costumes,0,1,0,3
train crawl,0,7,0,74.4
trans list crawler cincinnati,0,1,0,11
trebles bar,0,1,0,4
treehouse bar cincinnati,0,3,0,51
treehouse bar otr,0,10,0,55.6
treehouse otr,0,1,0,10
treehouse patio bar cincinnati,0,4,0,54.5
treloar bar and grill,0,1,0,50
treylor park beach party,0,1,0,62
trick or drink bar crawl,0,4,0,34
trick or drink halloween bar crawl,0,4,0,22.2
trick or treat columbia sc,0,12,0,35.8
trick or treat greenville,0,1,0,47
trick or treat greenville sc,0,4,0,33.2
trick or treating in greenville sc,0,2,0,44.5
trier kneipentour,0,2,0,6
trip drinks near me,0,2,0,6
trolley bar crawl,0,2,0,5
troy bar crawl,0,1,0,1
troy st patrick's day bar crawl,0,6,0,9.7
trubar near me,0,2,0,15.5
"truck & tap duluth, bar, duluth",0,4,0,23.8
"truck & tap lawrenceville, bar & grill, lawrenceville",0,2,0,19.5
truck and tap lawrenceville photos,0,1,0,37
truck n tap duluth ga,0,1,0,37
trump onsie,0,1,0,6
trunk or treat columbia sc,0,12,0,47.4
trunk or treat greenville sc,0,13,0,48.4
trunk or treat knoxville tn,0,3,0,49.3
trunk or treats knoxville tn,0,3,0,51.3
ts crawlisting,0,1,0,7
tsireya clothes,0,1,0,2
ttwid,0,1,0,8
tucker ga to gainesville ga,0,3,0,27.7
tucson bar crawl,0,1,0,47
tucson beer crawl,0,1,0,61
tucson pub crawl,0,1,0,35
tucson st. patrick's day bar crawl,0,25,0,29.5
tulsa bar crawl,0,33,0,49.7
tulsa pub crawl,0,18,0,41.3
tulsa st patrick's day events,0,1,0,1
tulsa st. patrick's day bar crawl,0,36,0,41.9
turkey crawl,0,33,0,41.0
tuxy onesie,0,3,0,4.7
tv bars near me,0,1,0,12
twisted tea christmas sweater,0,2,0,37.5
twisted tea lanyard,0,1,0,44
twisted tea sweater,0,1,0,65
twisted tea ugly sweater,0,2,0,20.5
two person onesie,0,1,0,4
two senioritas mexican sarasota google maps,0,27,0,11.1
two senoritas mexican sarasota google maps,0,15,0,11.8
two senoritas sarasota google maps,0,1,0,11
two senoritas sarasota google maps hours,0,3,0,11.3
two senoritas sarasota hours website,0,1,0,11
tyde coffey,0,1,0,28
types of onesies,0,1,0,1
typical halloween food,0,1,0,1
u street bar crawl,0,6,0,49.3
u ugly,0,2,0,8
uark bar crawl,0,2,0,12
uc bar crawl 2026,0,12,0,10.7
uc bar crawl latest,0,4,0,8
uc senior bar crawl,0,5,0,10.4
uc senior bar crawl 2026,0,8,0,9.2
ucf bar crawl st pete,0,196,0,8.2
ucla bar crawl,0,4,0,16.8
uconn bar crawl,0,1,0,11
ugle sweater,0,1,0,41
ugliest sweater,0,1,0,38
ugly baddie,0,4,0,9
ugly bar,0,12,0,32.4
ugly birmingham,0,1,0,11
ugly broad,0,2,0,22
ugly chicken birmingham,0,2,0,30.5
ugly christmas sweater atlanta,0,1,0,9
ugly christmas sweater bar crawl,0,21,0,13.6
ugly christmas sweater crawl,0,3,0,17.7
ugly christmas sweater party near me,0,1,0,22
ugly christmas sweater pub crawl,0,2,0,20.5
ugly ga,0,10,0,7.1
ugly generator,0,2,0,44.5
ugly grinch pictures,0,2,0,9
ugly halloween sweater,0,2,0,54
ugly in atlanta latest,0,9,0,18.1
ugly lime tequila bar,0,1,0,21
ugly marshmallow,0,1,0,10
ugly onesie,0,1,0,7
ugly rice,0,1,0,34
ugly sweater,0,36,0,64.8
ugly sweater bar,0,21,0,11.3
ugly sweater bar crawl 2025,0,2,0,1
ugly sweater bar crawl birmingham,0,6,0,10.2
ugly sweater bar crawl cincinnati,0,2,0,1
ugly sweater bar crawl cleveland,0,4,0,20.5
ugly sweater bar crawl lakewood,0,1,0,3
ugly sweater club,0,2,0,7.5
ugly sweater contest flyer,0,1,0,43
ugly sweater crawl,0,9,0,10.3
ugly sweater crawl bar crawl,0,3,0,12.7
ugly sweater day,0,1,0,46
ugly sweater design,0,1,0,83
ugly sweater food,0,2,0,69
ugly sweater halloween,0,1,0,61
ugly sweater holiday party,0,1,0,68
ugly sweater movies,0,1,0,96
ugly sweater party,0,1,0,86
ugly sweater party atlanta,0,3,0,5
ugly sweater party near me,0,2,0,6
ugly sweater party tickets,0,1,0,11
ugly sweater png,0,1,0,45
ugly sweater pub crawl,0,350,0,8.5
ugly sweater store,0,1,0,55
ugly sweater themes,0,1,0,68
ugly sweater ugly sweater,0,1,0,74
ugly sweater website,0,1,0,44
ugly sweaters,0,1,0,68
ugly sweaters usa,0,1,0,45
ugly sweatshirts for christmas,0,1,0,86
ugly taco,0,1,0,24
ugly tall boy,0,1,0,4
ugly usa,0,2,0,22.5
ugly+sweater,0,1,0,74
uglysweater,0,4,0,44.8
uiuc bar crawl,0,2,0,27
ultimate pub crawl,0,9,0,37.3
umd bar crawl,0,1,0,50
umich st patty's bar crawl,0,1,0,10
un bar cerca de mí,0,2,0,10
unbelibubble duluth,0,1,0,49
unicorn blood,0,2,0,1
unique bar crawls,0,3,0,17.3
unique fall cocktails,0,1,0,92
unique halloween costume ideas,0,1,0,6
unique halloween costumes,0,3,0,3.7
unique tequila,0,1,0,76
university of cincinnati senior bar crawl,0,3,0,16.7
university of iowa bar crawl,0,1,0,2
uofsc senior bar crawl,0,6,0,6.5
up at night onesie,0,1,0,11
upcoming halloween events,0,1,0,2
uptown bar crawl,0,4,0,6.8
urban bar near me,0,1,0,10
urban bars near me,0,1,0,14
urban cocktail trail,0,1,0,14
urban craft and crawl,0,4,0,45.5
urban crawl,0,2,0,33.5
us bar,0,1,0,56
usa,0,2,0,9.5
usa alpharetta,0,7,0,64.3
usa bar,0,104,0,14.1
usa bars,0,1,0,67
usa bingo,0,3,0,19.7
usa cocktails,0,1,0,29
usa college football teams,0,1,0,58
usa ftw,0,1,0,59
usa gainesville,0,3,0,19
usa greenville,0,7,0,53.9
usa macon,0,2,0,92.5
usa map cincinnati,0,1,0,8
usa map with pins,0,1,0,58
usa maps,0,1,0,35
usa na mapie,0,1,0,72
usa pub,0,1,0,9
usa roswell,0,4,0,8
usa sarasota,0,2,0,44
usabar,0,9,0,9.4
usareviews.website,0,5,0,92.4
usc bar crawl,0,1,0,9
usc senior bar crawl,0,2,0,29
usd bar crawl,0,7,0,9.4
used limo buses for sale portland,0,2,0,87
used limo buses for sale vegas,0,1,0,59
usmnt holiday sweater,0,1,0,17
uw madison bar crawl,0,1,0,33
v day drinks,0,3,0,68.3
va beach bar crawl,0,3,0,50.3
vacation bar,0,1,0,8
vacation with friends,0,1,0,13
valentine alcohol drinks,0,2,0,98.5
valentine bar crawl,0,2,0,4.5
valentine brunch,0,1,0,7
valentine cocktail,0,4,0,91.2
valentine cocktail ideas,0,1,0,94
valentine cocktail menu,0,1,0,80
valentine cocktail names,0,2,0,95.5
valentine cocktail party,0,1,0,84
valentine cocktail recipes,0,1,0,84
valentine day alcohol,0,2,0,86
valentine day bars,0,1,0,10
valentine day cocktail,0,2,0,90
valentine day cocktail bar,0,7,0,71.6
valentine day cocktails,0,2,0,96
valentine day drinks alcoholic,0,1,0,87
valentine drink ideas,0,2,0,90
valentine drink menu,0,3,0,66.7
valentine drink special,0,11,0,12.5
valentine drink specials,0,18,0,11.2
valentine drinks,0,4,0,96.8
valentine drinks ideas,0,1,0,74
valentine s day drinks,0,1,0,91
valentine special drinks,0,3,0,26.7
valentine theme drinks,0,1,0,2
valentine themed bars,0,1,0,17
valentine themed drinks,0,1,0,69
valentine's cocktail names,0,1,0,71
valentine's cocktails,0,3,0,90
valentine's day alcoholic drinks,0,1,0,85
valentine's day bar crawl,0,9,0,18.4
valentine's day bar ideas,0,3,0,53.3
valentine's day bar ideas for adults,0,1,0,9
valentine's day bars,0,10,0,38.5
valentine's day beverages,0,14,0,45.1
valentine's day cocktail,0,2,0,70.5
valentine's day cocktail ideas,0,2,0,88
valentine's day cocktail menu,0,4,0,72.2
valentine's day cocktail names,0,3,0,74.3
valentine's day cocktails,0,33,0,87.7
valentine's day drink,0,1,0,81
valentine's day drinks,0,41,0,77.4
valentine's day inspired cocktails,0,1,0,82
valentine's day pub crawl,0,22,0,40.8
valentine's day shots,0,1,0,96
valentine's day special drinks,0,1,0,46
valentine's day themed cocktails,0,1,0,60
valentine's day themed drinks,0,1,0,97
valentine's drink,0,1,0,73
valentine's drinks,0,1,0,68
valentine-usa.com,0,2,0,87.5
valentines alcohol drinks,0,1,0,96
valentines baileys,0,1,0,65
valentines bar drink,0,1,0,35
valentines brunch cocktails,0,1,0,7
valentines cocktail,0,2,0,60
valentines cocktail bar,0,1,0,10
valentines cocktail menu,0,4,0,61.8
valentines cocktail names,0,1,0,91
valentines cocktail party,0,3,0,25.7
valentines cocktails for two,0,1,0,98
valentines crawl,0,1,0,1
valentines day alcohol,0,1,0,70
valentines day alcohol drinks,0,1,0,88
valentines day bar,0,5,0,61
valentines day bars,0,13,0,28.1
valentines day cocktail,0,5,0,81.8
valentines day cocktail bar,0,28,0,44.8
valentines day cocktail menu,0,1,0,11
valentines day cocktail names,0,5,0,93.6
valentines day cocktail specials,0,5,0,9.8
valentines day drink,0,1,0,100
valentines day drink ideas,0,2,0,98.5
valentines day drink names,0,9,0,93.4
valentines day drink special,0,2,0,24.5
valentines day drink specials,0,169,0,21.7
valentines day drinks,0,8,0,86.2
valentines day inspired drinks,0,2,0,1
valentines day liquor,0,1,0,97
valentines day themed drinks,0,2,0,4
valentines drink bar,0,1,0,1
valentines drink ideas,0,3,0,76.7
valentines drink special,0,6,0,13.2
valentines drink specials,0,19,0,21.7
valentines drinks,0,3,0,89
valentines drinks alcoholic,0,2,0,78.5
valentines drinks ideas,0,1,0,70
valentines drinks menu,0,4,0,64
valentines pub crawl,0,2,0,6.5
valentines single day drinks,0,3,0,19.3
valentines special cocktails,0,1,0,4
valentines tequila cocktails,0,2,0,72.5
valentines theme drinks,0,1,0,2
valentines themed cocktails,0,14,0,25.4
valentines themed drink,0,1,0,3
valentines themed drinks,0,10,0,16.4
valentines-day-drinks,0,10,0,71.7
valentine’s day drinks,0,12,0,68.2
vampire cocktail,0,9,0,1
vampire events atlanta 2026 or 2025 plays musicals halloween clubs,0,1,0,16
var hopping,0,3,0,7.3
var near me,0,5,0,11.2
vars near me,0,2,0,11.5
vbars near me,0,1,0,11
vday drinks,0,3,0,75.7
venice beach bar crawl,0,25,0,54.7
ventura bar crawl,0,58,0,40.7
ventura pub crawl,0,37,0,43.2
ventura st. patrick's day bar crawl,0,17,0,52.4
vermillion bar crawl,0,4,0,1
vib's macon,0,1,0,8
vida latin kitchen macon,0,2,0,14.5
vida latin kitchen macon ga,0,1,0,22
vip boos,0,1,0,74
vip cashman lounge,0,3,0,15.7
vip pizza duluth,0,1,0,54
vip taco,0,49,0,31.1
vip taco beat,0,6,0,22.8
viral onsie,0,1,0,1
virginia beach bar crawl,0,30,0,35.7
virginia beach pub crawl,0,12,0,41.4
virginia beach st. patrick's day bar crawl,0,30,0,28.4
virginia city pub crawl,0,1,0,43
virginia highlands bar crawl,0,26,0,54.4
virginia highlands bar crawl halloween,0,3,0,50.7
virginia highlands halloween,0,1,0,64
virginia highlands halloween bar crawl,0,11,0,34
visitor information services bar-hopping galleries,0,4,0,3.5
vista union columbia,0,1,0,19
wacky clothes,0,1,0,3
wacky wednesday dress up ideas,0,1,0,1
walkable near me,0,1,0,16
walking around,0,1,0,21
walmart adult onesies,0,4,0,7.2
walmart onesies adults,0,2,0,5.5
walnut creek bar crawl,0,1,0,14
wantagh bar crawl,0,5,0,31
wanzi pajamas,0,1,0,2
warehouse district,0,1,0,6
warehouse district cleveland bars,0,10,0,13.6
warm alcoholic drinks for fall,0,8,0,83.5
warm cocktails for fall,0,18,0,71.3
warm fall alcoholic drinks,0,1,0,86
warm fall cocktail,0,26,0,70.6
warm fall cocktails,0,58,0,67.0
warren bar crawl,0,1,0,1
was ist bar hopping,0,2,0,1
was ist das ?,0,1,0,6
was ist ein pub crawl,0,2,0,7.5
was ist pub crawl,0,2,0,10
washington dc st. patrick's day bar crawl,0,4,0,35.8
washington nc pub crawl,0,1,0,42
wat is een kroegentocht,0,1,0,2
wat is een pub crawl,0,2,0,1
water bar near me,0,1,0,8
water pool bar near me,0,1,0,9
water street bar crawl,0,1,0,1
watermelon crawl damascus,0,1,0,36
watermelon crawl festival,0,5,0,51.2
watermelon festival alabama,0,1,0,44
we buy ugly houses birmingham al,0,1,0,25
we love pub crawls,0,8,0,37
wearing a onesie in public,0,12,0,1.8
wearing onesie in public,0,9,0,7.6
websites for halloween costumes,0,1,0,2
wednesday bar deals near me,0,1,0,4
weekend nightlife,0,1,0,2
weekend nightlife events atlanta ga bar crawl music festival summer fall 2025,0,2,0,4
weekend pub crawl,0,8,0,17.8
weho bar crawl,0,2,0,8
well which is it,0,1,0,5
wellington bar crawl,0,2,0,4
west 6th cleveland bars,0,9,0,34.2
west 7th,0,1,0,12
west 7th street bars fort worth,0,1,0,57
west ashville,0,1,0,4
west chester bar crawl,0,13,0,40.4
west dundee st patrick's pub crawl,0,10,0,12.4
west end bar birmingham,0,1,0,85
west end bar crawl,0,7,0,15.9
west end pub crawl,0,14,0,27.9
west end pub crawls,0,1,0,15
west greenville community center,0,1,0,4
west hollywood bar crawl,0,3,0,41.3
west loop bar crawl,0,5,0,52
west palm bar crawl,0,1,0,42
west palm beach bar crawl,0,18,0,49.8
west palm beach pub crawl,0,1,0,58
west palm beach st. patrick's day bar crawl,0,30,0,30.7
west park bars,0,4,0,18.5
west park cleveland t-shirts,0,80,0,29.1
west park station,0,1,0,67
west park station facebook,0,3,0,19
west park station upcoming events,0,23,0,11
"west park station, sports bar, cleveland",0,1,0,25
west reading bar crawl,0,6,0,22.7
west reading st patty's bar crawl,0,1,0,8
west reading st patty's bar crawl 2026,0,1,0,12
west side pub crawl,0,7,0,17
west village bar crawl,0,16,0,54.9
west village bar fest,0,2,0,64
west village pub crawl,0,10,0,50.1
west village st patrick's bar crawl,0,2,0,25
west village st patty's bar crawl,0,3,0,22.7
western bar near me,0,1,0,9
westminster bar crawl,0,3,0,20.3
westminster pub crawl,0,1,0,37
westmont bar crawl,0,2,0,23
westmont pub crawl,0,3,0,24.3
westpark bar,0,1,0,70
westport bar crawl,0,5,0,31.2
westport pub crawl,0,1,0,41
westport st patrick's day bar crawl,0,1,0,1
westside cocktail lounge,0,1,0,89
westside flavas,0,2,0,30
westside food and beer,0,2,0,12.5
westside of cleveland,0,1,0,7
westside pub crawl,0,3,0,18.3
westside usa,0,1,0,34
wet tshirt contest near me,0,1,0,49
what a bar crawl,0,69,0,5.3
what a swell party this is,0,1,0,59
what about atlanta?,0,1,0,19
what about cincinnati?,0,1,0,3
what about in alpharetta,0,1,0,5
what about in atlanta,0,1,0,10
what about in december,0,1,0,3
what about in june,0,1,0,7
what about near me,0,1,0,3
what about sarasota?,0,1,0,12
what age do u become a tween,0,1,0,3
what are adult onesies called,0,1,0,15
what are bar crawls,0,416,0,9.7
what are onesies,0,2,0,1.5
what are onesies called for adults,0,1,0,1
what are onesies for adults called,0,11,0,17.1
what are pub crawls,0,18,0,12.5
what are some easy cocktails to prepare for halloween pregaming?,0,345,0,1.9
what are some easy halloween party food ideas?,0,1,0,39
what are some fun things to do for st. patrick's day in atlanta?,0,2,0,4.5
what are some good costumes for halloween,0,1,0,2
what are some good halloween themed cocktails,0,2,0,1.5
what are some halloween party food ideas for a budget?,0,1,0,11
what are some halloween party food ideas for a large group?,0,3,0,31
what are some halloween party food ideas for a potluck?,0,1,0,52
what are some halloween recipes for a party?,0,9,0,39.8
what are some halloween themed drinks?,0,5,0,9.4
what are some halloween-themed cocktails?,0,34,0,5.6
what are some non-alcoholic halloween drinks?,0,1,0,21
what are the best drinks to offer trick-or-treaters and guests at a halloween event?,0,1,0,2
what are the best drinks to serve at a halloween party?,0,1,0,8
what are the best drinks to serve at a teen halloween party?,0,3,0,2
what are the top beverage choices for a teen halloween party?,0,7,0,2.4
"what bacardi cocktails are most popular during a bar crawl, and how can someone find venues that serve them?",0,1,0,1
what bacardi cocktails are most popular during a bar crawl?,0,1,0,31
what bar is open now,0,1,0,10
what bars are close by,0,1,0,9
what bars are open near me,0,1,0,4
what bars have peacock near me,0,1,0,4
what bars open,0,1,0,4
what do adults do on halloween,0,2,0,3
what do you call onesie for adults,0,2,0,8.5
what do you do in a bar,0,1,0,1
what does a bar crawl mean,0,8,0,2
what does bar hopping mean,0,2,0,1
what does onesie mean,0,1,0,2
what does pub crawl mean,0,11,0,1.7
what drinks work for a halloween walk with friends?,0,17,0,2.6
what is a bar crawl on a cruise ship,0,2,0,2.5
what is a bar hop,0,6,0,12.2
what is a bar trip,0,1,0,1
what is a barathon,0,1,0,1
what is a barcrawl,0,181,0,4.4
what is a burglar bar,0,1,0,95
what is a club crawl,0,66,0,18.3
what is a college bar crawl,0,1,0,2
what is a crawl,0,3,0,7.3
what is a crawl in st,0,1,0,1
what is a crawl?,0,1,0,8
what is a highball drink,0,1,0,2
what is a house crawl party,0,20,0,5.6
what is a mini bar crawl,0,9,0,4
what is a onesie,0,12,0,1.2
what is a onesie for adults,0,5,0,4.6
what is a onesie party,0,1,0,59
what is a onesy,0,1,0,1
what is a pub crawl definition,0,28,0,5.8
what is a pub crawl?,0,14,0,1.4
what is a pub crawler,0,1,0,1
what is a pub run,0,1,0,8
what is a pubcrawl,0,8,0,5.6
what is a pup crawl,0,2,0,2
what is a room crawl,0,1,0,1
what is a senior bar crawl,0,3,0,12.7
what is a t bar,0,1,0,20
what is a taco crawl,0,18,0,2.9
what is an adult onesie,0,10,0,11
what is an adult onesie called,0,3,0,39.3
what is an adult onesie called?,0,1,0,30
what is an onesie for an adult called?,0,15,0,88.1
what is banana bar crawl,0,1,0,3
what is bar bingo,0,29,0,25.5
what is bar bingo for adults,0,1,0,34
what is bar bingo rules,0,1,0,2
what is bar crawl meaning,0,391,0,5.7
what is bar crawling,0,427,0,7.2
what is bar fine,0,1,0,1
what is bar hop,0,1,0,1
what is bar hoping,0,19,0,10.8
what is bar hopping,0,608,0,11.0
what is bar hopping?,0,5,0,11
what is bargo game,0,1,0,26
what is barhopping,0,16,0,10.2
what is butterbeer potted cream,0,1,0,87
what is club hopping,0,1,0,1
what is considered day drinking,0,1,0,74
what is crawl in st,0,1,0,12
what is going on this weekend,0,1,0,1
what is happening on halloween this year,0,1,0,4
what is it,0,2,0,1.5
what is it tho,0,1,0,3
what is mustache crawl,0,1,0,39
what is onesie,0,1,0,1
what is pub bingo,0,1,0,1
what is pub crawl,0,177,0,7.2
what is pub crawl meaning,0,21,0,1.4
what is pub crawl renaissance festival,0,1,0,3
what is pub crawling,0,21,0,12.3
what is pub crawls,0,7,0,1.7
what is pub hopping,0,5,0,6
what is pubcrawl,0,25,0,6.7
what is senior bar crawl,0,2,0,33
what is st practice day,0,1,0,1
what is the banana bar crawl,0,1,0,1
what is the bar crawl,0,18,0,3.6
what is the coolest halloween costume,0,1,0,2
what is the dancing house in prague,0,1,0,3
what is the mustache crawl,0,2,0,29
what is the point of a bar crawl,0,13,0,3.6
what is the point of a pub crawl,0,1,0,1
what is the point of bar hopping,0,79,0,7.7
what is the pub crawl,0,18,0,38.5
what is there to do in gainesville ga,0,1,0,36
what is there to do in gainesville georgia,0,1,0,29
what is there to do tonight,0,1,0,1
what is watermelon crawl,0,3,0,66
what should i be for halloween,0,1,0,1
what should someone look for in bacardi drink specials during a bar crawl?,0,2,0,76
what time does tacos and tequila close,0,1,0,12
what time does tacos and tequila start,0,2,0,10.5
what time is it over,0,1,0,3
what to cook for halloween,0,1,0,1
what to do around me tonight,0,1,0,1
what to do at bar,0,1,0,13
what to do gainesville ga,0,1,0,31
what to do in asheville today,0,1,0,5
what to do in asheville tonight,0,1,0,1
what to do in birmingham this weekend,0,1,0,2
what to do in cincinnati tonight,0,3,0,1
what to do in cleveland this weekend,0,4,0,1.8
what to do in gainesville ga,0,2,0,62
what to do in gainesville ga today,0,1,0,29
what to do in greenville sc today,0,1,0,1
what to do in indianapolis this weekend,0,1,0,1
what to do in indianapolis tomorrow,0,1,0,17
what to do in sarasota today,0,1,0,1
what to do in st louis tonight,0,1,0,1
what to do in st pete tonight,0,1,0,1
what to do near me,0,1,0,1
what to do this weekend st pete,0,1,0,1
what to wear on a pub crawl,0,20,0,16.9
what to wear to a bar crawl,0,70,0,11.2
what to wear to a pub crawl,0,34,0,18.4
"what's a good halloween look for a bar or club that uses real clothes, not a costume?",0,29,0,8.2
what's a onesie,0,1,0,1
what's a pub crawl,0,22,0,3.3
what's bar hopping,0,9,0,16.6
what's going on downtown today,0,1,0,1
what's going on in asheville tonight,0,2,0,1
what's going on in st pete tonight,0,1,0,1
what's happening in greenville sc today,0,1,0,1
what's the closest bar near me,0,1,0,12
what's the point of bar hopping,0,14,0,2.4
what's the shamrock,0,1,0,6
whats a bar crawl mean,0,284,0,5.3
whats a barcrawl,0,22,0,4.2
whats a crawl in st,0,1,0,1
whats a onesie,0,1,0,2
whats a pub crawl,0,111,0,3.9
whats a pub crawl mean,0,2,0,1
whats a pubcrawl,0,1,0,10
whats bar crawl,0,256,0,5.1
whats bar hopping,0,47,0,12.5
whats going on downtown cincinnati,0,1,0,1
whats going on downtown greenville today,0,1,0,1
whats in st louis missouri,0,1,0,1
whats pub crawl,0,25,0,8.2
whats the point of bar hopping,0,51,0,8.0
what’s the cost?,0,1,0,1
what’s the price range for each,0,1,0,6
when are bars celebrating st patrick's day,0,2,0,6
when do bars celebrate st patrick's day,0,1,0,1
when is bar crawl,0,1,0,11
when is it,0,1,0,4
when is mustache crawl,0,2,0,27
when is pub crawl,0,8,0,16.9
when is pub crawl 2026,0,5,0,20
when is st patrick's day,0,1,0,7
when is st patrick's day bar crawl,0,1,0,1
when is taco and tequila festival,0,3,0,6
when is tacos and tequila,0,2,0,10
when is the bar crawl,0,2,0,5.5
when is the bar in july,0,1,0,12
when is the chicago mustache crawl,0,1,0,26
when is the mustache crawl 2026,0,1,0,25
when is the taco and tequila festival,0,1,0,8
when is the taco festival,0,2,0,11
when is the tequila fest,0,1,0,10
when will bars celebrate st patrick's day,0,1,0,12
where can i book a bar crawl or group event in a dedicated events district?,0,94,0,5.7
where can i buy a onesie,0,1,0,6
where do i get tickets,0,1,0,8
where else bar,0,1,0,6
where is taco and tequila,0,1,0,12
where is tacos and tequila,0,1,0,4
where is tacos and tequila festival,0,5,0,8.8
where is the taco and tequila festival,0,1,0,9
where to bar hop near me,0,7,0,7.3
where to celebrate july 4th near me,0,1,0,1
where to celebrate st patrick's day near me,0,1,0,2
where to find parties,0,1,0,1
where to get tickets,0,1,0,3
where to go bar hopping near me,0,13,0,6.8
where to go for the 4th of july 2026,0,1,0,1
where to go out near me,0,1,0,8
where to go tonight,0,1,0,3
where's jubes st pete,0,1,0,35
which adult onesie styles are most popular for women and men right now?,0,9,0,6.9
which bar districts are known for hosting the biggest local events?,0,11,0,5.5
which beverages are most associated with the bold colors and fun of halloween?,0,1,0,3
which beverages are most commonly used in halloween party drink recipes?,0,2,0,3
which cities have the best bar crawl scenes?,0,18,0,8.8
which ones are the most popular,0,1,0,2
whistler bar crawl,0,2,0,15.5
white plains bar crawl,0,38,0,32.4
white plains pub crawl,0,22,0,29.1
white plains st. patrick's day bar crawl,0,24,0,26
white sox bar crawl,0,8,0,31.9
white sox bar crawl 2026,0,1,0,15
white sox beer crawl,0,3,0,34.3
who is he,0,1,0,2
why are adult onesies popular?,0,8,0,15.5
why do adults wear onesies,0,26,0,12.1
why do people bar hop,0,3,0,1.3
why do people go bar hopping,0,2,0,1
why is birmingham so ugly,0,2,0,11
why is it called a bar crawl,0,20,0,7.2
why is it fun,0,1,0,2
wichita bar crawl,0,39,0,37.6
wichita pub crawl,0,15,0,45.5
wichita st. patrick's day bar crawl,0,54,0,37.8
wicked bar crawl,0,2,0,12.5
wicked club crawl,0,2,0,6.5
wicked pub crawl,0,1,0,10
wicked witches bar menu,0,1,0,23
wicker park bar crawl,0,5,0,30.8
wig bar crawl,0,1,0,1
wildwood bar crawl,0,2,0,13.5
wildwood st patrick's bar crawl,0,3,0,13.3
williamsburg bar crawl,0,9,0,38.1
williamsburg pub crawl,0,1,0,73
wilmington bar crawl,0,57,0,41.5
wilmington margarita crawl,0,1,0,29
wilmington st patrick's day bar crawl,0,1,0,17
wilmington st. patrick's day bar crawl,0,19,0,25.3
wine bar chattanooga,0,1,0,87
wing crawl lakewood,0,20,0,39.9
winston salem bar crawl,0,2,0,35.5
winston-salem bar crawl,0,37,0,35.6
winston-salem pub crawl,0,4,0,37.5
winston-salem st. patrick's day bar crawl,0,37,0,30.6
winter martini ideas,0,1,0,3
winter pub crawl,0,2,0,25.5
witches brew recipe,0,1,0,1
wizard bar,0,2,0,27.5
wizard bars,0,3,0,12
wizard drink,0,1,0,91
wizard fest tickets,0,1,0,90
wizard pete,0,1,0,79
wizard portland,0,2,0,8.5
wizard pub,0,4,0,14.5
wizard saloon,0,5,0,16.8
wizardpub,0,7,0,46.4
wnba bar crawl,0,5,0,2.4
wolf onesie adult,0,1,0,5
women in onesies,0,7,0,70.7
women's onesie,0,1,0,4
womens onesie,0,3,0,9
woodstock bar crawl,0,9,0,10.9
woodstock ga pub crawl,0,4,0,6.8
woodstock pub crawl,0,8,0,31.2
worcester bar crawl,0,2,0,39.5
world cup bar crawl,0,1,0,9
wpb bar crawl,0,2,0,24
wrigley bar crawl,0,1,0,7
wrigley field bar crawl,0,1,0,5
wrigleyville bar crawl,0,1,0,6
wrigleyville bar crawls,0,1,0,1
wrigleyville mustache crawl,0,1,0,5
wrigleyville pub crawl,0,5,0,1
wrigleyville taco crawl,0,5,0,23
www.crawlwithus,0,8,0,4.8
wynwood bar crawl,0,32,0,45.5
wynwood pub crawl,0,15,0,46.5
xmas bar crawl,0,7,0,7.9
y2k bar crawl,0,71,0,33.6
yandex bar crawl frolics,0,1,0,2
ybor bar crawl,0,1,0,46
ybor city bar crawl,0,1,0,88
ybor city party,0,1,0,1
yellow onsie,0,1,0,7
yeppa atlanta,0,1,0,33
yes,0,7,0,5.6
yes atlanta ga,0,1,0,13
york bar crawl,0,4,0,27.2
york pa st patrick's day bar crawl,0,3,0,15.7
york pub crawl,0,3,0,54
york st patrick's day bar crawl,0,1,0,11
yorkville pub crawl,0,1,0,15
young bar,0,2,0,1
young crowd bars near me,0,1,0,3
youtube 678243,0,20,0,8.4
yup yup muppets costume,0,1,0,3
zara halloween costumes,0,1,0,13
zebra bars near me,0,1,0,5
zip up onesies adults,0,1,0,3
zombi crawl,0,1,0,6
zombie atlanta 2026,0,1,0,1
zombie attack atlanta night club,0,1,0,1
zombie attack atlanta nightclub,0,1,0,1
zombie bar crawl,0,13,0,21.8
zombie crawl,0,45,0,4.9
zombie crawl halloween,0,3,0,2.7
zombie in atlanta night club,0,5,0,5.6
zombie pub crawl,0,3,0,4.7
ñist crawler,0,1,0,2
автобусный паб кроул,0,1,0,2
бар кроулинг,0,8,0,2.2
бар хоппинг,0,1,0,1
бар-хоппинг,0,1,0,1
паб кроул,0,9,0,1.6
паб кроул гид,0,1,0,1
паб кроулинг,0,2,0,2
اعطيني صور,0,1,0,4
বার ক্রল,0,32,0,8.8
ผับอเมริกา,0,1,0,10
เสื้อเกี่ยวกับอะไร,0,1,0,1
ハロウィンの写真,0,1,0,15
ビール bbq,0,5,0,44.2
ビール バーベキュー,0,1,0,60
美国酒吧,0,3,0,4
这是什么？,0,2,0,4.5
這うバーと,0,1,0,1
酒吧,0,1,0,10
눈마새 공식 지도,0,1,0,25
바 크롤,0,4,0,24.5
🍹 the best bars and pubs of atlanta,0,1,0,57
