client_id,domain,keyword,position,search_volume,competition,keyword_difficulty,cpc,pulled_at
align-hcm,alignhcm.com,align hcm,1,170,0.01,1,,2026-09-15
align-hcm,alignhcm.com,ukg implementation partner,2,50,0.31,4,25.21,2026-09-15
align-hcm,alignhcm.com,ukg implementation partners,2,50,0.31,0,25.21,2026-09-15
align-hcm,alignhcm.com,align hr,4,170,0.19,17,108.72,2026-09-15
align-hcm,alignhcm.com,paychex vs paylocity,4,110,0.33,0,17.42,2026-09-15
align-hcm,alignhcm.com,ukg rapid hire,4,90,0.35,0,11.25,2026-09-15
align-hcm,alignhcm.com,paylocity time and attendance,5,30,0.10,23,63.91,2026-09-15
align-hcm,alignhcm.com,paylocity vs paychex,5,110,0.33,0,17.42,2026-09-15
align-hcm,alignhcm.com,hcm inc,6,90,0.06,35,,2026-09-15
align-hcm,alignhcm.com,ukg hcm,6,110,0.39,25,5.80,2026-09-15
align-hcm,alignhcm.com,workday hcm implementation,7,30,0.00,5,,2026-09-15
align-hcm,alignhcm.com,dayforce ai assistant,8,30,0.21,0,,2026-09-15
align-hcm,alignhcm.com,hcm integration,8,30,0.34,0,,2026-09-15
align-hcm,alignhcm.com,hcm integrations,8,30,0.07,0,,2026-09-15
align-hcm,alignhcm.com,hr align,8,30,0.03,10,4.49,2026-09-15
align-hcm,alignhcm.com,ukg value,8,20,0.16,16,5.89,2026-09-15
align-hcm,alignhcm.com,align careers,9,1000,0.01,16,14.90,2026-09-15
align-hcm,alignhcm.com,alignment career,9,1000,0.01,1,14.90,2026-09-15
align-hcm,alignhcm.com,hcm services,9,70,0.17,29,7.56,2026-09-15
align-hcm,alignhcm.com,ukg ready vs pro,9,40,0.13,0,,2026-09-15
align-hcm,alignhcm.com,align workforce solutions,10,30,0.00,0,,2026-09-15
align-hcm,alignhcm.com,hcm career,10,90,0.01,0,4.21,2026-09-15
align-hcm,alignhcm.com,hcm careers,10,90,0.01,0,4.21,2026-09-15
align-hcm,alignhcm.com,hcm jobs,10,170,0.02,0,0.96,2026-09-15
align-hcm,alignhcm.com,ukg ready vs ukg pro,10,140,0.11,0,11.98,2026-09-15
align-hcm,alignhcm.com,alignment careers,12,1000,0.01,3,14.90,2026-09-15
align-hcm,alignhcm.com,lift hcm,12,110,0.07,35,15.36,2026-09-15
align-hcm,alignhcm.com,ukg values,12,20,0.16,14,5.89,2026-09-15
align-hcm,alignhcm.com,align application,13,880,0.01,33,5.22,2026-09-15
align-hcm,alignhcm.com,flyte hcm,13,210,0.04,4,7.48,2026-09-15
align-hcm,alignhcm.com,integrated hcm,13,30,0.07,23,,2026-09-15
align-hcm,alignhcm.com,ukg partners,13,140,0.47,0,8.83,2026-09-15
align-hcm,alignhcm.com,integration communication plan,14,50,0.08,0,,2026-09-15
align-hcm,alignhcm.com,jobs align,14,30,0.00,18,,2026-09-15
align-hcm,alignhcm.com,ukg implementation,14,70,0.34,0,12.20,2026-09-15
align-hcm,alignhcm.com,ukg rapid response,14,30,0.14,30,5.46,2026-09-15
align-hcm,alignhcm.com,paylocity hcm,15,40,0.19,10,19.61,2026-09-15
align-hcm,alignhcm.com,workday and ukg,15,20,0.00,0,,2026-09-15
align-hcm,alignhcm.com,workday implementation,15,320,0.15,0,6.08,2026-09-15
align-hcm,alignhcm.com,enhance hcm,16,110,0.02,19,,2026-09-15
align-hcm,alignhcm.com,enhanced hcm,16,110,0.02,21,,2026-09-15
align-hcm,alignhcm.com,hcm provider,16,90,0.56,3,48.67,2026-09-15
align-hcm,alignhcm.com,hr data integration,16,20,0.14,0,,2026-09-15
align-hcm,alignhcm.com,paylocity training,16,140,0.10,26,13.57,2026-09-15
align-hcm,alignhcm.com,what is paylocity used for,16,210,0.03,14,,2026-09-15
align-hcm,alignhcm.com,align professional staffing,17,320,0.01,0,,2026-09-15
align-hcm,alignhcm.com,align5,17,30,0.00,9,,2026-09-15
align-hcm,alignhcm.com,dayforce ai,17,70,0.34,0,6.67,2026-09-15
align-hcm,alignhcm.com,does paylocity track your location when you clock in,17,50,0.00,0,,2026-09-15
align-hcm,alignhcm.com,hcm systems willowbrook,17,140,0.01,0,,2026-09-15
align-hcm,alignhcm.com,lifthcm,17,70,0.05,35,17.29,2026-09-15
align-hcm,alignhcm.com,paylocity learning,17,40,0.13,11,14.12,2026-09-15
align-hcm,alignhcm.com,savant hcm,17,70,0.33,0,12.25,2026-09-15
align-hcm,alignhcm.com,ukg academy,17,40,0.19,0,5.91,2026-09-15
align-hcm,alignhcm.com,ukg ai,17,90,0.44,0,4.47,2026-09-15
align-hcm,alignhcm.com,awp ukg login,18,40,0.00,0,,2026-09-15
align-hcm,alignhcm.com,hcm implementations,18,90,0.23,0,,2026-09-15
align-hcm,alignhcm.com,paylocity certification,18,30,0.16,18,5.40,2026-09-15
align-hcm,alignhcm.com,hcm companies,19,320,0.37,20,40.03,2026-09-15
align-hcm,alignhcm.com,align address,20,30,0.00,28,,2026-09-15
align-hcm,alignhcm.com,hcm unlocked careers,20,70,0.00,1,,2026-09-15
align-hcm,alignhcm.com,ignite hcm,20,70,0.05,0,,2026-09-15
align-hcm,alignhcm.com,job align,20,210,0.16,27,2.49,2026-09-15
align-hcm,alignhcm.com,ukg implementation services,20,30,0.01,0,,2026-09-15
align-hcm,alignhcm.com,workday hacks,20,720,0.00,0,,2026-09-15
align-hcm,alignhcm.com,ukg definition,21,40,0.00,4,,2026-09-15
align-hcm,alignhcm.com,ukg pro hcm,21,110,0.07,0,5.87,2026-09-15
align-hcm,alignhcm.com,clarity hcm,22,90,0.10,0,,2026-09-15
align-hcm,alignhcm.com,paylocity clocking in and out,22,260,0.08,8,6.27,2026-09-15
align-hcm,alignhcm.com,workday ai assistant,22,40,0.29,3,24.07,2026-09-15
align-hcm,alignhcm.com,adp hcm solutions,23,50,0.11,14,,2026-09-15
align-hcm,alignhcm.com,stars hcm,23,30,0.01,5,,2026-09-15
align-hcm,alignhcm.com,workday implementation guide,23,20,0.11,0,,2026-09-15
align-hcm,alignhcm.com,dayforce partner,24,40,0.16,0,4.98,2026-09-15
align-hcm,alignhcm.com,hibob hr system,24,40,0.65,11,94.16,2026-09-15
align-hcm,alignhcm.com,paylocity org chart,24,30,0.20,0,,2026-09-15
align-hcm,alignhcm.com,paylocity training courses,24,30,0.10,18,11.48,2026-09-15
align-hcm,alignhcm.com,ukg recruitment,24,90,0.44,15,8.13,2026-09-15
align-hcm,alignhcm.com,flat file integration,25,30,0.01,0,,2026-09-15
align-hcm,alignhcm.com,hcm llc,25,30,0.18,19,,2026-09-15
align-hcm,alignhcm.com,hibob company,25,40,0.19,18,13.64,2026-09-15
align-hcm,alignhcm.com,workday assistant,25,210,0.20,0,26.29,2026-09-15
align-hcm,alignhcm.com,data migration vs data conversion,26,50,0.03,0,,2026-09-15
align-hcm,alignhcm.com,payroll migration checklist,26,40,0.06,0,10.98,2026-09-15
align-hcm,alignhcm.com,ukg pro aramark,26,30,0.04,1,,2026-09-15
align-hcm,alignhcm.com,adp values,27,170,0.01,58,,2026-09-15
align-hcm,alignhcm.com,hcmtogo support,27,30,0.02,9,,2026-09-15
align-hcm,alignhcm.com,skillcloud hcm solutions,27,110,0.26,0,21.62,2026-09-15
align-hcm,alignhcm.com,align staffing solutions,28,30,0.07,24,,2026-09-15
align-hcm,alignhcm.com,hcm suites,28,320,0.20,9,23.07,2026-09-15
align-hcm,alignhcm.com,internal talent mobility,28,40,0.13,0,,2026-09-15
align-hcm,alignhcm.com,paylocity lms,28,90,0.53,1,15.07,2026-09-15
align-hcm,alignhcm.com,ukg core,28,30,0.47,13,8.16,2026-09-15
align-hcm,alignhcm.com,alignhr,30,170,0.19,2,108.72,2026-09-15
align-hcm,alignhcm.com,does workday use ai,30,70,0.02,15,,2026-09-15
align-hcm,alignhcm.com,hcm suite,30,320,0.20,54,23.07,2026-09-15
align-hcm,alignhcm.com,hibob pricing,30,90,0.55,7,36.74,2026-09-15
align-hcm,alignhcm.com,ukg ready pricing,30,30,0.22,0,42.49,2026-09-15
align-hcm,alignhcm.com,workday launch methodology,30,20,0.21,0,,2026-09-15
fresh-blends-kwik-trip,freshblends.com,blends near me,1,1900,0.06,0,0.40,2026-09-15
fresh-blends-kwik-trip,freshblends.com,fresh blend machine,1,210,0.11,0,1.65,2026-09-15
fresh-blends-kwik-trip,freshblends.com,fresh blend smoothie,1,1900,0.03,0,,2026-09-15
fresh-blends-kwik-trip,freshblends.com,fresh blend smoothies,1,1900,0.03,0,,2026-09-15
fresh-blends-kwik-trip,freshblends.com,fresh blender,1,30,1.00,0,1.01,2026-09-15
fresh-blends-kwik-trip,freshblends.com,fresh blends,1,2400,0.03,6,8.41,2026-09-15
fresh-blends-kwik-trip,freshblends.com,fresh blends kwik trip,1,70,0.00,0,,2026-09-15
fresh-blends-kwik-trip,freshblends.com,fresh blends machine,1,210,0.11,0,1.65,2026-09-15
fresh-blends-kwik-trip,freshblends.com,fresh blends smoothie machine,1,50,0.26,0,0.07,2026-09-15
fresh-blends-kwik-trip,freshblends.com,fresh blends smoothies,1,1900,0.03,1,,2026-09-15
fresh-blends-kwik-trip,freshblends.com,kwik trip fresh blends,1,70,0.00,3,,2026-09-15
fresh-blends-kwik-trip,freshblends.com,kwik trip smoothie,1,210,0.08,0,0.10,2026-09-15
fresh-blends-kwik-trip,freshblends.com,kwik trip smoothie machine,1,110,0.22,3,,2026-09-15
fresh-blends-kwik-trip,freshblends.com,fresh blend menu,2,320,0.00,7,,2026-09-15
fresh-blends-kwik-trip,freshblends.com,fresh blenders,2,30,1.00,0,1.01,2026-09-15
fresh-blends-kwik-trip,freshblends.com,fresh blends menu,2,320,0.00,7,,2026-09-15
fresh-blends-kwik-trip,freshblends.com,fresh blends near me,2,40,0.03,8,,2026-09-15
fresh-blends-kwik-trip,freshblends.com,freshblender,2,30,1.00,0,1.01,2026-09-15
fresh-blends-kwik-trip,freshblends.com,kwik trip smoothies,2,210,0.08,0,0.10,2026-09-15
fresh-blends-kwik-trip,freshblends.com,smoothie machine gas station,2,110,0.41,2,1.15,2026-09-15
fresh-blends-kwik-trip,freshblends.com,fresh blends davenport,3,70,0.00,0,,2026-09-15
fresh-blends-kwik-trip,freshblends.com,gas station smoothie machine,3,110,0.41,13,1.15,2026-09-15
fresh-blends-kwik-trip,freshblends.com,self serve smoothie machine,3,30,0.38,0,5.59,2026-09-15
fresh-blends-kwik-trip,freshblends.com,self-serve smoothie machine,3,30,0.38,0,5.59,2026-09-15
fresh-blends-kwik-trip,freshblends.com,fresh blends reviews,4,30,0.00,5,,2026-09-15
fresh-blends-kwik-trip,freshblends.com,machine smoothie,4,30,1.00,0,0.76,2026-09-15
fresh-blends-kwik-trip,freshblends.com,self service smoothie machine,4,30,0.38,0,5.59,2026-09-15
fresh-blends-kwik-trip,freshblends.com,fruit blends,5,480,0.37,0,0.56,2026-09-15
fresh-blends-kwik-trip,freshblends.com,kwik trip smoothie nutrition,5,20,0.00,0,,2026-09-15
fresh-blends-kwik-trip,freshblends.com,qt smoothie flavors,6,30,0.00,2,,2026-09-15
fresh-blends-kwik-trip,freshblends.com,quiktrip smoothie flavors,6,30,0.00,1,,2026-09-15
fresh-blends-kwik-trip,freshblends.com,smoothie gas station,6,50,0.34,15,0.84,2026-09-15
fresh-blends-kwik-trip,freshblends.com,kwik trip smoothies nutrition,7,20,0.00,0,,2026-09-15
fresh-blends-kwik-trip,freshblends.com,fresh blendz,8,880,0.05,3,3.61,2026-09-15
fresh-blends-kwik-trip,freshblends.com,fresh fruit mixer,9,140,1.00,0,0.79,2026-09-15
fresh-blends-kwik-trip,freshblends.com,automatic smoothie maker,10,30,0.70,0,0.29,2026-09-15
fresh-blends-kwik-trip,freshblends.com,blenders flavors,11,50,0.00,6,,2026-09-15
fresh-blends-kwik-trip,freshblends.com,blenders locations,11,140,0.10,0,3.51,2026-09-15
fresh-blends-kwik-trip,freshblends.com,freshies drink,11,50,0.12,2,,2026-09-15
fresh-blends-kwik-trip,freshblends.com,blend locations,12,320,0.03,15,6.46,2026-09-15
fresh-blends-kwik-trip,freshblends.com,automatic smoothie machine,13,70,0.72,0,0.89,2026-09-15
fresh-blends-kwik-trip,freshblends.com,fruit blend,13,480,0.37,0,0.56,2026-09-15
fresh-blends-kwik-trip,freshblends.com,automated smoothie machine,14,70,0.72,0,0.89,2026-09-15
fresh-blends-kwik-trip,freshblends.com,quick check smoothie,14,90,0.10,0,1.53,2026-09-15
fresh-blends-kwik-trip,freshblends.com,blended milkshake,15,110,0.13,7,0.27,2026-09-15
fresh-blends-kwik-trip,freshblends.com,fresh beverages,15,40,0.15,0,,2026-09-15
fresh-blends-kwik-trip,freshblends.com,freshen smoothie,15,1000,0.01,0,,2026-09-15
fresh-blends-kwik-trip,freshblends.com,frozen xplosion frappe base,15,30,0.74,0,7.60,2026-09-15
fresh-blends-kwik-trip,freshblends.com,smoothie on the go,15,320,0.89,0,1.41,2026-09-15
fresh-blends-kwik-trip,freshblends.com,fresh beverage,17,40,0.15,0,,2026-09-15
fresh-blends-kwik-trip,freshblends.com,fresh blends jacksonville nc,17,70,0.04,1,,2026-09-15
fresh-blends-kwik-trip,freshblends.com,fresh shakes,17,30,0.25,7,0.49,2026-09-15
fresh-blends-kwik-trip,freshblends.com,fruit smoothie products,17,40,1.00,0,0.53,2026-09-15
fresh-blends-kwik-trip,freshblends.com,quick blends,17,70,0.63,0,1.62,2026-09-15
fresh-blends-kwik-trip,freshblends.com,blend sip chill machine,18,40,0.24,4,1.90,2026-09-15
fresh-blends-kwik-trip,freshblends.com,capora smoothie mix,18,40,1.00,0,2.03,2026-09-15
fresh-blends-kwik-trip,freshblends.com,fruit slaps,18,70,0.00,0,,2026-09-15
fresh-blends-kwik-trip,freshblends.com,menu smoothie flavors,18,30,0.47,11,0.08,2026-09-15
fresh-blends-kwik-trip,freshblends.com,our blend menu,18,30,0.00,0,,2026-09-15
fresh-blends-kwik-trip,freshblends.com,premium smoothies,18,390,0.32,10,,2026-09-15
fresh-blends-kwik-trip,freshblends.com,real smoothies,18,70,0.17,2,,2026-09-15
fresh-blends-kwik-trip,freshblends.com,twist n go smoothie,18,40,0.08,0,,2026-09-15
fresh-blends-kwik-trip,freshblends.com,blendables,20,320,0.28,0,0.20,2026-09-15
fresh-blends-kwik-trip,freshblends.com,flash blend,20,140,0.98,0,1.42,2026-09-15
fresh-blends-kwik-trip,freshblends.com,highway blends menu,20,30,0.00,0,,2026-09-15
fresh-blends-kwik-trip,freshblends.com,just blend,20,30,0.00,9,,2026-09-15
fresh-blends-kwik-trip,freshblends.com,quick blend,20,70,0.63,0,1.62,2026-09-15
fresh-blends-kwik-trip,freshblends.com,quick check smoothies,20,90,0.10,0,1.53,2026-09-15
fresh-blends-kwik-trip,freshblends.com,smoothie making machine,20,110,0.98,10,0.47,2026-09-15
fresh-blends-kwik-trip,freshblends.com,fruity mix menu,21,40,0.00,0,,2026-09-15
fresh-blends-kwik-trip,freshblends.com,gas station milkshake machine,21,1000,0.19,2,1.26,2026-09-15
fresh-blends-kwik-trip,freshblends.com,handy gourmet revmix,21,50,0.96,0,0.06,2026-09-15
fresh-blends-kwik-trip,freshblends.com,kwik trip fruit,21,20,0.15,1,,2026-09-15
fresh-blends-kwik-trip,freshblends.com,twist & go smoothie,21,70,0.24,0,,2026-09-15
fresh-blends-kwik-trip,freshblends.com,where to get berry blend smoothie star citizen,21,50,0.00,0,,2026-09-15
fresh-blends-kwik-trip,freshblends.com,factor smoothies,22,320,1.00,0,3.28,2026-09-15
fresh-blends-kwik-trip,freshblends.com,smoothie blends,22,3600,0.32,11,0.74,2026-09-15
fresh-blends-kwik-trip,freshblends.com,smoothie drink brands,22,720,0.89,7,0.60,2026-09-15
fresh-blends-kwik-trip,freshblends.com,the fresh beat band smoothies to go go,22,170,0.00,0,,2026-09-15
fresh-blends-kwik-trip,freshblends.com,bang bang passion fruit drink mix,23,30,0.95,0,0.97,2026-09-15
fresh-blends-kwik-trip,freshblends.com,convenience store milkshake machine,23,30,0.24,0,1.38,2026-09-15
fresh-blends-kwik-trip,freshblends.com,fresh start smoothie blend organic,23,30,0.93,0,2.46,2026-09-15
fresh-blends-kwik-trip,freshblends.com,shake beverage,23,30,0.10,11,,2026-09-15
fresh-blends-kwik-trip,freshblends.com,berry blend smoothie star citizen,24,210,0.00,0,,2026-09-15
fresh-blends-kwik-trip,freshblends.com,blendables smoothie,24,50,0.94,0,0.31,2026-09-15
fresh-blends-kwik-trip,freshblends.com,blender fresh juice,24,30,0.18,1,0.16,2026-09-15
fresh-blends-kwik-trip,freshblends.com,does chick fil a sell smoothies,24,90,0.07,9,0.19,2026-09-15
fresh-blends-kwik-trip,freshblends.com,remix machine,24,40,0.04,9,,2026-09-15
fresh-blends-kwik-trip,freshblends.com,all-natural smoothie mix,25,40,0.36,5,1.78,2026-09-15
fresh-blends-kwik-trip,freshblends.com,fresh smoothie,25,14800,0.18,5,0.93,2026-09-15
fresh-blends-kwik-trip,freshblends.com,frozen shakes,25,90,0.95,1,1.69,2026-09-15
fresh-blends-kwik-trip,freshblends.com,jetpack smoothie,25,30,0.40,0,0.64,2026-09-15
fresh-blends-kwik-trip,freshblends.com,natural blend smoothies,25,50,0.18,5,1.04,2026-09-15
fresh-blends-kwik-trip,freshblends.com,twyst wellness blend,25,40,0.85,0,0.44,2026-09-15
fresh-blends-kwik-trip,freshblends.com,blend shakes,26,40,0.67,12,0.34,2026-09-15
fresh-blends-kwik-trip,freshblends.com,blendjet phone number,26,30,0.00,1,,2026-09-15
fresh-blends-kwik-trip,freshblends.com,fresh samantha,26,110,0.02,0,,2026-09-15
fresh-blends-kwik-trip,freshblends.com,fresh start organic smoothie blend,26,30,0.93,0,2.46,2026-09-15
fresh-blends-kwik-trip,freshblends.com,freshpicks smoothies & fruit menu,26,70,0.01,5,,2026-09-15
fresh-blends-kwik-trip,freshblends.com,self serve milkshake machine,26,30,0.88,0,1.58,2026-09-15
fresh-blends-kwik-trip,freshblends.com,smoothie drink mix,26,30,1.00,0,0.61,2026-09-15
fresh-blends-kwik-trip,freshblends.com,16 oz smoothie,27,170,0.21,4,0.58,2026-09-15
fresh-blends-kwik-trip,freshblends.com,alba 77 shake mix,27,30,1.00,0,2.16,2026-09-15
fresh-blends-kwik-trip,freshblends.com,blenders secret menu,27,210,0.00,0,,2026-09-15
fresh-blends-kwik-trip,freshblends.com,fresh blendz cafe,27,720,0.03,0,0.51,2026-09-15
fresh-blends-kwik-trip,freshblends.com,fruit smoothie vending machine,27,590,0.83,0,1.29,2026-09-15
fresh-blends-kwik-trip,freshblends.com,fruve drinks,27,110,0.92,0,0.81,2026-09-15
fresh-blends-kwik-trip,freshblends.com,kwik star drinks,27,30,0.02,0,,2026-09-15
fresh-blends-kwik-trip,freshblends.com,lifestyle smoothie mix,27,50,0.37,0,,2026-09-15
fresh-blends-kwik-trip,freshblends.com,qt smoothie,27,260,0.01,18,,2026-09-15
fresh-blends-kwik-trip,freshblends.com,shivery shake,27,70,0.29,0,3.42,2026-09-15
fresh-blends-kwik-trip,freshblends.com,smoothie mix nearby,27,30,0.97,0,0.23,2026-09-15
fresh-blends-kwik-trip,freshblends.com,smoothie vending machine,27,590,0.83,0,1.29,2026-09-15
fresh-blends-kwik-trip,freshblends.com,strawberry x treme,27,50,0.02,0,0.43,2026-09-15
fresh-blends-kwik-trip,freshblends.com,twist and go smoothie,27,320,0.39,0,,2026-09-15
fresh-blends-kwik-trip,freshblends.com,all natural smoothie mix,28,40,0.36,10,1.78,2026-09-15
fresh-blends-kwik-trip,freshblends.com,berry blendz calories,28,110,0.00,0,,2026-09-15
fresh-blends-kwik-trip,freshblends.com,berry blendz nutrition,28,110,0.00,0,,2026-09-15
fresh-blends-kwik-trip,freshblends.com,blends lampasas menu,28,30,0.00,0,,2026-09-15
fresh-blends-kwik-trip,freshblends.com,flavors blend,28,40,0.01,1,,2026-09-15
fresh-blends-kwik-trip,freshblends.com,fresh start smoothie blend,28,90,0.68,0,0.54,2026-09-15
fresh-blends-kwik-trip,freshblends.com,fruit and ice smoothies,28,30,0.05,17,,2026-09-15
fresh-blends-kwik-trip,freshblends.com,fruit works drink,28,260,0.17,0,,2026-09-15
fresh-blends-kwik-trip,freshblends.com,natural blends smoothie,28,50,0.18,1,1.04,2026-09-15
fresh-blends-kwik-trip,freshblends.com,sidekicks strawberry-mango,28,70,0.10,0,0.20,2026-09-15
fresh-blends-kwik-trip,freshblends.com,blenda smoothie vending machine,29,30,0.82,0,0.70,2026-09-15
fresh-blends-kwik-trip,freshblends.com,fresh-picks menu,29,30,0.03,8,0.60,2026-09-15
fresh-blends-kwik-trip,freshblends.com,fruit smoothie blends,29,3600,0.32,10,0.74,2026-09-15
fresh-blends-kwik-trip,freshblends.com,fruitworks drink,29,90,0.19,0,,2026-09-15
fresh-blends-kwik-trip,freshblends.com,fruitworks drinks,29,90,0.19,0,,2026-09-15
fresh-blends-kwik-trip,freshblends.com,jenny fruit smoothie menu,29,210,0.04,0,0.94,2026-09-15
fresh-blends-kwik-trip,freshblends.com,sidekicks smooth frozen,29,320,0.35,0,1.48,2026-09-15
fresh-blends-kwik-trip,freshblends.com,sidekicks smooth-frozen,29,320,0.35,0,1.48,2026-09-15
fresh-blends-kwik-trip,freshblends.com,berry blendz,30,8100,0.04,0,1.48,2026-09-15
fresh-blends-kwik-trip,freshblends.com,berry blendz rochester menu,30,320,0.03,0,,2026-09-15
fresh-blends-kwik-trip,freshblends.com,berry blendz smoothies,30,40,0.04,0,,2026-09-15
fresh-blends-kwik-trip,freshblends.com,smooth blends,30,170,0.01,0,,2026-09-15
hope-wellness-center,thehopewellnesscenter.com,hope and wellness center,1,210,0.05,15,0.25,2026-09-15
hope-wellness-center,thehopewellnesscenter.com,hope wellness center,1,1300,0.09,0,4.14,2026-09-15
hope-wellness-center,thehopewellnesscenter.com,the hope wellness center,1,260,0.05,0,11.61,2026-09-15
hope-wellness-center,thehopewellnesscenter.com,hope wellness,2,880,0.08,0,1.05,2026-09-15
hope-wellness-center,thehopewellnesscenter.com,hope wellness institute,2,50,0.00,0,,2026-09-15
hope-wellness-center,thehopewellnesscenter.com,suboxone clinics in boston,2,40,0.58,0,62.47,2026-09-15
hope-wellness-center,thehopewellnesscenter.com,suboxone clinics in boston ma,2,40,0.58,0,62.47,2026-09-15
hope-wellness-center,thehopewellnesscenter.com,hope wellness concord,3,40,0.10,0,,2026-09-15
hope-wellness-center,thehopewellnesscenter.com,therapist newport ri,3,50,0.88,3,11.69,2026-09-15
hope-wellness-center,thehopewellnesscenter.com,therapists newport ri,3,50,0.88,7,11.69,2026-09-15
hope-wellness-center,thehopewellnesscenter.com,adhd coping mechanisms,4,590,0.30,21,2.01,2026-09-15
hope-wellness-center,thehopewellnesscenter.com,adhd coping type,4,390,0.00,20,,2026-09-15
hope-wellness-center,thehopewellnesscenter.com,hope center for wellness,4,50,0.07,3,0.14,2026-09-15
hope-wellness-center,thehopewellnesscenter.com,hope mental wellness,4,50,0.15,1,,2026-09-15
hope-wellness-center,thehopewellnesscenter.com,mindfulness integration,4,40,0.15,0,2.15,2026-09-15
hope-wellness-center,thehopewellnesscenter.com,hope wellness center san angelo tx,5,30,0.03,0,,2026-09-15
hope-wellness-center,thehopewellnesscenter.com,hope wellness concord nc,5,30,0.08,0,5.04,2026-09-15
hope-wellness-center,thehopewellnesscenter.com,boston iop,6,50,0.96,0,28.74,2026-09-15
hope-wellness-center,thehopewellnesscenter.com,center for psychological wellness ri,6,320,0.05,2,18.87,2026-09-15
hope-wellness-center,thehopewellnesscenter.com,dbt therapy rhode island,6,40,0.76,0,19.10,2026-09-15
hope-wellness-center,thehopewellnesscenter.com,good hope wellness,6,210,0.03,5,11.51,2026-09-15
hope-wellness-center,thehopewellnesscenter.com,hope and wellness,6,480,0.07,14,27.60,2026-09-15
hope-wellness-center,thehopewellnesscenter.com,hope wellness clinic,6,40,0.02,18,,2026-09-15
hope-wellness-center,thehopewellnesscenter.com,hope wellness counseling,6,70,0.17,0,1.23,2026-09-15
hope-wellness-center,thehopewellnesscenter.com,iop boston,6,50,0.96,0,28.74,2026-09-15
hope-wellness-center,thehopewellnesscenter.com,is adhd a coping mechanism,6,50,0.02,1,,2026-09-15
hope-wellness-center,thehopewellnesscenter.com,hope and wellness counseling,7,110,0.11,6,1.12,2026-09-15
hope-wellness-center,thehopewellnesscenter.com,iop program boston,7,70,0.96,0,72.32,2026-09-15
hope-wellness-center,thehopewellnesscenter.com,hope family wellness center llc,8,70,0.01,0,,2026-09-15
hope-wellness-center,thehopewellnesscenter.com,hope wellness center san angelo,8,30,0.03,0,,2026-09-15
hope-wellness-center,thehopewellnesscenter.com,hope wellness counseling and consulting pllc,8,50,0.04,0,10.52,2026-09-15
hope-wellness-center,thehopewellnesscenter.com,undiagnosed adhd coping mechanisms,8,70,0.14,0,2.93,2026-09-15
hope-wellness-center,thehopewellnesscenter.com,coping mechanism adhd,9,590,0.30,15,2.01,2026-09-15
hope-wellness-center,thehopewellnesscenter.com,finding hope wellness center,9,50,0.07,0,2.71,2026-09-15
hope-wellness-center,thehopewellnesscenter.com,hope wellness center dover,9,30,0.17,0,10.52,2026-09-15
hope-wellness-center,thehopewellnesscenter.com,ri wellness center,9,30,0.45,16,1.68,2026-09-15
hope-wellness-center,thehopewellnesscenter.com,wellness center ri,9,30,0.45,11,1.68,2026-09-15
hope-wellness-center,thehopewellnesscenter.com,adhd coping mechanisms adults,10,30,0.36,15,3.43,2026-09-15
hope-wellness-center,thehopewellnesscenter.com,adhd testing rhode island,10,90,0.82,0,11.75,2026-09-15
hope-wellness-center,thehopewellnesscenter.com,adhd testing ri,10,90,0.82,0,11.75,2026-09-15
hope-wellness-center,thehopewellnesscenter.com,coping mechanisms for adhd,10,260,0.24,1,1.60,2026-09-15
hope-wellness-center,thehopewellnesscenter.com,mindfulness in counseling,10,140,0.04,21,,2026-09-15
hope-wellness-center,thehopewellnesscenter.com,boston anxiety center,11,480,0.09,5,18.09,2026-09-15
hope-wellness-center,thehopewellnesscenter.com,goldline health and wellness,11,260,0.02,0,11.59,2026-09-15
hope-wellness-center,thehopewellnesscenter.com,hope wellness center dover de,11,30,0.07,0,,2026-09-15
hope-wellness-center,thehopewellnesscenter.com,pvd cares wellness center,11,320,0.05,0,0.25,2026-09-15
hope-wellness-center,thehopewellnesscenter.com,adhd coping skills,12,720,0.39,15,2.62,2026-09-15
hope-wellness-center,thehopewellnesscenter.com,adhd testing in ri,12,90,0.82,0,11.75,2026-09-15
hope-wellness-center,thehopewellnesscenter.com,hope and wellness mclean,12,30,0.29,3,3.65,2026-09-15
hope-wellness-center,thehopewellnesscenter.com,adhd coping strategies,13,720,0.29,21,2.90,2026-09-15
hope-wellness-center,thehopewellnesscenter.com,best treatment post traumatic stress disorder,13,590,0.45,46,13.49,2026-09-15
hope-wellness-center,thehopewellnesscenter.com,coping mechanism for adhd,13,260,0.24,13,1.60,2026-09-15
hope-wellness-center,thehopewellnesscenter.com,hope for wellness,13,40,0.07,14,7.31,2026-09-15
hope-wellness-center,thehopewellnesscenter.com,mindfulness and meditation therapy,13,210,0.04,55,,2026-09-15
hope-wellness-center,thehopewellnesscenter.com,coping skills for adhd in adults,14,40,0.56,15,0.82,2026-09-15
hope-wellness-center,thehopewellnesscenter.com,coping techniques for adhd,14,390,0.17,16,1.86,2026-09-15
hope-wellness-center,thehopewellnesscenter.com,joy and wellness center,14,170,0.00,0,,2026-09-15
hope-wellness-center,thehopewellnesscenter.com,ways to treat post traumatic stress disorder,14,90,0.41,46,5.23,2026-09-15
hope-wellness-center,thehopewellnesscenter.com,adhd center of new england ri,15,30,0.31,0,12.13,2026-09-15
hope-wellness-center,thehopewellnesscenter.com,hope and wellness falls church,15,50,0.14,11,18.05,2026-09-15
hope-wellness-center,thehopewellnesscenter.com,mindfulness treatment,15,30,0.10,38,0.64,2026-09-15
hope-wellness-center,thehopewellnesscenter.com,newport mental health ri,15,170,0.27,21,22.98,2026-09-15
hope-wellness-center,thehopewellnesscenter.com,wellness rhode island,15,170,0.06,10,1.80,2026-09-15
hope-wellness-center,thehopewellnesscenter.com,holistic path wellness center,16,50,0.02,0,,2026-09-15
hope-wellness-center,thehopewellnesscenter.com,mindfulness intervention,16,170,0.04,40,,2026-09-15
hope-wellness-center,thehopewellnesscenter.com,physical and mental wellness,16,50,0.00,19,,2026-09-15
hope-wellness-center,thehopewellnesscenter.com,therapy in newport,16,50,0.88,0,11.69,2026-09-15
hope-wellness-center,thehopewellnesscenter.com,adhd management strategies,17,1300,0.09,29,3.70,2026-09-15
hope-wellness-center,thehopewellnesscenter.com,coping with adhd,17,720,0.29,20,2.90,2026-09-15
hope-wellness-center,thehopewellnesscenter.com,medications for trauma,17,110,0.10,21,25.96,2026-09-15
hope-wellness-center,thehopewellnesscenter.com,mindfulness in therapy,17,9900,0.06,38,7.64,2026-09-15
hope-wellness-center,thehopewellnesscenter.com,wellness centers in ri,17,30,0.45,11,1.68,2026-09-15
hope-wellness-center,thehopewellnesscenter.com,coping strategies for adhd,18,390,0.17,1,1.86,2026-09-15
hope-wellness-center,thehopewellnesscenter.com,strategies to deal with adhd,18,30,0.85,28,4.32,2026-09-15
hope-wellness-center,thehopewellnesscenter.com,therapy for youth,18,390,0.64,41,13.49,2026-09-15
hope-wellness-center,thehopewellnesscenter.com,treatments for trauma,18,2400,0.33,46,11.40,2026-09-15
hope-wellness-center,thehopewellnesscenter.com,what treatment is used for ptsd,18,20,0.29,47,2.11,2026-09-15
hope-wellness-center,thehopewellnesscenter.com,boston genetic testing,19,110,0.34,5,3.65,2026-09-15
hope-wellness-center,thehopewellnesscenter.com,drugs to treat post traumatic stress disorder,19,140,0.13,44,5.54,2026-09-15
hope-wellness-center,thehopewellnesscenter.com,newport mental health middletown ri,19,140,0.49,9,11.39,2026-09-15
hope-wellness-center,thehopewellnesscenter.com,the personal wellness center,19,320,0.03,6,,2026-09-15
hope-wellness-center,thehopewellnesscenter.com,therapy for ptsd symptoms,19,140,0.28,60,3.96,2026-09-15
hope-wellness-center,thehopewellnesscenter.com,treatment for ptsd without medication,19,30,0.41,2,2.55,2026-09-15
hope-wellness-center,thehopewellnesscenter.com,ways to cope with adhd,19,90,0.31,21,2.82,2026-09-15
hope-wellness-center,thehopewellnesscenter.com,how to cope with adhd,20,1300,0.40,26,3.38,2026-09-15
hope-wellness-center,thehopewellnesscenter.com,palmaccio therapy,20,30,0.04,0,,2026-09-15
hope-wellness-center,thehopewellnesscenter.com,physical mental wellness,20,50,0.00,44,,2026-09-15
hope-wellness-center,thehopewellnesscenter.com,ptsd symptoms in women treatment,20,40,0.40,60,3.31,2026-09-15
hope-wellness-center,thehopewellnesscenter.com,skills for adhd,20,30,0.13,15,3.45,2026-09-15
hope-wellness-center,thehopewellnesscenter.com,coping strategies for adults with adhd,21,30,0.43,1,0.05,2026-09-15
hope-wellness-center,thehopewellnesscenter.com,drugs for ptsd treatment,21,480,0.23,27,9.68,2026-09-15
hope-wellness-center,thehopewellnesscenter.com,mental and physical wellness,21,50,0.00,19,,2026-09-15
hope-wellness-center,thehopewellnesscenter.com,newport mental health newport ri,21,70,0.38,21,7.06,2026-09-15
hope-wellness-center,thehopewellnesscenter.com,strategies to manage adhd,21,30,0.41,25,,2026-09-15
hope-wellness-center,thehopewellnesscenter.com,adhd compensatory strategies,22,30,0.05,12,,2026-09-15
hope-wellness-center,thehopewellnesscenter.com,hope and wellness everett,22,30,0.00,0,,2026-09-15
hope-wellness-center,thehopewellnesscenter.com,hope center cranston ri,22,40,0.12,0,,2026-09-15
hope-wellness-center,thehopewellnesscenter.com,hopeful journeys counseling and wellness inc,22,70,0.04,0,,2026-09-15
hope-wellness-center,thehopewellnesscenter.com,link between physical health and mental health,22,40,0.03,53,,2026-09-15
hope-wellness-center,thehopewellnesscenter.com,stress management techniques for adhd,22,320,0.01,3,,2026-09-15
hope-wellness-center,thehopewellnesscenter.com,treatment for ptsd therapy,22,49500,0.26,46,11.62,2026-09-15
hope-wellness-center,thehopewellnesscenter.com,what medicine helps with ptsd,22,30,0.05,16,,2026-09-15
hope-wellness-center,thehopewellnesscenter.com,adhd management techniques,23,210,0.45,25,0.14,2026-09-15
hope-wellness-center,thehopewellnesscenter.com,management of posttraumatic stress disorder,23,260,0.25,45,4.22,2026-09-15
hope-wellness-center,thehopewellnesscenter.com,new treatment for ptsd,23,480,0.36,39,6.88,2026-09-15
hope-wellness-center,thehopewellnesscenter.com,psychotherapy for post traumatic stress disorder,23,33100,0.00,46,7.96,2026-09-15
hope-wellness-center,thehopewellnesscenter.com,treatment for post traumatic syndrome,23,4400,0.36,61,8.07,2026-09-15
hope-wellness-center,thehopewellnesscenter.com,ways to deal with adhd,23,50,0.34,27,3.59,2026-09-15
hope-wellness-center,thehopewellnesscenter.com,wellness center providence ri,23,40,0.33,38,4.96,2026-09-15
hope-wellness-center,thehopewellnesscenter.com,what medicine treats ptsd,23,20,0.20,15,,2026-09-15
hope-wellness-center,thehopewellnesscenter.com,adult adhd coping strategies,24,40,0.70,15,2.43,2026-09-15
hope-wellness-center,thehopewellnesscenter.com,hope center charlotte nc,24,90,0.04,10,7.56,2026-09-15
hope-wellness-center,thehopewellnesscenter.com,link between physical and mental health,24,40,0.03,45,,2026-09-15
hope-wellness-center,thehopewellnesscenter.com,medication for ptsd anxiety and depression,24,110,0.46,29,7.80,2026-09-15
hope-wellness-center,thehopewellnesscenter.com,physical and mentally,24,2400,0.00,24,,2026-09-15
hope-wellness-center,thehopewellnesscenter.com,ptsd drug treatment,24,8100,0.09,44,7.81,2026-09-15
hope-wellness-center,thehopewellnesscenter.com,wellness ri,24,480,0.09,9,3.43,2026-09-15
hope-wellness-center,thehopewellnesscenter.com,4 approaches to reducing stigma,25,50,0.02,17,,2026-09-15
hope-wellness-center,thehopewellnesscenter.com,hope community services inc wellness and recovery,25,1300,0.03,11,2.33,2026-09-15
hope-wellness-center,thehopewellnesscenter.com,hopewell therapy,25,90,0.24,0,8.48,2026-09-15
hope-wellness-center,thehopewellnesscenter.com,how to treat ptsd,25,2900,0.36,46,5.34,2026-09-15
hope-wellness-center,thehopewellnesscenter.com,physical and mental well being,25,110,0.08,53,,2026-09-15
hope-wellness-center,thehopewellnesscenter.com,ryan center mental health,25,30,0.64,6,11.96,2026-09-15
hope-wellness-center,thehopewellnesscenter.com,adhd coping skills for adults,26,210,0.50,0,2.76,2026-09-15
hope-wellness-center,thehopewellnesscenter.com,iop massachusetts,26,170,0.32,3,51.73,2026-09-15
hope-wellness-center,thehopewellnesscenter.com,island wellness middletown ri,26,20,0.10,0,0.24,2026-09-15
hope-wellness-center,thehopewellnesscenter.com,physical and mental,26,2400,0.00,33,,2026-09-15
hope-wellness-center,thehopewellnesscenter.com,physical social and mental health,26,210,0.01,53,4.40,2026-09-15
hope-wellness-center,thehopewellnesscenter.com,therapeutic interventions ptsd,26,110,0.21,44,22.99,2026-09-15
hope-wellness-center,thehopewellnesscenter.com,treatment for ptsd symptoms,26,140,0.28,60,3.96,2026-09-15
hope-wellness-center,thehopewellnesscenter.com,correlation between physical and mental health,27,40,0.09,38,19.54,2026-09-15
hope-wellness-center,thehopewellnesscenter.com,hopewell psychology,27,590,0.11,4,7.00,2026-09-15
hope-wellness-center,thehopewellnesscenter.com,how to cure post traumatic stress,27,170,0.17,46,1.54,2026-09-15
hope-wellness-center,thehopewellnesscenter.com,medications for ptsd anxiety and depression,27,110,0.46,26,7.80,2026-09-15
hope-wellness-center,thehopewellnesscenter.com,overstory health boston,27,320,0.13,0,24.06,2026-09-15
hope-wellness-center,thehopewellnesscenter.com,what medication is used to treat ptsd,27,390,0.09,19,5.69,2026-09-15
hope-wellness-center,thehopewellnesscenter.com,adhd behavioral strategies,28,260,0.09,25,5.51,2026-09-15
hope-wellness-center,thehopewellnesscenter.com,hope hollingsworth,28,30,0.03,0,,2026-09-15
hope-wellness-center,thehopewellnesscenter.com,ptrs treatment,28,90,0.12,35,173.47,2026-09-15
hope-wellness-center,thehopewellnesscenter.com,the connection between physical and mental health,28,20,0.00,33,,2026-09-15
hope-wellness-center,thehopewellnesscenter.com,difference between physical health and mental health,29,50,0.00,26,,2026-09-15
hope-wellness-center,thehopewellnesscenter.com,how to cope with add,29,30,0.36,28,,2026-09-15
hope-wellness-center,thehopewellnesscenter.com,lifestance iop,29,30,0.62,5,11.24,2026-09-15
hope-wellness-center,thehopewellnesscenter.com,link between mental and physical health,29,40,0.03,44,,2026-09-15
hope-wellness-center,thehopewellnesscenter.com,physical and mental health,29,590,0.02,53,8.83,2026-09-15
hope-wellness-center,thehopewellnesscenter.com,pills for ptsd,29,260,0.06,22,8.51,2026-09-15
hope-wellness-center,thehopewellnesscenter.com,psychologically and physically,29,30,0.00,11,,2026-09-15
hope-wellness-center,thehopewellnesscenter.com,benefits of family therapy,30,110,0.03,20,18.68,2026-09-15
hope-wellness-center,thehopewellnesscenter.com,family therapy benefits,30,110,0.03,11,18.68,2026-09-15
hope-wellness-center,thehopewellnesscenter.com,the connection between mental and physical health,30,20,0.00,33,,2026-09-15
kimberly-james-bridal,kimberlyjamesbridal.com,kimberly bridal,1,90,0.19,11,13.20,2026-09-15
kimberly-james-bridal,kimberlyjamesbridal.com,kimberly james,1,480,0.01,1,0.15,2026-09-15
kimberly-james-bridal,kimberlyjamesbridal.com,kimberly james bridal,1,880,0.12,3,1.73,2026-09-15
kimberly-james-bridal,kimberlyjamesbridal.com,kim's bridal,4,90,0.19,0,13.20,2026-09-15
kimberly-james-bridal,kimberlyjamesbridal.com,kimberly's bridal,4,70,0.19,3,,2026-09-15
kimberly-james-bridal,kimberlyjamesbridal.com,kimberly james bridal reviews,6,30,0.02,1,0.02,2026-09-15
kimberly-james-bridal,kimberlyjamesbridal.com,dress hanger straps,7,70,0.05,0,0.66,2026-09-15
kimberly-james-bridal,kimberlyjamesbridal.com,dress hanging straps,7,70,0.05,0,0.66,2026-09-15
kimberly-james-bridal,kimberlyjamesbridal.com,tania olsen bridal,7,40,0.53,8,0.60,2026-09-15
kimberly-james-bridal,kimberlyjamesbridal.com,kimberly's dresses,9,70,1.00,4,2.05,2026-09-15
kimberly-james-bridal,kimberlyjamesbridal.com,philadelphia bridal alterations,10,70,0.02,0,,2026-09-15
kimberly-james-bridal,kimberlyjamesbridal.com,isabella wedding dress,11,40,0.91,0,2.00,2026-09-15
kimberly-james-bridal,kimberlyjamesbridal.com,french vs american bustle,12,260,0.01,0,,2026-09-15
kimberly-james-bridal,kimberlyjamesbridal.com,kimmie wedding dress,12,110,0.39,0,0.55,2026-09-15
kimberly-james-bridal,kimberlyjamesbridal.com,bhldn chestnut hill,13,140,0.95,8,1.46,2026-09-15
kimberly-james-bridal,kimberlyjamesbridal.com,hanger straps on clothing,13,70,0.05,0,0.66,2026-09-15
kimberly-james-bridal,kimberlyjamesbridal.com,madi lane serene,13,30,0.88,0,0.63,2026-09-15
kimberly-james-bridal,kimberlyjamesbridal.com,james bridal,14,50,0.52,14,1.20,2026-09-15
kimberly-james-bridal,kimberlyjamesbridal.com,serene by madi lane,14,390,0.87,0,0.88,2026-09-15
kimberly-james-bridal,kimberlyjamesbridal.com,top bridal shops in philadelphia,15,20,1.00,0,1.61,2026-09-15
kimberly-james-bridal,kimberlyjamesbridal.com,wedding dress boutiques philadelphia,15,480,0.89,0,4.33,2026-09-15
kimberly-james-bridal,kimberlyjamesbridal.com,wedding neck scarf,15,140,1.00,0,0.60,2026-09-15
kimberly-james-bridal,kimberlyjamesbridal.com,american vs french bustle,16,210,0.00,0,,2026-09-15
kimberly-james-bridal,kimberlyjamesbridal.com,country threads by gail,17,30,0.00,0,,2026-09-15
kimberly-james-bridal,kimberlyjamesbridal.com,madi lane bridal,17,1600,0.41,8,1.23,2026-09-15
kimberly-james-bridal,kimberlyjamesbridal.com,philly bridal shops,17,1900,1.00,0,3.69,2026-09-15
kimberly-james-bridal,kimberlyjamesbridal.com,best bridal shops in philadelphia,18,70,0.64,26,7.62,2026-09-15
kimberly-james-bridal,kimberlyjamesbridal.com,bridal alterations philadelphia,18,140,0.23,0,1.20,2026-09-15
kimberly-james-bridal,kimberlyjamesbridal.com,bridal boutique philadelphia,18,480,0.89,0,4.33,2026-09-15
kimberly-james-bridal,kimberlyjamesbridal.com,bridal shop philadelphia pa,18,1900,1.00,1,3.69,2026-09-15
kimberly-james-bridal,kimberlyjamesbridal.com,french vs american bustle wedding dress,18,50,0.05,0,0.11,2026-09-15
kimberly-james-bridal,kimberlyjamesbridal.com,what is a size 8 wedding dress equivalent to,18,40,0.36,0,1.81,2026-09-15
kimberly-james-bridal,kimberlyjamesbridal.com,affordable bridal shops philadelphia,19,40,1.00,6,1.08,2026-09-15
kimberly-james-bridal,kimberlyjamesbridal.com,bridal neck scarf,19,390,1.00,0,0.80,2026-09-15
kimberly-james-bridal,kimberlyjamesbridal.com,bridal stores philadelphia,19,480,0.89,0,4.33,2026-09-15
kimberly-james-bridal,kimberlyjamesbridal.com,isabella james bridal,19,210,0.18,0,0.18,2026-09-15
kimberly-james-bridal,kimberlyjamesbridal.com,kimberly james jewelry,19,50,0.25,4,1.39,2026-09-15
kimberly-james-bridal,kimberlyjamesbridal.com,serene wedding dress,19,170,1.00,0,1.17,2026-09-15
kimberly-james-bridal,kimberlyjamesbridal.com,wedding dresses lancaster pa,19,260,0.98,31,0.97,2026-09-15
kimberly-james-bridal,kimberlyjamesbridal.com,wedding shops in philadelphia,19,1900,1.00,0,3.69,2026-09-15
kimberly-james-bridal,kimberlyjamesbridal.com,bridal shops philadelphia,20,1900,1.00,0,3.69,2026-09-15
kimberly-james-bridal,kimberlyjamesbridal.com,elliot james bridal,20,260,0.29,0,1.45,2026-09-15
kimberly-james-bridal,kimberlyjamesbridal.com,fall wedding,20,3600,0.58,2,0.62,2026-09-15
kimberly-james-bridal,kimberlyjamesbridal.com,philadelphia bridal,20,30,0.55,19,2.55,2026-09-15
kimberly-james-bridal,kimberlyjamesbridal.com,philly wedding dress shops,20,50,0.83,6,2.90,2026-09-15
kimberly-james-bridal,kimberlyjamesbridal.com,wedding dress rental in philadelphia,20,40,0.96,4,0.38,2026-09-15
kimberly-james-bridal,kimberlyjamesbridal.com,wedding dress shops philadelphia pa,20,480,0.89,0,4.33,2026-09-15
kimberly-james-bridal,kimberlyjamesbridal.com,wedding dress stores philadelphia,20,1900,1.00,0,3.69,2026-09-15
kimberly-james-bridal,kimberlyjamesbridal.com,affordable wedding dresses philadelphia,21,40,1.00,5,2.41,2026-09-15
kimberly-james-bridal,kimberlyjamesbridal.com,bridal salons philadelphia,21,480,0.89,9,4.33,2026-09-15
kimberly-james-bridal,kimberlyjamesbridal.com,jbl bridal,21,30,0.12,11,,2026-09-15
kimberly-james-bridal,kimberlyjamesbridal.com,philadelphia bridal salon,21,480,0.89,19,4.33,2026-09-15
kimberly-james-bridal,kimberlyjamesbridal.com,wedding gowns philadelphia,21,1900,1.00,19,3.69,2026-09-15
kimberly-james-bridal,kimberlyjamesbridal.com,bhldn philadelphia pa,22,70,0.77,10,0.97,2026-09-15
kimberly-james-bridal,kimberlyjamesbridal.com,bridal shop in philadelphia,22,1900,1.00,0,3.69,2026-09-15
kimberly-james-bridal,kimberlyjamesbridal.com,bridal shops in philadelphia,22,1900,1.00,0,3.69,2026-09-15
kimberly-james-bridal,kimberlyjamesbridal.com,philadelphia bridal stores,22,480,0.89,6,4.33,2026-09-15
kimberly-james-bridal,kimberlyjamesbridal.com,wedding dress alterations philadelphia,22,140,0.23,0,1.20,2026-09-15
kimberly-james-bridal,kimberlyjamesbridal.com,wedding dress shops philadelphia,22,1900,1.00,5,3.69,2026-09-15
kimberly-james-bridal,kimberlyjamesbridal.com,best wedding dress shops philadelphia,23,30,0.96,26,4.74,2026-09-15
kimberly-james-bridal,kimberlyjamesbridal.com,bridal shops philly,23,40,0.99,0,3.40,2026-09-15
kimberly-james-bridal,kimberlyjamesbridal.com,elizabeth james wedding dress,23,110,0.60,0,0.40,2026-09-15
kimberly-james-bridal,kimberlyjamesbridal.com,plus size bridal shops philadelphia,23,40,1.00,1,3.38,2026-09-15
kimberly-james-bridal,kimberlyjamesbridal.com,plus size wedding dresses in philadelphia,23,40,1.00,0,3.38,2026-09-15
kimberly-james-bridal,kimberlyjamesbridal.com,serene bridal,23,1000,0.45,0,1.35,2026-09-15
kimberly-james-bridal,kimberlyjamesbridal.com,wedding dresses in philadelphia pa,23,1900,1.00,0,3.69,2026-09-15
kimberly-james-bridal,kimberlyjamesbridal.com,wedding dresses philly,23,1900,1.00,0,3.69,2026-09-15
kimberly-james-bridal,kimberlyjamesbridal.com,anthropologie wedding chestnut hill,24,90,0.83,13,0.68,2026-09-15
kimberly-james-bridal,kimberlyjamesbridal.com,bridal size 10 equivalent,24,40,0.32,0,3.69,2026-09-15
kimberly-james-bridal,kimberlyjamesbridal.com,isabella's wedding dress,24,40,0.91,0,2.00,2026-09-15
kimberly-james-bridal,kimberlyjamesbridal.com,jenny yoo neck scarf,24,20,1.00,0,1.86,2026-09-15
kimberly-james-bridal,kimberlyjamesbridal.com,madison lane wedding dresses,24,10,0.51,21,,2026-09-15
kimberly-james-bridal,kimberlyjamesbridal.com,philly wedding dresses,24,1900,1.00,0,3.69,2026-09-15
kimberly-james-bridal,kimberlyjamesbridal.com,strapless dress hanger,24,40,0.98,0,0.44,2026-09-15
kimberly-james-bridal,kimberlyjamesbridal.com,wedding dresses philadelphia,24,1900,1.00,0,3.69,2026-09-15
kimberly-james-bridal,kimberlyjamesbridal.com,american bustle vs french bustle,25,140,0.00,0,,2026-09-15
kimberly-james-bridal,kimberlyjamesbridal.com,kinsley james bridal,25,210,0.17,8,13.96,2026-09-15
kimberly-james-bridal,kimberlyjamesbridal.com,madi lane wedding dresses,25,880,0.72,8,0.88,2026-09-15
kimberly-james-bridal,kimberlyjamesbridal.com,philadelphia wedding boutiques,25,480,0.89,5,4.33,2026-09-15
kimberly-james-bridal,kimberlyjamesbridal.com,wedding dresses philadelphia pa,25,1900,1.00,0,3.69,2026-09-15
kimberly-james-bridal,kimberlyjamesbridal.com,wedding in autumn,25,480,0.30,0,0.72,2026-09-15
kimberly-james-bridal,kimberlyjamesbridal.com,elizabeth james bridal,26,50,0.95,0,1.77,2026-09-15
kimberly-james-bridal,kimberlyjamesbridal.com,magic moment bridal studio,26,590,0.16,0,0.72,2026-09-15
kimberly-james-bridal,kimberlyjamesbridal.com,philadelphia dress shops,26,480,1.00,0,0.70,2026-09-15
kimberly-james-bridal,kimberlyjamesbridal.com,philadelphia wedding dresses,26,1900,1.00,0,3.69,2026-09-15
kimberly-james-bridal,kimberlyjamesbridal.com,plus size bridal shops in philadelphia,26,40,1.00,1,3.38,2026-09-15
kimberly-james-bridal,kimberlyjamesbridal.com,bridal size 8 equivalent,27,30,0.49,0,1.91,2026-09-15
kimberly-james-bridal,kimberlyjamesbridal.com,juniper james bridal,27,170,0.03,4,,2026-09-15
kimberly-james-bridal,kimberlyjamesbridal.com,threads by gail,27,320,0.10,0,2.27,2026-09-15
kimberly-james-bridal,kimberlyjamesbridal.com,bhldn philly,28,70,0.77,9,0.97,2026-09-15
kimberly-james-bridal,kimberlyjamesbridal.com,dress boutiques in philly,28,30,0.94,3,0.40,2026-09-15
kimberly-james-bridal,kimberlyjamesbridal.com,dress shops in philadelphia,28,480,1.00,0,0.70,2026-09-15
kimberly-james-bridal,kimberlyjamesbridal.com,off the rack wedding dresses philadelphia,28,30,0.93,6,7.34,2026-09-15
kimberly-james-bridal,kimberlyjamesbridal.com,off the-rack wedding dresses philadelphia,28,30,0.93,6,7.34,2026-09-15
kimberly-james-bridal,kimberlyjamesbridal.com,plus size wedding dresses philadelphia,28,40,1.00,0,3.38,2026-09-15
kimberly-james-bridal,kimberlyjamesbridal.com,plus size wedding gowns philadelphia,28,40,1.00,5,3.38,2026-09-15
kimberly-james-bridal,kimberlyjamesbridal.com,second hand wedding dresses philadelphia,28,50,1.00,17,0.48,2026-09-15
kimberly-james-bridal,kimberlyjamesbridal.com,anthropologie wedding philadelphia,29,30,0.44,16,0.45,2026-09-15
kimberly-james-bridal,kimberlyjamesbridal.com,bridesmaid dresses philadelphia,29,90,1.00,0,1.17,2026-09-15
kimberly-james-bridal,kimberlyjamesbridal.com,dress shopping philadelphia,29,30,0.94,9,0.40,2026-09-15
kimberly-james-bridal,kimberlyjamesbridal.com,elizabeth james bridal croydon,29,50,0.95,0,1.77,2026-09-15
kimberly-james-bridal,kimberlyjamesbridal.com,elizabeth james wedding dresses,29,110,0.60,0,0.40,2026-09-15
kimberly-james-bridal,kimberlyjamesbridal.com,french bustle,29,3600,0.02,0,0.70,2026-09-15
kimberly-james-bridal,kimberlyjamesbridal.com,hattie james bridal,29,480,0.10,0,,2026-09-15
kimberly-james-bridal,kimberlyjamesbridal.com,magnolia james bridal,29,260,0.13,0,0.87,2026-09-15
kimberly-james-bridal,kimberlyjamesbridal.com,montgomery bridal shops,29,480,0.95,13,0.84,2026-09-15
kimberly-james-bridal,kimberlyjamesbridal.com,plus size wedding dresses in philadelphia pa,29,40,1.00,0,3.38,2026-09-15
kimberly-james-bridal,kimberlyjamesbridal.com,rent wedding dress philadelphia,29,40,0.96,22,0.38,2026-09-15
kimberly-james-bridal,kimberlyjamesbridal.com,wedding fall,29,70,0.48,0,1.10,2026-09-15
kimberly-james-bridal,kimberlyjamesbridal.com,anthropologie weddings philadelphia,30,90,0.82,18,1.04,2026-09-15
kimberly-james-bridal,kimberlyjamesbridal.com,bridal shops near king of prussia pa,30,30,0.91,9,3.25,2026-09-15
kimberly-james-bridal,kimberlyjamesbridal.com,bridal size chart vs regular,30,90,0.52,0,1.96,2026-09-15
kimberly-james-bridal,kimberlyjamesbridal.com,french bussell wedding dress,30,50,0.26,0,0.43,2026-09-15
kimberly-james-bridal,kimberlyjamesbridal.com,french bustle fit and flare,30,30,0.21,0,,2026-09-15
kimberly-james-bridal,kimberlyjamesbridal.com,french bustle vs american bustle,30,480,0.01,0,,2026-09-15
kimberly-james-bridal,kimberlyjamesbridal.com,the wedding factory philadelphia,30,50,0.13,7,13.58,2026-09-15
momentum-360,momentumvirtualtours.com,momentum 360,1,880,0.04,8,12.25,2026-09-15
momentum-360,momentumvirtualtours.com,momentum virtual tours,1,20,0.06,5,8.35,2026-09-15
momentum-360,momentumvirtualtours.com,tiktok followers pay,1,30,0.39,12,2.99,2026-09-15
momentum-360,momentumvirtualtours.com,tiktok pay for followers,1,30,0.55,14,4.29,2026-09-15
momentum-360,momentumvirtualtours.com,zillow certified photographer application,1,30,0.20,0,10.71,2026-09-15
momentum-360,momentumvirtualtours.com,1.1 million followers on instagram,2,90,0.00,9,,2026-09-15
momentum-360,momentumvirtualtours.com,100k followers on tiktok money,2,30,0.00,0,,2026-09-15
momentum-360,momentumvirtualtours.com,how much can you make on tiktok with 100k followers,2,30,0.02,0,0.05,2026-09-15
momentum-360,momentumvirtualtours.com,how much does 1 million followers on instagram pay,2,70,0.00,7,,2026-09-15
momentum-360,momentumvirtualtours.com,how much does instagram pay for 1 million followers,2,110,0.00,2,,2026-09-15
momentum-360,momentumvirtualtours.com,how to become a zillow certified photographer,2,40,0.06,0,,2026-09-15
momentum-360,momentumvirtualtours.com,how to become a zillow photographer,2,30,0.10,0,,2026-09-15
momentum-360,momentumvirtualtours.com,how to become a zillow showcase photographer,2,50,0.12,0,14.33,2026-09-15
momentum-360,momentumvirtualtours.com,how to play games on oculus,2,30,0.00,9,,2026-09-15
momentum-360,momentumvirtualtours.com,how to play oculus rift games,2,30,0.00,6,,2026-09-15
momentum-360,momentumvirtualtours.com,if you have 100k followers on tiktok how much money,2,30,0.01,0,,2026-09-15
momentum-360,momentumvirtualtours.com,what happens when you get 1 million followers on instagram,2,30,0.00,2,,2026-09-15
momentum-360,momentumvirtualtours.com,zillow approved photographer,2,20,0.27,0,19.61,2026-09-15
momentum-360,momentumvirtualtours.com,zillow certified photographer,2,90,0.15,0,12.60,2026-09-15
momentum-360,momentumvirtualtours.com,zillow photographer,2,320,0.43,0,10.40,2026-09-15
momentum-360,momentumvirtualtours.com,zillow photographers,2,320,0.43,0,10.40,2026-09-15
momentum-360,momentumvirtualtours.com,zillow preferred photographer,2,20,0.34,0,16.10,2026-09-15
momentum-360,momentumvirtualtours.com,zillow real estate photographer,2,140,0.33,0,19.48,2026-09-15
momentum-360,momentumvirtualtours.com,zillow showcase photographer requirements,2,40,0.05,0,,2026-09-15
momentum-360,momentumvirtualtours.com,american history museum virtual tour,3,70,0.02,19,10.68,2026-09-15
momentum-360,momentumvirtualtours.com,how to generate likes on instagram,3,720,0.35,11,3.17,2026-09-15
momentum-360,momentumvirtualtours.com,how to get 100k followers on tiktok,3,40,0.17,0,3.80,2026-09-15
momentum-360,momentumvirtualtours.com,how to play a game on vr,3,210,0.06,5,,2026-09-15
momentum-360,momentumvirtualtours.com,how to play games on oculus rift,3,30,0.00,8,,2026-09-15
momentum-360,momentumvirtualtours.com,how to play games with vr headset,3,90,0.05,0,,2026-09-15
momentum-360,momentumvirtualtours.com,how to use social media effectively,3,30,0.04,25,,2026-09-15
momentum-360,momentumvirtualtours.com,is 100k followers on tiktok good,3,30,0.00,0,,2026-09-15
momentum-360,momentumvirtualtours.com,national museum of american history virtual tour,3,70,0.02,24,10.68,2026-09-15
momentum-360,momentumvirtualtours.com,smithsonian virtual tour air and space,3,20,0.01,19,1.82,2026-09-15
momentum-360,momentumvirtualtours.com,virtual tour of american history museum,3,70,0.02,9,10.68,2026-09-15
momentum-360,momentumvirtualtours.com,virtual tour smithsonian american history,3,70,0.02,26,10.68,2026-09-15
momentum-360,momentumvirtualtours.com,100 000 followers on tiktok,4,50,0.01,0,,2026-09-15
momentum-360,momentumvirtualtours.com,100k instagram followers income,4,30,0.00,0,,2026-09-15
momentum-360,momentumvirtualtours.com,100k on tiktok,4,40,0.00,0,,2026-09-15
momentum-360,momentumvirtualtours.com,360 degree video on iphone,4,50,0.00,1,,2026-09-15
momentum-360,momentumvirtualtours.com,360 degree video with iphone,4,50,0.00,1,,2026-09-15
momentum-360,momentumvirtualtours.com,360 videos on iphone,4,50,0.00,5,,2026-09-15
momentum-360,momentumvirtualtours.com,get more ig likes,4,210,0.46,14,6.03,2026-09-15
momentum-360,momentumvirtualtours.com,graduation photoshoot cost,4,70,0.01,0,,2026-09-15
momentum-360,momentumvirtualtours.com,graduation picture price,4,170,0.04,0,,2026-09-15
momentum-360,momentumvirtualtours.com,how much do influencers with 1 million followers make,4,30,0.00,0,,2026-09-15
momentum-360,momentumvirtualtours.com,how much does a 360 camera cost,4,70,1.00,15,0.56,2026-09-15
momentum-360,momentumvirtualtours.com,how much does a million followers on instagram make,4,30,0.00,2,,2026-09-15
momentum-360,momentumvirtualtours.com,how to download matterport 3d tour,4,30,0.09,7,14.78,2026-09-15
momentum-360,momentumvirtualtours.com,how to get 1 million followers on instagram,4,30,0.13,0,,2026-09-15
momentum-360,momentumvirtualtours.com,how to get 1m followers on ig,4,30,0.10,0,3.85,2026-09-15
momentum-360,momentumvirtualtours.com,how to get 1m followers on instagram,4,30,0.10,0,3.85,2026-09-15
momentum-360,momentumvirtualtours.com,how to get likes on instagram posts,4,40,0.24,0,4.15,2026-09-15
momentum-360,momentumvirtualtours.com,how to increase the likes on instagram,4,90,0.33,0,4.15,2026-09-15
momentum-360,momentumvirtualtours.com,how to play game in vr,4,210,0.06,1,,2026-09-15
momentum-360,momentumvirtualtours.com,increase your instagram likes,4,30,0.60,9,6.04,2026-09-15
momentum-360,momentumvirtualtours.com,instagram 1 million followers income,4,70,0.00,3,,2026-09-15
momentum-360,momentumvirtualtours.com,momentum 360 denver,4,30,0.14,0,3.19,2026-09-15
momentum-360,momentumvirtualtours.com,san diego zoo virtual tour,4,90,0.00,27,,2026-09-15
momentum-360,momentumvirtualtours.com,smithsonian air and space virtual tour,4,20,0.01,28,1.82,2026-09-15
momentum-360,momentumvirtualtours.com,snappr login,4,480,0.18,22,1.71,2026-09-15
momentum-360,momentumvirtualtours.com,virtual tour of the smithsonian museum of american history,4,70,0.02,26,10.68,2026-09-15
momentum-360,momentumvirtualtours.com,virtual tour smithsonian museum of american history,4,70,0.02,26,10.68,2026-09-15
momentum-360,momentumvirtualtours.com,what happened to street view google maps,4,70,0.00,44,,2026-09-15
momentum-360,momentumvirtualtours.com,zillow showcase for photographers,4,30,0.31,0,15.14,2026-09-15
momentum-360,momentumvirtualtours.com,zillow showcase photographer,4,260,0.22,0,14.04,2026-09-15
momentum-360,momentumvirtualtours.com,1 million followers in instagram,5,40,0.00,8,,2026-09-15
momentum-360,momentumvirtualtours.com,1 million followers instagram,5,210,0.06,0,3.57,2026-09-15
momentum-360,momentumvirtualtours.com,1 million ig followers,5,70,0.09,11,2.21,2026-09-15
momentum-360,momentumvirtualtours.com,1 million instagram followers,5,70,0.09,13,2.21,2026-09-15
momentum-360,momentumvirtualtours.com,1 million instagram followers income,5,50,0.00,5,,2026-09-15
momentum-360,momentumvirtualtours.com,1 million views on youtube is how much money,5,720,0.00,2,,2026-09-15
momentum-360,momentumvirtualtours.com,1m followers on instagram money,5,40,0.00,5,,2026-09-15
momentum-360,momentumvirtualtours.com,360 degree video iphone,5,50,0.00,1,,2026-09-15
momentum-360,momentumvirtualtours.com,360 video with iphone,5,50,0.00,5,,2026-09-15
momentum-360,momentumvirtualtours.com,360 videos for iphone,5,50,0.00,9,,2026-09-15
momentum-360,momentumvirtualtours.com,does tiktok pay for followers,5,50,0.00,13,,2026-09-15
momentum-360,momentumvirtualtours.com,foley square photos,5,40,0.01,0,,2026-09-15
momentum-360,momentumvirtualtours.com,graceland tour virtual,5,70,0.01,14,0.02,2026-09-15
momentum-360,momentumvirtualtours.com,graduation photo pricing,5,170,0.04,0,,2026-09-15
momentum-360,momentumvirtualtours.com,graduation photo rates,5,140,0.10,0,5.31,2026-09-15
momentum-360,momentumvirtualtours.com,graduation photography prices,5,170,0.04,0,,2026-09-15
momentum-360,momentumvirtualtours.com,graduation photos cost,5,170,0.04,0,,2026-09-15
momentum-360,momentumvirtualtours.com,graduation photos prices,5,170,0.04,0,,2026-09-15
momentum-360,momentumvirtualtours.com,how do i get a million followers on instagram,5,70,0.20,0,14.45,2026-09-15
momentum-360,momentumvirtualtours.com,how do you get games for oculus,5,30,0.22,13,,2026-09-15
momentum-360,momentumvirtualtours.com,how do you play games on vr headset,5,90,0.05,0,,2026-09-15
momentum-360,momentumvirtualtours.com,how much can you make on instagram with 100k followers,5,30,0.00,5,,2026-09-15
momentum-360,momentumvirtualtours.com,how much does graduation photos cost,5,170,0.01,0,,2026-09-15
momentum-360,momentumvirtualtours.com,how much does tiktok pay for followers,5,40,0.00,12,,2026-09-15
momentum-360,momentumvirtualtours.com,how to gain more likes on instagram,5,1900,0.30,7,3.33,2026-09-15
momentum-360,momentumvirtualtours.com,how to get a million followers on instagram,5,70,0.20,0,14.45,2026-09-15
momentum-360,momentumvirtualtours.com,how to get likes on instagram post,5,40,0.24,0,4.15,2026-09-15
momentum-360,momentumvirtualtours.com,how to get more likes on ig,5,1900,0.30,3,3.33,2026-09-15
momentum-360,momentumvirtualtours.com,how to get my youtube channel back after being terminated,5,40,0.03,0,3.80,2026-09-15
momentum-360,momentumvirtualtours.com,how to play games on vr headset,5,90,0.05,0,,2026-09-15
momentum-360,momentumvirtualtours.com,how to see when followers are most active,5,40,0.00,0,,2026-09-15
momentum-360,momentumvirtualtours.com,increase your likes on instagram,5,30,0.60,0,6.04,2026-09-15
momentum-360,momentumvirtualtours.com,instagram 1 million followers income per month,5,90,0.00,8,,2026-09-15
momentum-360,momentumvirtualtours.com,instagram following 1 million,5,70,0.00,3,,2026-09-15
momentum-360,momentumvirtualtours.com,instagram no followers,5,140,0.01,0,1.66,2026-09-15
momentum-360,momentumvirtualtours.com,low instagram followers,5,30,0.01,0,,2026-09-15
momentum-360,momentumvirtualtours.com,more likes on ig,5,170,0.37,7,4.41,2026-09-15
momentum-360,momentumvirtualtours.com,one million instagram followers,5,210,0.06,0,3.57,2026-09-15
momentum-360,momentumvirtualtours.com,remove 1 star review google,5,30,0.86,8,19.37,2026-09-15
momentum-360,momentumvirtualtours.com,smithsonian museum of american history virtual tour,5,70,0.02,27,10.68,2026-09-15
momentum-360,momentumvirtualtours.com,smithsonian national museum of american history virtual tour,5,70,0.02,25,10.68,2026-09-15
momentum-360,momentumvirtualtours.com,tiktok 100k,5,20,0.05,0,,2026-09-15
momentum-360,momentumvirtualtours.com,virtual tour zoo san diego,5,90,0.00,20,,2026-09-15
momentum-360,momentumvirtualtours.com,what happened to street view on google maps,5,70,0.00,42,,2026-09-15
momentum-360,momentumvirtualtours.com,1 million followers on instagram,6,210,0.06,12,3.57,2026-09-15
momentum-360,momentumvirtualtours.com,1 million followers on instagram money,6,40,0.00,7,,2026-09-15
momentum-360,momentumvirtualtours.com,100k follower tiktok,6,70,0.01,0,,2026-09-15
momentum-360,momentumvirtualtours.com,1m followers on instagram,6,140,0.01,2,14.21,2026-09-15
momentum-360,momentumvirtualtours.com,360 video for iphone,6,50,0.00,4,,2026-09-15
momentum-360,momentumvirtualtours.com,360 video iphone,6,50,0.00,4,,2026-09-15
momentum-360,momentumvirtualtours.com,360 video on iphone,6,50,0.00,4,,2026-09-15
momentum-360,momentumvirtualtours.com,360 videos iphone,6,50,0.00,3,,2026-09-15
momentum-360,momentumvirtualtours.com,360 virtual reality room,6,30,0.01,15,,2026-09-15
momentum-360,momentumvirtualtours.com,cost of graduation photos,6,70,0.01,0,,2026-09-15
momentum-360,momentumvirtualtours.com,grad photos pricing,6,140,0.10,0,5.31,2026-09-15
momentum-360,momentumvirtualtours.com,graduation photo prices,6,140,0.10,0,5.31,2026-09-15
momentum-360,momentumvirtualtours.com,graduation photos price,6,170,0.04,0,,2026-09-15
momentum-360,momentumvirtualtours.com,graduation photos pricing,6,170,0.04,0,,2026-09-15
momentum-360,momentumvirtualtours.com,graduation photoshoot price,6,140,0.10,0,5.31,2026-09-15
momentum-360,momentumvirtualtours.com,graduation pictures prices,6,170,0.04,0,,2026-09-15
momentum-360,momentumvirtualtours.com,how do you get a million followers on instagram,6,70,0.20,0,14.45,2026-09-15
momentum-360,momentumvirtualtours.com,how much does tiktok pay for 10 000 followers,6,40,0.01,0,,2026-09-15
momentum-360,momentumvirtualtours.com,how much money does a 1 million view video make,6,40,0.00,0,,2026-09-15
momentum-360,momentumvirtualtours.com,how to get a million instagram followers,6,70,0.20,4,14.45,2026-09-15
momentum-360,momentumvirtualtours.com,how to increase ig likes,6,90,0.33,0,4.15,2026-09-15
momentum-360,momentumvirtualtours.com,how to increase likes on instagram post,6,40,0.01,0,,2026-09-15
momentum-360,momentumvirtualtours.com,how to play games in vr headset,6,90,0.05,0,,2026-09-15
momentum-360,momentumvirtualtours.com,how to play games on a vr headset,6,90,0.05,0,,2026-09-15
momentum-360,momentumvirtualtours.com,how to remove 1 star google reviews,6,50,0.61,0,10.51,2026-09-15
momentum-360,momentumvirtualtours.com,iphone video 360,6,50,0.00,3,,2026-09-15
momentum-360,momentumvirtualtours.com,less followers on instagram,6,110,0.00,0,,2026-09-15
momentum-360,momentumvirtualtours.com,san diego virtual zoo tour,6,90,0.00,9,,2026-09-15
momentum-360,momentumvirtualtours.com,san diego zoo virtual field trip,6,260,0.02,20,18.07,2026-09-15
momentum-360,momentumvirtualtours.com,san diego zoo virtual tours,6,90,0.00,13,,2026-09-15
momentum-360,momentumvirtualtours.com,smithsonian national air and space museum virtual tour,6,140,0.01,27,23.06,2026-09-15
momentum-360,momentumvirtualtours.com,tiktok followers buy 100k,6,30,0.97,0,2.61,2026-09-15
momentum-360,momentumvirtualtours.com,virtual tour graceland,6,70,0.01,16,0.02,2026-09-15
momentum-360,momentumvirtualtours.com,virtual tour of graceland,6,50,0.04,14,0.57,2026-09-15
momentum-360,momentumvirtualtours.com,virtual tour of smithsonian air and space museum,6,140,0.01,27,23.06,2026-09-15
momentum-360,momentumvirtualtours.com,virtual tour of the smithsonian air and space museum,6,140,0.01,27,23.06,2026-09-15
momentum-360,momentumvirtualtours.com,virtual tour smithsonian air and space museum,6,140,0.01,17,23.06,2026-09-15
momentum-360,momentumvirtualtours.com,what happens when you hit 100k views on tiktok,6,30,0.00,0,,2026-09-15
momentum-360,momentumvirtualtours.com,why am i not getting instagram followers,6,30,0.10,0,11.85,2026-09-15
momentum-360,momentumvirtualtours.com,youtube 1million views money,6,10,0.00,5,,2026-09-15
momentum-360,momentumvirtualtours.com,1 million followers on ig,7,210,0.06,4,3.57,2026-09-15
momentum-360,momentumvirtualtours.com,100000 followers on tiktok,7,50,0.01,0,,2026-09-15
momentum-360,momentumvirtualtours.com,100k followers on tiktok,7,110,0.04,0,7.96,2026-09-15
momentum-360,momentumvirtualtours.com,360 video in iphone,7,50,0.00,0,,2026-09-15
momentum-360,momentumvirtualtours.com,christian brothers mission bend,7,590,0.02,4,6.21,2026-09-15
momentum-360,momentumvirtualtours.com,get more instagram likes,7,210,0.46,26,6.03,2026-09-15
momentum-360,momentumvirtualtours.com,graceland virtual tour,7,70,0.01,16,0.02,2026-09-15
momentum-360,momentumvirtualtours.com,how do i get more likes on instagram,7,1900,0.30,0,3.33,2026-09-15
momentum-360,momentumvirtualtours.com,how do you get games on a vr headset,7,30,0.16,9,0.90,2026-09-15
momentum-360,momentumvirtualtours.com,how do you get more instagram likes,7,1900,0.30,0,3.33,2026-09-15
momentum-360,momentumvirtualtours.com,how much does an influencer with 1 million followers make,7,50,0.00,0,,2026-09-15
momentum-360,momentumvirtualtours.com,how much does tiktok pay for 100000 views,7,40,0.00,12,,2026-09-15
momentum-360,momentumvirtualtours.com,how to get more followers and likes on instagram,7,40,0.68,26,4.46,2026-09-15
momentum-360,momentumvirtualtours.com,how to get more ig likes,7,1900,0.30,6,3.33,2026-09-15
momentum-360,momentumvirtualtours.com,how to pay for followers on tiktok,7,90,0.58,26,3.44,2026-09-15
momentum-360,momentumvirtualtours.com,inside googleplex,7,50,0.00,13,,2026-09-15
momentum-360,momentumvirtualtours.com,instagram followers 1 million,7,210,0.06,0,3.57,2026-09-15
momentum-360,momentumvirtualtours.com,instagram low followers,7,90,0.00,7,,2026-09-15
momentum-360,momentumvirtualtours.com,iphone 360 video,7,50,0.00,4,,2026-09-15
momentum-360,momentumvirtualtours.com,louvre 360,7,50,0.00,20,,2026-09-15
momentum-360,momentumvirtualtours.com,no instagram followers,7,140,0.01,0,1.66,2026-09-15
momentum-360,momentumvirtualtours.com,one million view on youtube,7,140,0.01,5,,2026-09-15
momentum-360,momentumvirtualtours.com,vht login,7,70,0.00,10,,2026-09-15
momentum-360,momentumvirtualtours.com,virtual graceland tour,7,70,0.01,20,0.02,2026-09-15
momentum-360,momentumvirtualtours.com,virtual museum tour smithsonian,7,30,0.11,25,3.83,2026-09-15
momentum-360,momentumvirtualtours.com,virtual tour smithsonian institute,7,30,0.11,28,3.83,2026-09-15
momentum-360,momentumvirtualtours.com,where is foley square in manhattan,7,10,0.00,0,,2026-09-15
momentum-360,momentumvirtualtours.com,where is foley square in nyc,7,50,0.00,0,,2026-09-15
momentum-360,momentumvirtualtours.com,where is foley square nyc,7,50,0.00,0,,2026-09-15
momentum-360,momentumvirtualtours.com,why am i not getting followers on instagram,7,30,0.10,2,11.85,2026-09-15
momentum-360,momentumvirtualtours.com,100k followers tiktok,8,70,0.01,0,,2026-09-15
momentum-360,momentumvirtualtours.com,100k likes on tiktok money,8,40,0.00,0,,2026-09-15
momentum-360,momentumvirtualtours.com,100k tiktok followers,8,70,0.19,0,1.03,2026-09-15
momentum-360,momentumvirtualtours.com,100k views on tiktok money,8,140,0.00,0,,2026-09-15
momentum-360,momentumvirtualtours.com,360 product photos,8,260,0.57,0,5.26,2026-09-15
momentum-360,momentumvirtualtours.com,delete video from ipad,8,30,0.01,6,,2026-09-15
momentum-360,momentumvirtualtours.com,delete videos from iphone,8,210,0.15,0,0.80,2026-09-15
momentum-360,momentumvirtualtours.com,foley square ny,8,880,0.15,0,0.12,2026-09-15
momentum-360,momentumvirtualtours.com,how can i get more instagram likes,8,1900,0.30,0,3.33,2026-09-15
momentum-360,momentumvirtualtours.com,how do you get games for vr headset,8,30,0.41,11,,2026-09-15
momentum-360,momentumvirtualtours.com,how much does 100k views on tiktok pay,8,70,0.01,0,,2026-09-15
momentum-360,momentumvirtualtours.com,how much does a 1 million view youtube video make,8,90,0.01,1,,2026-09-15
momentum-360,momentumvirtualtours.com,how much money does 1 million views on youtube make,8,880,0.00,2,,2026-09-15
momentum-360,momentumvirtualtours.com,how much money is 1 million views on youtube,8,1000,0.00,6,,2026-09-15
momentum-360,momentumvirtualtours.com,how much should i charge for graduation photos,8,30,0.00,0,,2026-09-15
momentum-360,momentumvirtualtours.com,how to get games on vr headset,8,40,0.00,9,,2026-09-15
momentum-360,momentumvirtualtours.com,how to get more likes on instagram,8,1900,0.30,4,3.33,2026-09-15
momentum-360,momentumvirtualtours.com,how to get.likes on instagram,8,720,0.35,1,3.17,2026-09-15
momentum-360,momentumvirtualtours.com,if you have 100k followers on instagram how much money,8,50,0.00,0,,2026-09-15
momentum-360,momentumvirtualtours.com,instagram 1 million followers,8,210,0.06,3,3.57,2026-09-15
momentum-360,momentumvirtualtours.com,momentum 360 reviews,8,70,0.01,2,,2026-09-15
momentum-360,momentumvirtualtours.com,museum virtual tours smithsonian,8,30,0.11,25,3.83,2026-09-15
momentum-360,momentumvirtualtours.com,nmnh virtual tour,8,210,0.00,17,,2026-09-15
momentum-360,momentumvirtualtours.com,video 360 iphone,8,50,0.00,3,,2026-09-15
momentum-360,momentumvirtualtours.com,virtual field trip to the statue of liberty,8,30,0.00,0,,2026-09-15
momentum-360,momentumvirtualtours.com,virtual museum tours smithsonian,8,30,0.11,25,3.83,2026-09-15
momentum-360,momentumvirtualtours.com,vr room set up,8,110,0.20,0,0.79,2026-09-15
momentum-360,momentumvirtualtours.com,where is foley square,8,140,0.00,0,,2026-09-15
momentum-360,momentumvirtualtours.com,drone video cost,9,30,0.26,0,4.25,2026-09-15
momentum-360,momentumvirtualtours.com,google review 1 star,9,40,0.01,0,,2026-09-15
momentum-360,momentumvirtualtours.com,graduation photo shoot price,9,30,0.03,0,,2026-09-15
momentum-360,momentumvirtualtours.com,how can i get more followers and likes on instagram,9,30,0.66,24,9.31,2026-09-15
momentum-360,momentumvirtualtours.com,how much does 1 million view make on youtube,9,10,0.00,7,,2026-09-15
momentum-360,momentumvirtualtours.com,how much does 1 million views on youtube make,9,50,0.01,1,,2026-09-15
momentum-360,momentumvirtualtours.com,how much does instagram pay for 100k followers,9,30,0.01,3,,2026-09-15
momentum-360,momentumvirtualtours.com,how much does tiktok pay for 10000 followers,9,40,0.01,3,,2026-09-15
momentum-360,momentumvirtualtours.com,how much does tiktok pay for 100k views,9,260,0.00,0,,2026-09-15
momentum-360,momentumvirtualtours.com,how much is 100k likes on tiktok live,9,50,0.00,0,,2026-09-15
momentum-360,momentumvirtualtours.com,how much money 1 million views,9,90,0.00,0,,2026-09-15
momentum-360,momentumvirtualtours.com,how much money do influencers make with 1 million followers,9,30,0.00,0,,2026-09-15
momentum-360,momentumvirtualtours.com,how much money is a million views on youtube,9,720,0.00,4,,2026-09-15
momentum-360,momentumvirtualtours.com,how much money on youtube for 1 million views,9,720,0.00,11,,2026-09-15
momentum-360,momentumvirtualtours.com,how much tiktok pays for 100k views,9,50,0.01,0,,2026-09-15
momentum-360,momentumvirtualtours.com,how to effectively use social media,9,30,0.04,7,,2026-09-15
momentum-360,momentumvirtualtours.com,how to increase likes on ig,9,50,0.39,6,6.35,2026-09-15
momentum-360,momentumvirtualtours.com,how to play games in vr,9,210,0.06,2,,2026-09-15
momentum-360,momentumvirtualtours.com,how to play games on virtual reality headset,9,90,0.05,4,,2026-09-15
momentum-360,momentumvirtualtours.com,is 100k views on tiktok good,9,40,0.00,0,,2026-09-15
momentum-360,momentumvirtualtours.com,is it easier to get followers on tiktok or instagram,9,40,0.00,0,,2026-09-15
momentum-360,momentumvirtualtours.com,liberty statue virtual tour,9,590,0.02,16,,2026-09-15
momentum-360,momentumvirtualtours.com,met virtual tours,9,50,0.04,19,,2026-09-15
momentum-360,momentumvirtualtours.com,money for 1 million youtube views,9,1900,0.00,8,,2026-09-15
momentum-360,momentumvirtualtours.com,nmaahc virtual tour,9,90,0.03,13,19.97,2026-09-15
momentum-360,momentumvirtualtours.com,no followers instagram,9,140,0.01,2,1.66,2026-09-15
momentum-360,momentumvirtualtours.com,no followers on instagram,9,140,0.01,2,1.66,2026-09-15
momentum-360,momentumvirtualtours.com,pay for followers on tiktok,9,50,0.73,12,4.57,2026-09-15
momentum-360,momentumvirtualtours.com,posting everyday,9,50,0.00,0,,2026-09-15
momentum-360,momentumvirtualtours.com,remove video from ipad,9,30,0.01,2,,2026-09-15
momentum-360,momentumvirtualtours.com,smithsonian virtual tour,9,720,0.03,25,16.46,2026-09-15
momentum-360,momentumvirtualtours.com,suspend youtube account,9,90,0.00,5,,2026-09-15
momentum-360,momentumvirtualtours.com,tour of the statue of liberty virtual tour,9,590,0.02,2,,2026-09-15
momentum-360,momentumvirtualtours.com,virtual field trips smithsonian,9,90,0.01,17,,2026-09-15
momentum-360,momentumvirtualtours.com,virtual smithsonian,9,50,0.06,27,1.76,2026-09-15
momentum-360,momentumvirtualtours.com,virtual tour of the statue of liberty,9,590,0.02,16,,2026-09-15
momentum-360,momentumvirtualtours.com,where is foley square in new york city,9,30,0.00,0,,2026-09-15
momentum-360,momentumvirtualtours.com,why my followers are not increasing on instagram,9,20,0.02,5,,2026-09-15
momentum-360,momentumvirtualtours.com,3d photography facebook,10,30,0.00,9,,2026-09-15
momentum-360,momentumvirtualtours.com,500followers,10,210,0.07,0,1.02,2026-09-15
momentum-360,momentumvirtualtours.com,african american history museum virtual tour,10,90,0.03,0,19.97,2026-09-15
momentum-360,momentumvirtualtours.com,benefits of under armour,10,70,0.16,1,,2026-09-15
momentum-360,momentumvirtualtours.com,best time to post content on instagram,10,70,0.02,29,,2026-09-15
momentum-360,momentumvirtualtours.com,best time to post on instagram on weekend,10,70,0.01,16,,2026-09-15
momentum-360,momentumvirtualtours.com,daily posting,10,3600,0.00,0,,2026-09-15
momentum-360,momentumvirtualtours.com,drone video pricing,10,30,0.26,0,4.25,2026-09-15
momentum-360,momentumvirtualtours.com,foley federal plaza,10,50,0.01,0,,2026-09-15
momentum-360,momentumvirtualtours.com,graduation photo price,10,140,0.10,0,5.31,2026-09-15
momentum-360,momentumvirtualtours.com,how much can you make on tiktok with 10k followers,10,30,0.02,4,,2026-09-15
momentum-360,momentumvirtualtours.com,how much does a video with 1 million views make,10,30,0.00,1,,2026-09-15
momentum-360,momentumvirtualtours.com,how much does an influencer make with 1 million followers,10,50,0.00,8,,2026-09-15
momentum-360,momentumvirtualtours.com,how much does an instagram account with 100k followers make,10,30,0.00,0,,2026-09-15
momentum-360,momentumvirtualtours.com,how much money is 100k views on tiktok,10,90,0.01,0,,2026-09-15
momentum-360,momentumvirtualtours.com,how to gain more likes in instagram,10,1900,0.30,0,3.33,2026-09-15
momentum-360,momentumvirtualtours.com,how to get 1m instagram followers,10,30,0.10,0,3.85,2026-09-15
momentum-360,momentumvirtualtours.com,how to get more likes in instagram,10,1900,0.30,0,3.33,2026-09-15
momentum-360,momentumvirtualtours.com,how to pay for tiktok followers,10,50,0.67,16,4.35,2026-09-15
momentum-360,momentumvirtualtours.com,if you have 10k followers on tiktok how much money,10,90,0.00,0,,2026-09-15
momentum-360,momentumvirtualtours.com,increasing likes on instagram,10,260,0.38,0,4.63,2026-09-15
momentum-360,momentumvirtualtours.com,metropolitan museum virtual tour,10,50,0.07,17,13.51,2026-09-15
momentum-360,momentumvirtualtours.com,smithsonian museum virtual tour,10,720,0.03,25,16.46,2026-09-15
momentum-360,momentumvirtualtours.com,smithsonian national museum of natural history virtual tours,10,70,0.00,22,,2026-09-15
momentum-360,momentumvirtualtours.com,smithsonian virtual museum,10,50,0.06,25,1.76,2026-09-15
momentum-360,momentumvirtualtours.com,smithsonian vr tour,10,30,0.11,26,3.83,2026-09-15
momentum-360,momentumvirtualtours.com,tiktok 100k followers,10,30,0.20,0,5.68,2026-09-15
momentum-360,momentumvirtualtours.com,virtual field trip smithsonian,10,90,0.01,17,,2026-09-15
momentum-360,momentumvirtualtours.com,virtual field trip to statue of liberty,10,50,0.01,1,,2026-09-15
momentum-360,momentumvirtualtours.com,virtual museum smithsonian,10,50,0.06,26,1.76,2026-09-15
momentum-360,momentumvirtualtours.com,virtual room,10,390,0.13,3,3.71,2026-09-15
momentum-360,momentumvirtualtours.com,virtual tour of african american museum,10,90,0.03,2,19.97,2026-09-15
momentum-360,momentumvirtualtours.com,virtual tour of statue of liberty,10,590,0.02,16,,2026-09-15
momentum-360,momentumvirtualtours.com,youvisit,10,480,0.22,36,18.64,2026-09-15
momentum-360,momentumvirtualtours.com,1 million views youtube payout,11,10,0.00,9,,2026-09-15
momentum-360,momentumvirtualtours.com,andice texas,11,2400,0.03,0,0.19,2026-09-15
momentum-360,momentumvirtualtours.com,best time to post instagram usa,11,70,0.01,29,,2026-09-15
momentum-360,momentumvirtualtours.com,construction photography services,11,90,0.07,0,,2026-09-15
momentum-360,momentumvirtualtours.com,do you get paid for followers on tiktok,11,40,0.03,10,,2026-09-15
momentum-360,momentumvirtualtours.com,download matterport,11,110,0.14,14,14.38,2026-09-15
momentum-360,momentumvirtualtours.com,foley square manhattan,11,18100,0.07,0,0.42,2026-09-15
momentum-360,momentumvirtualtours.com,foley square new york city,11,880,0.15,0,0.12,2026-09-15
momentum-360,momentumvirtualtours.com,foley square nyc,11,880,0.15,0,0.12,2026-09-15
momentum-360,momentumvirtualtours.com,gaining instagram likes,11,30,0.35,15,4.32,2026-09-15
momentum-360,momentumvirtualtours.com,google reviews 1 star,11,40,0.01,0,,2026-09-15
momentum-360,momentumvirtualtours.com,google virtual tours,11,70,0.01,34,,2026-09-15
momentum-360,momentumvirtualtours.com,googleplex inside,11,50,0.00,12,,2026-09-15
momentum-360,momentumvirtualtours.com,how do i get more followers and likes on instagram,11,30,0.66,14,9.31,2026-09-15
momentum-360,momentumvirtualtours.com,how do you get more followers and likes on instagram,11,30,0.66,24,9.31,2026-09-15
momentum-360,momentumvirtualtours.com,how much 1 million youtube views,11,210,0.01,6,,2026-09-15
momentum-360,momentumvirtualtours.com,how much does a 360 degree camera cost,11,70,1.00,3,0.56,2026-09-15
momentum-360,momentumvirtualtours.com,how much money youtube pays for 1 million views,11,50,0.00,0,,2026-09-15
momentum-360,momentumvirtualtours.com,how to be popular on social media,11,40,0.06,17,,2026-09-15
momentum-360,momentumvirtualtours.com,how to delete videos on ipad,11,70,0.01,0,,2026-09-15
momentum-360,momentumvirtualtours.com,how to delete videos on iphone,11,480,0.07,0,0.77,2026-09-15
momentum-360,momentumvirtualtours.com,how to get a lot of likes on instagram,11,210,0.16,0,7.05,2026-09-15
momentum-360,momentumvirtualtours.com,how to get more likes followers on instagram,11,30,0.66,9,9.31,2026-09-15
momentum-360,momentumvirtualtours.com,how to instagram like,11,390,0.00,11,,2026-09-15
momentum-360,momentumvirtualtours.com,how to play games on meta quest 2,11,30,0.00,15,,2026-09-15
momentum-360,momentumvirtualtours.com,how to play games on vr,11,210,0.06,0,,2026-09-15
momentum-360,momentumvirtualtours.com,how to play oculus,11,30,0.00,13,,2026-09-15
momentum-360,momentumvirtualtours.com,instagram 100k followers income free,11,20,0.00,0,,2026-09-15
momentum-360,momentumvirtualtours.com,met virtual tour,11,50,0.04,24,,2026-09-15
momentum-360,momentumvirtualtours.com,money from youtube 1 million views,11,1900,0.00,8,,2026-09-15
momentum-360,momentumvirtualtours.com,quick likes on instagram,11,90,0.20,6,9.22,2026-09-15
momentum-360,momentumvirtualtours.com,smithsonian natural history museum virtual tour,11,210,0.00,21,,2026-09-15
momentum-360,momentumvirtualtours.com,smithsonian virtual,11,50,0.06,37,1.76,2026-09-15
momentum-360,momentumvirtualtours.com,suspend youtube,11,40,0.00,3,,2026-09-15
momentum-360,momentumvirtualtours.com,tour of google offices,11,70,0.19,26,5.29,2026-09-15
momentum-360,momentumvirtualtours.com,va hospital definition,11,320,0.00,19,,2026-09-15
momentum-360,momentumvirtualtours.com,virtual tour ads,11,90,0.00,2,,2026-09-15
momentum-360,momentumvirtualtours.com,virtual tour african american museum,11,90,0.03,3,19.97,2026-09-15
momentum-360,momentumvirtualtours.com,what are peak times to post on instagram,11,30,0.02,31,,2026-09-15
momentum-360,momentumvirtualtours.com,why is it so hard to get instagram followers,11,30,0.12,11,2.71,2026-09-15
momentum-360,momentumvirtualtours.com,youtube account suspension,11,90,0.00,0,,2026-09-15
momentum-360,momentumvirtualtours.com,zillow photo requirements,11,20,0.00,0,,2026-09-15
momentum-360,momentumvirtualtours.com,1 star google reviews,12,50,0.04,0,26.09,2026-09-15
momentum-360,momentumvirtualtours.com,1-star google reviews,12,50,0.04,0,26.09,2026-09-15
momentum-360,momentumvirtualtours.com,100k followers on instagram money,12,40,0.00,3,,2026-09-15
momentum-360,momentumvirtualtours.com,100k views on tiktok,12,70,0.00,0,,2026-09-15
momentum-360,momentumvirtualtours.com,360 google tour,12,50,0.10,13,,2026-09-15
momentum-360,momentumvirtualtours.com,360 photo real estate,12,70,0.05,33,,2026-09-15
momentum-360,momentumvirtualtours.com,best times instagram,12,40,0.00,42,,2026-09-15
momentum-360,momentumvirtualtours.com,google 360 tour,12,50,0.10,17,,2026-09-15
momentum-360,momentumvirtualtours.com,google 360 virtual tour,12,30,0.20,17,8.42,2026-09-15
momentum-360,momentumvirtualtours.com,how can i get instagram likes,12,720,0.35,19,3.17,2026-09-15
momentum-360,momentumvirtualtours.com,how much do graduation photos cost,12,170,0.01,0,,2026-09-15
momentum-360,momentumvirtualtours.com,how much does tiktok pay for 1000 followers,12,170,0.01,3,,2026-09-15
momentum-360,momentumvirtualtours.com,how much is a 360,12,70,0.02,2,,2026-09-15
momentum-360,momentumvirtualtours.com,how much money from 1 million views on youtube,12,720,0.00,4,,2026-09-15
momentum-360,momentumvirtualtours.com,how much tiktok pay for 100k views,12,30,0.01,0,,2026-09-15
momentum-360,momentumvirtualtours.com,how to become popular in social media,12,90,0.24,4,5.78,2026-09-15
momentum-360,momentumvirtualtours.com,how to get games on vr,12,140,0.09,4,0.16,2026-09-15
momentum-360,momentumvirtualtours.com,how to get likes followers on instagram,12,30,0.66,13,9.31,2026-09-15
momentum-360,momentumvirtualtours.com,how to get more followers and likes on ig,12,30,0.66,10,9.31,2026-09-15
momentum-360,momentumvirtualtours.com,how.to get likes on instagram,12,720,0.35,15,3.17,2026-09-15
momentum-360,momentumvirtualtours.com,if you have 10k followers on instagram how much money,12,30,0.00,4,,2026-09-15
momentum-360,momentumvirtualtours.com,instagram 100k followers income,12,140,0.00,4,,2026-09-15
momentum-360,momentumvirtualtours.com,instagram post hours,12,30,0.00,31,,2026-09-15
momentum-360,momentumvirtualtours.com,is posting everyday on instagram good,12,40,0.01,8,,2026-09-15
momentum-360,momentumvirtualtours.com,property tax indianapolis indiana,12,1300,0.01,15,5.71,2026-09-15
momentum-360,momentumvirtualtours.com,smithsonian museum of natural history virtual tour,12,210,0.00,21,,2026-09-15
momentum-360,momentumvirtualtours.com,statue of liberty virtual tours,12,590,0.02,16,,2026-09-15
momentum-360,momentumvirtualtours.com,suspended account youtube,12,90,0.00,0,,2026-09-15
momentum-360,momentumvirtualtours.com,tiktok account with 100k followers,12,140,0.01,4,,2026-09-15
momentum-360,momentumvirtualtours.com,va health system,12,590,0.03,90,2.89,2026-09-15
momentum-360,momentumvirtualtours.com,virtual field trip statue of liberty,12,590,0.02,2,,2026-09-15
momentum-360,momentumvirtualtours.com,virtual tour of the met,12,30,0.06,9,,2026-09-15
momentum-360,momentumvirtualtours.com,virtual tour statue of liberty,12,590,0.02,16,,2026-09-15
momentum-360,momentumvirtualtours.com,white house layout 3d,12,480,0.00,12,,2026-09-15
momentum-360,momentumvirtualtours.com,why are my instagram followers not increasing,12,20,0.02,6,,2026-09-15
momentum-360,momentumvirtualtours.com,why is my instagram followers not increasing,12,20,0.02,0,,2026-09-15
momentum-360,momentumvirtualtours.com,1 star google review,13,30,0.00,0,,2026-09-15
momentum-360,momentumvirtualtours.com,360 view of the white house,13,30,0.00,0,,2026-09-15
momentum-360,momentumvirtualtours.com,360 view of white house,13,40,0.00,7,,2026-09-15
momentum-360,momentumvirtualtours.com,at how many followers does tiktok pay you,13,50,0.02,13,,2026-09-15
momentum-360,momentumvirtualtours.com,best times to post content on instagram,13,70,0.02,42,,2026-09-15
momentum-360,momentumvirtualtours.com,event videography pricing,13,70,0.40,0,4.98,2026-09-15
momentum-360,momentumvirtualtours.com,google building inside,13,30,0.00,16,,2026-09-15
momentum-360,momentumvirtualtours.com,graceland online tour,13,70,0.01,28,0.02,2026-09-15
momentum-360,momentumvirtualtours.com,how do i get a lot of likes on instagram,13,210,0.16,8,7.05,2026-09-15
momentum-360,momentumvirtualtours.com,how do you get instagram likes,13,720,0.35,28,3.17,2026-09-15
momentum-360,momentumvirtualtours.com,how do you play games on vr,13,210,0.06,0,,2026-09-15
momentum-360,momentumvirtualtours.com,how do you play vr games,13,210,0.06,7,,2026-09-15
momentum-360,momentumvirtualtours.com,how many followers on tiktok to get money,13,210,0.02,9,,2026-09-15
momentum-360,momentumvirtualtours.com,how much to pay social media manager,13,40,0.31,25,4.37,2026-09-15
momentum-360,momentumvirtualtours.com,how to delete videos from iphone,13,480,0.07,0,0.77,2026-09-15
momentum-360,momentumvirtualtours.com,how to get a lot likes on instagram,13,210,0.16,3,7.05,2026-09-15
momentum-360,momentumvirtualtours.com,how to get like instagram,13,720,0.35,7,3.17,2026-09-15
momentum-360,momentumvirtualtours.com,how to get likes fast on instagram,13,110,0.47,12,1.43,2026-09-15
momentum-360,momentumvirtualtours.com,how to get loads of likes on instagram,13,210,0.16,3,7.05,2026-09-15
momentum-360,momentumvirtualtours.com,how to get lots likes on instagram,13,210,0.16,3,7.05,2026-09-15
momentum-360,momentumvirtualtours.com,how to get quick likes on instagram,13,110,0.47,13,1.43,2026-09-15
momentum-360,momentumvirtualtours.com,how to improve instagram likes,13,50,0.39,6,6.35,2026-09-15
momentum-360,momentumvirtualtours.com,how to match on tinder for free,13,30,0.10,20,,2026-09-15
momentum-360,momentumvirtualtours.com,matches en tinder,13,720,0.00,19,7.79,2026-09-15
momentum-360,momentumvirtualtours.com,matterport download,13,110,0.14,15,14.38,2026-09-15
momentum-360,momentumvirtualtours.com,national museum of natural history washington dc virtual tour,13,210,0.00,31,,2026-09-15
momentum-360,momentumvirtualtours.com,oval office 360 view,13,20,0.00,7,,2026-09-15
momentum-360,momentumvirtualtours.com,smithsonian virtual field trip,13,90,0.01,24,,2026-09-15
momentum-360,momentumvirtualtours.com,statue of liberty virtual field trip,13,50,0.01,2,,2026-09-15
momentum-360,momentumvirtualtours.com,tiktok account with 100 followers,13,170,0.01,10,0.23,2026-09-15
momentum-360,momentumvirtualtours.com,tinder get more likes,13,30,0.08,0,0.40,2026-09-15
momentum-360,momentumvirtualtours.com,to get more likes on instagram,13,140,0.00,9,,2026-09-15
momentum-360,momentumvirtualtours.com,va meaning hospital,13,30,0.00,65,,2026-09-15
momentum-360,momentumvirtualtours.com,what does va stand for in va hospital,13,40,0.00,35,,2026-09-15
momentum-360,momentumvirtualtours.com,why am i not getting likes on ig,13,70,0.02,0,,2026-09-15
momentum-360,momentumvirtualtours.com,why is my instagram not getting likes,13,20,0.00,0,,2026-09-15
momentum-360,momentumvirtualtours.com,1-star google review,14,30,0.00,0,,2026-09-15
momentum-360,momentumvirtualtours.com,100 000 followers on instagram,14,90,0.17,0,3.25,2026-09-15
momentum-360,momentumvirtualtours.com,360 tour google,14,50,0.10,10,,2026-09-15
momentum-360,momentumvirtualtours.com,andice,14,2400,0.03,0,0.19,2026-09-15
momentum-360,momentumvirtualtours.com,average property tax in san diego,14,50,0.00,0,,2026-09-15
momentum-360,momentumvirtualtours.com,best cameras for photo and video,14,1300,1.00,7,0.86,2026-09-15
momentum-360,momentumvirtualtours.com,best real estate groups,14,50,0.05,31,,2026-09-15
momentum-360,momentumvirtualtours.com,can any veteran go to va hospital,14,70,0.03,28,,2026-09-15
momentum-360,momentumvirtualtours.com,communication hills park,14,40,0.00,0,,2026-09-15
momentum-360,momentumvirtualtours.com,disabled youtube account,14,70,0.00,39,,2026-09-15
momentum-360,momentumvirtualtours.com,foley square new york,14,880,0.15,0,0.12,2026-09-15
momentum-360,momentumvirtualtours.com,get more likes on tinder,14,30,0.08,0,0.40,2026-09-15
momentum-360,momentumvirtualtours.com,google office tour,14,70,0.19,12,5.29,2026-09-15
momentum-360,momentumvirtualtours.com,home jab photography,14,30,0.59,1,8.52,2026-09-15
momentum-360,momentumvirtualtours.com,homejab photography,14,40,0.59,10,8.76,2026-09-15
momentum-360,momentumvirtualtours.com,how can i get a lot of likes on instagram,14,210,0.16,4,7.05,2026-09-15
momentum-360,momentumvirtualtours.com,how do i delete a video from my iphone,14,70,0.00,0,,2026-09-15
momentum-360,momentumvirtualtours.com,how do i delete a video on my iphone,14,70,0.00,0,,2026-09-15
momentum-360,momentumvirtualtours.com,how many followers to get paid on tiktok,14,880,0.03,6,0.41,2026-09-15
momentum-360,momentumvirtualtours.com,how many followers to make money on tik tok,14,880,0.03,0,0.64,2026-09-15
momentum-360,momentumvirtualtours.com,how much money is 1 million views,14,90,0.00,3,,2026-09-15
momentum-360,momentumvirtualtours.com,how much to charge for graduation photos,14,40,0.00,0,,2026-09-15
momentum-360,momentumvirtualtours.com,how to be popular in social media,14,40,0.06,2,,2026-09-15
momentum-360,momentumvirtualtours.com,how to delete a video on iphone,14,480,0.07,0,0.77,2026-09-15
momentum-360,momentumvirtualtours.com,how to get more likes on instagram after posting,14,50,0.33,8,4.43,2026-09-15
momentum-360,momentumvirtualtours.com,how to get popular on social media,14,90,0.24,12,5.78,2026-09-15
momentum-360,momentumvirtualtours.com,inside google building,14,30,0.00,15,,2026-09-15
momentum-360,momentumvirtualtours.com,instagram account with no followers,14,260,0.00,0,,2026-09-15
momentum-360,momentumvirtualtours.com,matterport discover,14,1000,0.04,24,8.83,2026-09-15
momentum-360,momentumvirtualtours.com,natural history museum washington dc virtual tour,14,170,0.01,23,,2026-09-15
momentum-360,momentumvirtualtours.com,not getting instagram likes,14,50,0.01,0,,2026-09-15
momentum-360,momentumvirtualtours.com,social media manager for small business,14,320,0.39,2,20.62,2026-09-15
momentum-360,momentumvirtualtours.com,sorority house tour,14,40,0.00,2,,2026-09-15
momentum-360,momentumvirtualtours.com,sorority house tours,14,40,0.00,0,,2026-09-15
momentum-360,momentumvirtualtours.com,statue of liberty virtual tour,14,590,0.02,16,,2026-09-15
momentum-360,momentumvirtualtours.com,tour of google campus,14,260,0.14,6,,2026-09-15
momentum-360,momentumvirtualtours.com,v a meaning medical,14,480,0.00,73,,2026-09-15
momentum-360,momentumvirtualtours.com,va hospital meaning,14,320,0.00,62,,2026-09-15
momentum-360,momentumvirtualtours.com,veterans affairs medical,14,90,0.03,90,0.61,2026-09-15
momentum-360,momentumvirtualtours.com,why do i get no likes on instagram,14,30,0.01,0,,2026-09-15
momentum-360,momentumvirtualtours.com,why is it so hard to get followers on instagram,14,30,0.12,18,2.71,2026-09-15
momentum-360,momentumvirtualtours.com,youtube accounts suspended,14,90,0.00,14,,2026-09-15
momentum-360,momentumvirtualtours.com,2 million instagram followers,15,50,0.00,12,,2026-09-15
momentum-360,momentumvirtualtours.com,360 with iphone,15,320,0.44,6,2.31,2026-09-15
momentum-360,momentumvirtualtours.com,account suspended youtube,15,90,0.00,0,,2026-09-15
momentum-360,momentumvirtualtours.com,andice tx,15,2400,0.03,0,0.19,2026-09-15
momentum-360,momentumvirtualtours.com,boost your instagram likes,15,30,0.60,17,6.04,2026-09-15
momentum-360,momentumvirtualtours.com,camera company known for its moments,15,40,0.00,9,,2026-09-15
momentum-360,momentumvirtualtours.com,campus google,15,2900,0.00,29,,2026-09-15
momentum-360,momentumvirtualtours.com,can't delete videos from iphone,15,30,0.03,0,,2026-09-15
momentum-360,momentumvirtualtours.com,casulo hotel,15,260,0.10,0,1.04,2026-09-15
momentum-360,momentumvirtualtours.com,community hills san jose,15,70,0.08,2,,2026-09-15
momentum-360,momentumvirtualtours.com,facebook active time,15,50,0.04,17,,2026-09-15
momentum-360,momentumvirtualtours.com,getting matched on tinder,15,30,0.06,8,,2026-09-15
momentum-360,momentumvirtualtours.com,google campus tour,15,260,0.14,10,,2026-09-15
momentum-360,momentumvirtualtours.com,google complex,15,140,0.10,29,,2026-09-15
momentum-360,momentumvirtualtours.com,how can i delete videos from my iphone,15,70,0.00,0,,2026-09-15
momentum-360,momentumvirtualtours.com,how do i delete videos on my iphone,15,70,0.00,0,,2026-09-15
momentum-360,momentumvirtualtours.com,how many followers you need to get paid on tiktok,15,70,0.03,4,,2026-09-15
momentum-360,momentumvirtualtours.com,how many tiktok followers to get paid,15,110,0.02,0,,2026-09-15
momentum-360,momentumvirtualtours.com,how much do influencers make with 1 million followers,15,110,0.00,2,,2026-09-15
momentum-360,momentumvirtualtours.com,how much is 360,15,110,0.00,1,,2026-09-15
momentum-360,momentumvirtualtours.com,how much is the 360 camera,15,260,0.96,38,0.44,2026-09-15
momentum-360,momentumvirtualtours.com,how to clean up a video on iphone,15,50,0.64,1,3.63,2026-09-15
momentum-360,momentumvirtualtours.com,how to delete videos on my iphone,15,70,0.00,0,,2026-09-15
momentum-360,momentumvirtualtours.com,how to get a lot of likes in instagram,15,210,0.16,0,7.05,2026-09-15
momentum-360,momentumvirtualtours.com,how to get lots of likes in instagram,15,210,0.16,0,7.05,2026-09-15
momentum-360,momentumvirtualtours.com,how to get millions of followers on instagram,15,70,0.20,17,14.45,2026-09-15
momentum-360,momentumvirtualtours.com,how to see largest videos on iphone,15,40,0.22,0,3.47,2026-09-15
momentum-360,momentumvirtualtours.com,instagram 0 followers,15,50,0.00,0,,2026-09-15
momentum-360,momentumvirtualtours.com,instagram not getting likes,15,50,0.01,0,,2026-09-15
momentum-360,momentumvirtualtours.com,is friday afternoon a good time to post on instagram,15,30,0.01,16,,2026-09-15
momentum-360,momentumvirtualtours.com,kuula pricing,15,30,0.17,11,,2026-09-15
momentum-360,momentumvirtualtours.com,louvre museum virtual tour,15,140,0.06,8,,2026-09-15
momentum-360,momentumvirtualtours.com,new york metropolitan museum of art virtual tour,15,110,0.04,30,15.24,2026-09-15
momentum-360,momentumvirtualtours.com,online tour of the white house,15,40,0.05,45,0.01,2026-09-15
momentum-360,momentumvirtualtours.com,perfect timing to post on instagram,15,70,0.01,29,,2026-09-15
momentum-360,momentumvirtualtours.com,real estate taxes indianapolis,15,1300,0.01,10,5.71,2026-09-15
momentum-360,momentumvirtualtours.com,the metropolitan museum of art virtual tour,15,30,0.03,24,,2026-09-15
momentum-360,momentumvirtualtours.com,va doctor meaning,15,30,0.00,28,,2026-09-15
momentum-360,momentumvirtualtours.com,va meaning medical,15,480,0.00,30,,2026-09-15
momentum-360,momentumvirtualtours.com,virtual tours nyc,15,110,0.66,0,2.66,2026-09-15
momentum-360,momentumvirtualtours.com,what can you play with oculus quest 2,15,30,0.01,17,,2026-09-15
momentum-360,momentumvirtualtours.com,what does va stand for medical,15,40,0.00,32,,2026-09-15
momentum-360,momentumvirtualtours.com,what is the future of real estate,15,20,0.04,13,4.33,2026-09-15
momentum-360,momentumvirtualtours.com,when are property taxes due in marion county indiana,15,70,0.00,6,,2026-09-15
momentum-360,momentumvirtualtours.com,why do my instagram posts get no likes,15,30,0.00,0,,2026-09-15
momentum-360,momentumvirtualtours.com,why is my instagram posts not getting likes,15,90,0.01,0,,2026-09-15
momentum-360,momentumvirtualtours.com,youtube account is suspended,15,90,0.00,0,,2026-09-15
momentum-360,momentumvirtualtours.com,youtube suspended,15,40,0.00,12,,2026-09-15
momentum-360,momentumvirtualtours.com,youtube suspended my account,15,20,0.00,0,,2026-09-15
momentum-360,momentumvirtualtours.com,youvisit virtual tours,15,90,0.11,18,14.87,2026-09-15
momentum-360,momentumvirtualtours.com,500 followers,16,210,0.07,0,1.02,2026-09-15
momentum-360,momentumvirtualtours.com,blandair park west,16,40,0.02,0,,2026-09-15
momentum-360,momentumvirtualtours.com,dc government property tax,16,40,0.00,2,,2026-09-15
momentum-360,momentumvirtualtours.com,does posting everyday on instagram help,16,50,0.01,2,,2026-09-15
momentum-360,momentumvirtualtours.com,does the oculus come with games,16,40,0.26,24,,2026-09-15
momentum-360,momentumvirtualtours.com,fish lake regional park maple grove mn,16,110,0.01,0,,2026-09-15
momentum-360,momentumvirtualtours.com,foley square park nyc,16,18100,0.07,2,0.42,2026-09-15
momentum-360,momentumvirtualtours.com,google 360 tours,16,50,0.10,32,,2026-09-15
momentum-360,momentumvirtualtours.com,googleplex tour,16,170,0.60,15,,2026-09-15
momentum-360,momentumvirtualtours.com,how do i delete videos from my iphone,16,70,0.00,0,,2026-09-15
momentum-360,momentumvirtualtours.com,how many followers on tiktok to make money,16,1600,0.03,0,0.02,2026-09-15
momentum-360,momentumvirtualtours.com,how much for grad photos,16,170,0.01,0,,2026-09-15
momentum-360,momentumvirtualtours.com,how much to pay a social media manager,16,40,0.31,12,4.37,2026-09-15
momentum-360,momentumvirtualtours.com,how to be social media popular,16,40,0.06,21,,2026-09-15
nkcdc,nkcdc.org,1817 frankford ave,1,30,0.00,0,,2026-09-15
nkcdc,nkcdc.org,2446 coral st,1,30,0.00,0,,2026-09-15
nkcdc,nkcdc.org,2446 coral st philadelphia pa 19125,1,50,0.00,0,,2026-09-15
nkcdc,nkcdc.org,2446 coral street philadelphia pa,1,30,0.01,0,,2026-09-15
nkcdc,nkcdc.org,2721 ruth street philadelphia pa,1,40,0.00,0,,2026-09-15
nkcdc,nkcdc.org,2771 ruth street,1,110,0.00,0,,2026-09-15
nkcdc,nkcdc.org,2771 ruth street philadelphia pa 19134,1,40,0.01,0,,2026-09-15
nkcdc,nkcdc.org,2771 ruth street suite 1 philadelphia pa 19134,1,70,0.01,0,,2026-09-15
nkcdc,nkcdc.org,2801 frankford ave philadelphia pa,1,30,0.00,0,,2026-09-15
nkcdc,nkcdc.org,2930 jasper st philadelphia pa 19134,1,140,0.01,0,,2026-09-15
nkcdc,nkcdc.org,2930 jasper street,1,320,0.01,0,,2026-09-15
nkcdc,nkcdc.org,2930 jasper street philadelphia pa 19134,1,90,0.01,0,,2026-09-15
nkcdc,nkcdc.org,arts grants philadelphia,1,40,0.06,19,16.27,2026-09-15
nkcdc,nkcdc.org,coral arts house,1,140,0.01,0,,2026-09-15
nkcdc,nkcdc.org,coral street arts house,1,140,0.01,0,,2026-09-15
nkcdc,nkcdc.org,escuelas infantiles municipales,1,70,0.01,0,,2026-09-15
nkcdc,nkcdc.org,greensgrow farms,1,320,0.01,0,,2026-09-15
nkcdc,nkcdc.org,history of kensington,1,30,0.00,30,,2026-09-15
nkcdc,nkcdc.org,history of kensington philadelphia,1,70,0.00,17,,2026-09-15
nkcdc,nkcdc.org,income based apartments philadelphia pa,1,140,0.75,0,2.08,2026-09-15
nkcdc,nkcdc.org,jardín comunitario,1,50,0.01,0,,2026-09-15
nkcdc,nkcdc.org,kensington engagement center,1,70,0.01,0,,2026-09-15
nkcdc,nkcdc.org,kensington history,1,30,0.00,24,,2026-09-15
nkcdc,nkcdc.org,kensington philadelphia history,1,70,0.00,14,,2026-09-15
nkcdc,nkcdc.org,new kensington cdc,1,390,0.00,8,,2026-09-15
nkcdc,nkcdc.org,new kensington community development corporation,1,390,0.00,11,,2026-09-15
nkcdc,nkcdc.org,new kingdom sports,1,110,0.02,0,,2026-09-15
nkcdc,nkcdc.org,nkcdc,1,720,0.00,11,,2026-09-15
nkcdc,nkcdc.org,nkcdc garden,1,320,0.01,0,,2026-09-15
nkcdc,nkcdc.org,nkcdc new kensington community development corporation,1,390,0.04,10,0.33,2026-09-15
nkcdc,nkcdc.org,nkcdc philadelphia,1,390,0.00,10,,2026-09-15
nkcdc,nkcdc.org,orinoka civic house,1,170,0.01,0,3.37,2026-09-15
nkcdc,nkcdc.org,orinoka civic house photos,1,40,0.03,0,,2026-09-15
nkcdc,nkcdc.org,philadelphia art grants,1,40,0.06,21,16.27,2026-09-15
nkcdc,nkcdc.org,philadelphia artist grants,1,50,0.06,21,28.34,2026-09-15
nkcdc,nkcdc.org,philadelphia arts grants,1,40,0.06,21,16.27,2026-09-15
nkcdc,nkcdc.org,ruth apartment,1,50,0.13,0,2.22,2026-09-15
nkcdc,nkcdc.org,ruth street,1,2400,0.03,0,,2026-09-15
nkcdc,nkcdc.org,ruth street civic house,1,110,0.02,0,7.01,2026-09-15
nkcdc,nkcdc.org,schools in kensington,1,30,0.05,13,1.60,2026-09-15
nkcdc,nkcdc.org,sports kingdom kensington,1,30,0.00,0,,2026-09-15
nkcdc,nkcdc.org,2930 jasper st,2,320,0.01,0,,2026-09-15
nkcdc,nkcdc.org,2930 jasper street philadelphia pa,2,70,0.01,0,,2026-09-15
nkcdc,nkcdc.org,3000 kensington ave,2,70,0.00,0,,2026-09-15
nkcdc,nkcdc.org,businesses in philadelphia,2,90,0.21,0,5.42,2026-09-15
nkcdc,nkcdc.org,cure violence philadelphia,2,30,0.00,7,,2026-09-15
nkcdc,nkcdc.org,fishtown bid,2,50,0.00,0,,2026-09-15
nkcdc,nkcdc.org,fishtown business improvement district,2,50,0.00,0,,2026-09-15
nkcdc,nkcdc.org,gniewek funeral home,2,30,0.01,0,,2026-09-15
nkcdc,nkcdc.org,greensgrow farms philadelphia,2,320,0.01,0,,2026-09-15
nkcdc,nkcdc.org,income based apartments in philadelphia,2,40,0.44,0,5.75,2026-09-15
nkcdc,nkcdc.org,income based apartments philadelphia,2,590,0.56,0,2.81,2026-09-15
nkcdc,nkcdc.org,income based housing in philadelphia,2,590,0.56,0,2.81,2026-09-15
nkcdc,nkcdc.org,income based housing in philadelphia pa,2,590,0.56,0,2.81,2026-09-15
nkcdc,nkcdc.org,income based housing philadelphia,2,590,0.56,0,2.81,2026-09-15
nkcdc,nkcdc.org,income based housing philadelphia pa,2,590,0.56,0,2.81,2026-09-15
nkcdc,nkcdc.org,income restricted apartments philadelphia,2,140,0.75,0,2.08,2026-09-15
nkcdc,nkcdc.org,kensington events,2,70,0.03,5,,2026-09-15
nkcdc,nkcdc.org,kensington philadelphia 1950s,2,40,0.00,4,,2026-09-15
nkcdc,nkcdc.org,low income apartments philadelphia,2,6600,0.46,0,2.42,2026-09-15
nkcdc,nkcdc.org,low income apartments philadelphia pa,2,6600,0.46,0,2.42,2026-09-15
nkcdc,nkcdc.org,low income housing in philly,2,6600,0.46,0,2.42,2026-09-15
nkcdc,nkcdc.org,low income housing philadelphia,2,6600,0.46,2,2.42,2026-09-15
nkcdc,nkcdc.org,pawn shops kensington ave,2,70,0.13,0,1.56,2026-09-15
nkcdc,nkcdc.org,schools in kensington philadelphia,2,30,0.02,0,,2026-09-15
nkcdc,nkcdc.org,small business grant philadelphia,2,70,0.72,20,3.90,2026-09-15
nkcdc,nkcdc.org,affordable housing in philadelphia,3,6600,0.46,3,2.42,2026-09-15
nkcdc,nkcdc.org,affordable housing philadelphia for rent,3,70,0.56,0,1.24,2026-09-15
nkcdc,nkcdc.org,alex grocery store,3,390,0.02,0,0.12,2026-09-15
nkcdc,nkcdc.org,alex supermarket,3,210,0.06,1,,2026-09-15
nkcdc,nkcdc.org,appliance & tv discounters philadelphia pa,3,70,0.49,0,1.20,2026-09-15
nkcdc,nkcdc.org,artist grants philadelphia,3,50,0.06,24,28.34,2026-09-15
nkcdc,nkcdc.org,asociación de vecinos,3,40,0.00,0,,2026-09-15
nkcdc,nkcdc.org,brotherly love barber shop,3,320,0.01,0,0.93,2026-09-15
nkcdc,nkcdc.org,cold beer deli near me,3,40,0.03,0,0.12,2026-09-15
nkcdc,nkcdc.org,coral house philadelphia,3,70,0.08,0,9.12,2026-09-15
nkcdc,nkcdc.org,coral street philadelphia pa,3,30,0.01,0,,2026-09-15
nkcdc,nkcdc.org,events kensington,3,70,0.03,14,,2026-09-15
nkcdc,nkcdc.org,frankford convenience store,3,40,0.00,0,,2026-09-15
nkcdc,nkcdc.org,housing counseling philadelphia,3,50,0.07,3,11.47,2026-09-15
nkcdc,nkcdc.org,housing for low income in philadelphia,3,6600,0.46,14,2.42,2026-09-15
nkcdc,nkcdc.org,is kensington a city,3,40,0.00,19,,2026-09-15
nkcdc,nkcdc.org,jasper st studios,3,50,0.00,0,,2026-09-15
nkcdc,nkcdc.org,jasper studio philadelphia,3,40,0.00,0,,2026-09-15
nkcdc,nkcdc.org,jasper studios philadelphia,3,40,0.00,0,,2026-09-15
nkcdc,nkcdc.org,jasper studios photos,3,30,0.00,0,,2026-09-15
nkcdc,nkcdc.org,kensington delaware,3,30,0.00,0,,2026-09-15
nkcdc,nkcdc.org,kensington derby 2025,3,70,0.00,0,,2026-09-15
nkcdc,nkcdc.org,kensington derby and arts festival,3,30,0.00,0,,2026-09-15
nkcdc,nkcdc.org,kensington kinetic derby,3,70,0.03,0,,2026-09-15
nkcdc,nkcdc.org,kensington kinetic derby 2025,3,30,0.00,0,,2026-09-15
nkcdc,nkcdc.org,kensington newspaper,3,140,0.00,0,,2026-09-15
nkcdc,nkcdc.org,kinetic sculpture derby,3,40,0.00,0,,2026-09-15
nkcdc,nkcdc.org,low income apartments in philadelphia for rent,3,110,0.60,0,1.98,2026-09-15
nkcdc,nkcdc.org,low income philadelphia,3,40,0.36,4,1.90,2026-09-15
nkcdc,nkcdc.org,low-income philadelphia,3,40,0.36,4,1.90,2026-09-15
nkcdc,nkcdc.org,morris auto parts kensington avenue,3,90,0.06,0,3.00,2026-09-15
nkcdc,nkcdc.org,morris auto parts philadelphia,3,30,0.23,0,2.52,2026-09-15
nkcdc,nkcdc.org,morris auto parts philadelphia pa,3,30,0.23,0,2.52,2026-09-15
nkcdc,nkcdc.org,new community development corporation,3,110,0.00,8,,2026-09-15
nkcdc,nkcdc.org,new kensington,3,14800,0.03,11,1.33,2026-09-15
nkcdc,nkcdc.org,north kensington philadelphia,3,40,0.04,1,,2026-09-15
nkcdc,nkcdc.org,nu bella nails,3,170,0.02,0,,2026-09-15
nkcdc,nkcdc.org,pat's auto tags,3,880,0.02,0,3.57,2026-09-15
nkcdc,nkcdc.org,pawn shops in kensington,3,140,0.16,0,1.55,2026-09-15
nkcdc,nkcdc.org,pearl dance studio,3,140,0.02,0,,2026-09-15
nkcdc,nkcdc.org,philadelphia business grants,3,20,0.54,14,6.10,2026-09-15
nkcdc,nkcdc.org,philadelphia home improvement,3,320,0.83,0,8.63,2026-09-15
nkcdc,nkcdc.org,philadelphia low-income housing,3,6600,0.46,19,2.42,2026-09-15
nkcdc,nkcdc.org,philadelphia small business grants,3,70,0.47,20,6.10,2026-09-15
nkcdc,nkcdc.org,r & r produce,3,720,0.02,0,0.80,2026-09-15
nkcdc,nkcdc.org,small business in philadelphia,3,210,0.14,13,12.82,2026-09-15
nkcdc,nkcdc.org,subsidized housing in philadelphia,3,6600,0.46,19,2.42,2026-09-15
nkcdc,nkcdc.org,transcending roots apothecary,3,40,0.05,8,,2026-09-15
nkcdc,nkcdc.org,affordable apartments philadelphia,4,1900,0.68,0,1.50,2026-09-15
nkcdc,nkcdc.org,affordable housing in philadelphia for rent,4,70,0.61,0,0.94,2026-09-15
nkcdc,nkcdc.org,alex grocery,4,390,0.02,0,0.20,2026-09-15
nkcdc,nkcdc.org,appliance and tv discounters philadelphia,4,70,0.49,0,1.20,2026-09-15
nkcdc,nkcdc.org,basic systems repair program,4,170,0.13,0,20.23,2026-09-15
nkcdc,nkcdc.org,basic systems repair program philadelphia,4,90,0.06,0,,2026-09-15
nkcdc,nkcdc.org,care trust pharmacy,4,320,0.01,0,,2026-09-15
nkcdc,nkcdc.org,caretrust pharmacy,4,320,0.01,2,,2026-09-15
nkcdc,nkcdc.org,circle thrift philadelphia,4,390,0.00,0,,2026-09-15
nkcdc,nkcdc.org,circle thrift philadelphia pa,4,390,0.00,0,,2026-09-15
nkcdc,nkcdc.org,circle thrift philly,4,390,0.00,0,,2026-09-15
nkcdc,nkcdc.org,circles thrift,4,8100,0.02,4,1.30,2026-09-15
nkcdc,nkcdc.org,citizens bank aramingo,4,260,0.03,1,10.04,2026-09-15
nkcdc,nkcdc.org,citizens bank aramingo ave,4,260,0.03,0,10.04,2026-09-15
nkcdc,nkcdc.org,citizens bank on aramingo avenue,4,260,0.03,2,10.04,2026-09-15
nkcdc,nkcdc.org,cmx 2 zoning,4,30,0.00,0,,2026-09-15
nkcdc,nkcdc.org,cmx-2 zoning,4,30,0.00,0,,2026-09-15
nkcdc,nkcdc.org,commercial to rent,4,30,0.06,0,3.30,2026-09-15
nkcdc,nkcdc.org,coral house apartments,4,40,0.18,0,2.73,2026-09-15
nkcdc,nkcdc.org,empty business buildings for sale,4,40,0.46,4,1.34,2026-09-15
nkcdc,nkcdc.org,fair chance hiring initiative philadelphia,4,50,0.00,0,,2026-09-15
nkcdc,nkcdc.org,fishtown rec center,4,1000,0.04,0,0.08,2026-09-15
nkcdc,nkcdc.org,fishtown recreation center,4,1000,0.04,0,0.08,2026-09-15
nkcdc,nkcdc.org,heitzman rec center,4,720,0.02,0,,2026-09-15
nkcdc,nkcdc.org,high schools in kensington,4,70,0.02,0,,2026-09-15
nkcdc,nkcdc.org,home repair grants philadelphia,4,50,0.08,13,3.29,2026-09-15
nkcdc,nkcdc.org,jaizelle hanna,4,70,0.00,0,,2026-09-15
nkcdc,nkcdc.org,jasper studios,4,1600,0.03,0,0.51,2026-09-15
nkcdc,nkcdc.org,kensington derby,4,390,0.32,0,0.37,2026-09-15
nkcdc,nkcdc.org,kensington derby 2025 schedule,4,20,,0,,2026-09-15
nkcdc,nkcdc.org,kensington in,4,70,0.01,35,,2026-09-15
nkcdc,nkcdc.org,kensington pa,4,49500,0.01,7,7.55,2026-09-15
nkcdc,nkcdc.org,kensington phila pa,4,49500,0.01,5,7.55,2026-09-15
nkcdc,nkcdc.org,kensington us,4,320,0.00,19,,2026-09-15
nkcdc,nkcdc.org,kinetic derby,4,50,0.00,3,,2026-09-15
nkcdc,nkcdc.org,kiwi nails and spa fishtown,4,880,0.05,0,,2026-09-15
nkcdc,nkcdc.org,kiwi nails fishtown,4,320,0.00,0,,2026-09-15
nkcdc,nkcdc.org,low income apartments for rent in philadelphia pa,4,110,0.60,0,1.98,2026-09-15
nkcdc,nkcdc.org,low income apartments in philadelphia pa for rent,4,110,0.60,0,1.98,2026-09-15
nkcdc,nkcdc.org,low income housing in philadelphia pa,4,6600,0.46,0,2.42,2026-09-15
nkcdc,nkcdc.org,low income housing philadelphia for rent,4,20,0.77,2,1.88,2026-09-15
nkcdc,nkcdc.org,low-income housing philadelphia for rent,4,20,0.77,2,1.88,2026-09-15
nkcdc,nkcdc.org,low-income housing with no waiting list in philadelphia pa,4,720,0.42,0,2.81,2026-09-15
nkcdc,nkcdc.org,pawn shop kensington,4,140,0.16,0,1.55,2026-09-15
nkcdc,nkcdc.org,pennsylvania kensington,4,50,0.00,4,,2026-09-15
nkcdc,nkcdc.org,philadelphia drums and percussion,4,110,0.01,2,,2026-09-15
nkcdc,nkcdc.org,polish american travel,4,210,0.03,0,1.50,2026-09-15
nkcdc,nkcdc.org,polish american travel service,4,210,0.03,0,1.50,2026-09-15
nkcdc,nkcdc.org,postgreen homes philadelphia,4,720,0.00,0,,2026-09-15
nkcdc,nkcdc.org,r & r produce inc,4,210,0.01,0,,2026-09-15
nkcdc,nkcdc.org,r&r produce and garden center,4,480,0.01,0,,2026-09-15
nkcdc,nkcdc.org,small business grants philadelphia,4,70,0.72,20,3.90,2026-09-15
nkcdc,nkcdc.org,sulimays barber,4,720,0.00,0,,2026-09-15
nkcdc,nkcdc.org,sunshine house kensington,4,110,0.02,0,,2026-09-15
nkcdc,nkcdc.org,tracy's chinese store,4,70,0.00,0,,2026-09-15
nkcdc,nkcdc.org,transcending roots,4,20,0.02,0,,2026-09-15
nkcdc,nkcdc.org,where is kensington in the united states,4,50,0.00,19,,2026-09-15
nkcdc,nkcdc.org,why is it called kensington beach,4,20,0.00,6,,2026-09-15
nkcdc,nkcdc.org,zoning cmx2,4,30,0.00,0,,2026-09-15
nkcdc,nkcdc.org,1000 sq ft commercial space for rent,5,40,0.65,0,4.40,2026-09-15
nkcdc,nkcdc.org,3222 h street philadelphia pa,5,70,0.05,0,,2026-09-15
nkcdc,nkcdc.org,3631 amber street philadelphia pa,5,40,0.01,0,,2026-09-15
nkcdc,nkcdc.org,affordable housing northeast philadelphia,5,30,0.38,0,1.14,2026-09-15
nkcdc,nkcdc.org,appliance and tv discounters,5,70,0.49,0,1.20,2026-09-15
nkcdc,nkcdc.org,artist lofts philadelphia,5,40,0.34,0,1.66,2026-09-15
nkcdc,nkcdc.org,baltic bakery philadelphia,5,40,0.00,0,,2026-09-15
nkcdc,nkcdc.org,baltic bakery philadelphia pa,5,40,0.00,0,,2026-09-15
nkcdc,nkcdc.org,bridge deli cold beer,5,140,0.00,0,,2026-09-15
nkcdc,nkcdc.org,cheap groceries philadelphia,5,90,0.34,0,3.36,2026-09-15
nkcdc,nkcdc.org,circle thrift,5,8100,0.02,9,1.30,2026-09-15
nkcdc,nkcdc.org,circle thrift fishtown,5,110,0.00,0,,2026-09-15
nkcdc,nkcdc.org,circle thrift near me,5,90,0.00,9,,2026-09-15
nkcdc,nkcdc.org,citizens bank frankford ave,5,260,0.10,0,0.87,2026-09-15
nkcdc,nkcdc.org,commercial properties for rent in philadelphia,5,480,0.71,0,6.61,2026-09-15
nkcdc,nkcdc.org,commercial rentals philadelphia,5,480,0.71,0,6.61,2026-09-15
nkcdc,nkcdc.org,east kensington neighbors association,5,30,0.01,8,,2026-09-15
nkcdc,nkcdc.org,event space for sale philadelphia,5,30,0.36,0,0.93,2026-09-15
nkcdc,nkcdc.org,free home repair programs in philadelphia,5,170,0.31,13,10.89,2026-09-15
nkcdc,nkcdc.org,free home repair programs in philadelphia for seniors,5,140,0.31,9,13.80,2026-09-15
nkcdc,nkcdc.org,free meals philadelphia,5,70,0.17,21,2.09,2026-09-15
nkcdc,nkcdc.org,income based apartments in pa,5,110,0.25,1,1.76,2026-09-15
nkcdc,nkcdc.org,is kensington in philadelphia,5,70,0.00,4,,2026-09-15
nkcdc,nkcdc.org,jinxed fishtown,5,2900,0.03,0,0.43,2026-09-15
nkcdc,nkcdc.org,kensington area,5,260,0.13,14,8.25,2026-09-15
nkcdc,nkcdc.org,kensington development,5,110,0.00,0,,2026-09-15
nkcdc,nkcdc.org,kensington north philly,5,70,0.01,5,0.01,2026-09-15
nkcdc,nkcdc.org,kensington philadelphia,5,49500,0.01,6,7.55,2026-09-15
nkcdc,nkcdc.org,kensington population,5,50,0.00,1,,2026-09-15
nkcdc,nkcdc.org,kensington project,5,40,0.00,0,,2026-09-15
nkcdc,nkcdc.org,kensington schools,5,4400,0.26,7,5.02,2026-09-15
nkcdc,nkcdc.org,kensington somerset,5,50,0.00,0,,2026-09-15
nkcdc,nkcdc.org,milestones enrichment academy,5,70,0.07,0,,2026-09-15
nkcdc,nkcdc.org,neighborhood lift grant,5,40,0.10,0,7.48,2026-09-15
nkcdc,nkcdc.org,nu bella nails philadelphia,5,170,0.02,0,,2026-09-15
nkcdc,nkcdc.org,pawn shops kensington,5,140,0.16,0,1.55,2026-09-15
nkcdc,nkcdc.org,pawn shops on kensington avenue,5,30,0.20,0,1.43,2026-09-15
nkcdc,nkcdc.org,phila gov food,5,70,0.03,25,14.75,2026-09-15
nkcdc,nkcdc.org,philadelphia affordable apartments,5,1900,0.68,1,1.50,2026-09-15
nkcdc,nkcdc.org,philadelphia businesses,5,720,0.06,0,6.67,2026-09-15
nkcdc,nkcdc.org,philadelphia commercial property,5,720,0.43,0,3.20,2026-09-15
nkcdc,nkcdc.org,philadelphia home buyers,5,30,0.73,9,54.28,2026-09-15
nkcdc,nkcdc.org,philadelphia store for rent,5,260,0.56,0,4.48,2026-09-15
nkcdc,nkcdc.org,philly 911,5,20,0.00,17,,2026-09-15
nkcdc,nkcdc.org,philly first grant,5,90,0.09,0,16.29,2026-09-15
nkcdc,nkcdc.org,philly food finder,5,40,0.05,7,2.86,2026-09-15
nkcdc,nkcdc.org,polish american travel agency,5,210,0.03,0,1.50,2026-09-15
nkcdc,nkcdc.org,polish travel agency philadelphia,5,30,0.08,0,,2026-09-15
nkcdc,nkcdc.org,quick stop kensington ave,5,40,0.00,0,,2026-09-15
nkcdc,nkcdc.org,small buildings for sale in philadelphia,5,30,0.40,0,3.65,2026-09-15
nkcdc,nkcdc.org,somerset train station,5,140,0.01,0,0.28,2026-09-15
nkcdc,nkcdc.org,subsidized housing philadelphia,5,140,0.63,14,2.47,2026-09-15
nkcdc,nkcdc.org,the block church port richmond,5,260,0.00,8,,2026-09-15
nkcdc,nkcdc.org,the kensington project,5,50,0.00,0,,2026-09-15
nkcdc,nkcdc.org,thunderbird salvage,5,9900,0.03,0,0.47,2026-09-15
nkcdc,nkcdc.org,tracy's chinese restaurant,5,480,0.01,0,,2026-09-15
nkcdc,nkcdc.org,vacant lots philadelphia,5,50,0.16,4,0.64,2026-09-15
nkcdc,nkcdc.org,where is kensington in philadelphia,5,170,0.00,6,,2026-09-15
nkcdc,nkcdc.org,where is kensington in the us,5,20,0.00,10,,2026-09-15
nkcdc,nkcdc.org,where is kensington pennsylvania,5,50,0.00,3,,2026-09-15
nkcdc,nkcdc.org,911 alternative number,6,40,0.00,5,,2026-09-15
nkcdc,nkcdc.org,911 philadelphia,6,110,0.00,17,,2026-09-15
nkcdc,nkcdc.org,baltic bakery,6,590,0.01,0,0.16,2026-09-15
nkcdc,nkcdc.org,basic home repair,6,210,0.24,14,7.12,2026-09-15
nkcdc,nkcdc.org,betz frankford ave,6,90,0.02,0,,2026-09-15
nkcdc,nkcdc.org,centro de salud philadelphia,6,50,0.58,13,3.83,2026-09-15
nkcdc,nkcdc.org,cheap commercial buildings for rent,6,30,0.45,4,8.35,2026-09-15
nkcdc,nkcdc.org,cheap housing in philadelphia,6,30,0.67,5,0.76,2026-09-15
nkcdc,nkcdc.org,circle thrift donation hours,6,30,0.00,6,,2026-09-15
nkcdc,nkcdc.org,circle thrift donations,6,40,0.01,9,,2026-09-15
nkcdc,nkcdc.org,cmx2 zoning,6,30,0.00,0,,2026-09-15
nkcdc,nkcdc.org,cohocksink rec center,6,720,0.02,0,,2026-09-15
nkcdc,nkcdc.org,commercial property for sale in philadelphia pa,6,1300,0.47,0,1.19,2026-09-15
nkcdc,nkcdc.org,commercial space in philadelphia,6,720,0.43,0,3.20,2026-09-15
nkcdc,nkcdc.org,east kensington neighborhood association,6,30,0.01,9,,2026-09-15
nkcdc,nkcdc.org,el buly food market inc,6,40,0.01,0,,2026-09-15
nkcdc,nkcdc.org,fair chance hiring initiative,6,70,0.06,0,1.27,2026-09-15
nkcdc,nkcdc.org,fishtown neighbors association,6,140,0.00,37,,2026-09-15
nkcdc,nkcdc.org,free home repair for low-income near me,6,170,0.30,41,14.65,2026-09-15
nkcdc,nkcdc.org,free home repair money,6,40,0.55,40,6.17,2026-09-15
nkcdc,nkcdc.org,how big is kensington philadelphia,6,30,0.00,10,,2026-09-15
nkcdc,nkcdc.org,kensington area philadelphia,6,110,0.03,14,,2026-09-15
nkcdc,nkcdc.org,kensington clean up,6,40,0.00,0,,2026-09-15
nkcdc,nkcdc.org,kensington pawn shop,6,140,0.16,0,1.55,2026-09-15
nkcdc,nkcdc.org,kensington philadelphia 1970s,6,30,0.00,5,,2026-09-15
nkcdc,nkcdc.org,kensington philadelphia pa,6,49500,0.01,10,7.55,2026-09-15
nkcdc,nkcdc.org,kiwi nails,6,2400,0.13,0,0.29,2026-09-15
nkcdc,nkcdc.org,les fleurs salon,6,720,0.02,0,,2026-09-15
nkcdc,nkcdc.org,local businesses in philadelphia,6,30,0.11,0,,2026-09-15
nkcdc,nkcdc.org,local businesses philadelphia,6,30,0.11,0,,2026-09-15
nkcdc,nkcdc.org,local commercial property,6,140,0.56,25,2.72,2026-09-15
nkcdc,nkcdc.org,nourish program,6,170,0.23,30,4.16,2026-09-15
nkcdc,nkcdc.org,nut hut saloon,6,320,0.00,0,,2026-09-15
nkcdc,nkcdc.org,pawn shop on kensington,6,140,0.16,0,1.55,2026-09-15
nkcdc,nkcdc.org,pawn shop on kensington ave,6,30,0.20,0,1.43,2026-09-15
nkcdc,nkcdc.org,pawn shops on kensington ave,6,30,0.20,0,1.43,2026-09-15
nkcdc,nkcdc.org,philadelphia commercial real estate for sale,6,1300,0.47,0,1.19,2026-09-15
nkcdc,nkcdc.org,philadelphia drum & percussion,6,210,0.03,2,,2026-09-15
nkcdc,nkcdc.org,philadelphia first time home buyer $10000 grant,6,50,0.42,1,4.08,2026-09-15
nkcdc,nkcdc.org,philadelphia food finder,6,30,0.18,16,,2026-09-15
nkcdc,nkcdc.org,philadelphia kensington area,6,110,0.03,7,,2026-09-15
nkcdc,nkcdc.org,philadelphia small businesses,6,210,0.14,0,12.82,2026-09-15
nkcdc,nkcdc.org,philly first,6,390,0.04,14,7.59,2026-09-15
nkcdc,nkcdc.org,philly grant,6,30,0.14,0,6.77,2026-09-15
nkcdc,nkcdc.org,postgreen homes,6,720,0.00,0,,2026-09-15
nkcdc,nkcdc.org,r and r produce,6,390,0.00,0,,2026-09-15
nkcdc,nkcdc.org,small commercial space for rent by owner,6,30,0.30,0,4.88,2026-09-15
nkcdc,nkcdc.org,space for rent in philadelphia,6,110,0.87,0,4.70,2026-09-15
nkcdc,nkcdc.org,sunshine house philadelphia,6,110,0.00,0,,2026-09-15
nkcdc,nkcdc.org,tracy chinese restaurant,6,480,0.01,0,,2026-09-15
nkcdc,nkcdc.org,viking mill,6,40,0.00,0,,2026-09-15
nkcdc,nkcdc.org,what county is kensington pa in,6,30,0.00,6,,2026-09-15
nkcdc,nkcdc.org,what happened to kensington philadelphia,6,40,0.00,9,,2026-09-15
nkcdc,nkcdc.org,what is kensington philadelphia famous for,6,20,0.99,14,,2026-09-15
nkcdc,nkcdc.org,what part of philadelphia is kensington in,6,30,0.00,5,,2026-09-15
nkcdc,nkcdc.org,what's happening in kensington today,6,30,0.00,15,,2026-09-15
nkcdc,nkcdc.org,1901 n front st,7,30,0.01,0,,2026-09-15
nkcdc,nkcdc.org,800 sq ft commercial space for rent,7,30,0.70,0,6.70,2026-09-15
nkcdc,nkcdc.org,affordable housing philadelphia,7,6600,0.46,3,2.42,2026-09-15
nkcdc,nkcdc.org,basic repair program,7,30,0.29,0,,2026-09-15
nkcdc,nkcdc.org,circle thrift hours,7,70,0.00,7,,2026-09-15
nkcdc,nkcdc.org,cohocksink recreation center,7,720,0.02,0,,2026-09-15
nkcdc,nkcdc.org,commercial buildings for sale in philadelphia,7,1300,0.47,0,1.19,2026-09-15
nkcdc,nkcdc.org,commercial garage for sale in philadelphia,7,1300,0.47,0,1.19,2026-09-15
nkcdc,nkcdc.org,commercial properties for sale philadelphia,7,1300,0.47,0,1.19,2026-09-15
nkcdc,nkcdc.org,commercial property for sale philadelphia,7,1300,0.47,0,1.19,2026-09-15
nkcdc,nkcdc.org,commercial space for rent philadelphia,7,480,0.71,0,6.61,2026-09-15
nkcdc,nkcdc.org,commercial space for rent with kitchen,7,30,0.64,0,4.73,2026-09-15
nkcdc,nkcdc.org,commercial space for sale philadelphia,7,1300,0.47,0,1.19,2026-09-15
nkcdc,nkcdc.org,commercial spaces for rent philadelphia,7,70,0.73,0,7.14,2026-09-15
nkcdc,nkcdc.org,community cleanup supplies,7,90,0.00,8,,2026-09-15
nkcdc,nkcdc.org,da wa fishtown,7,30,0.01,0,,2026-09-15
nkcdc,nkcdc.org,da-wa fishtown,7,30,0.01,0,,2026-09-15
nkcdc,nkcdc.org,ekna,7,90,0.00,8,,2026-09-15
nkcdc,nkcdc.org,fishtown neighborhood association,7,140,0.00,37,,2026-09-15
nkcdc,nkcdc.org,free heater repair in philadelphia,7,70,0.75,6,13.03,2026-09-15
nkcdc,nkcdc.org,free house repair,7,140,0.44,28,22.15,2026-09-15
nkcdc,nkcdc.org,free meals in philadelphia,7,70,0.17,8,2.09,2026-09-15
nkcdc,nkcdc.org,free mold removal for seniors,7,30,0.59,0,23.37,2026-09-15
nkcdc,nkcdc.org,funeral home for sale philadelphia,7,30,0.06,0,,2026-09-15
nkcdc,nkcdc.org,home repair philadelphia,7,30,0.91,13,58.53,2026-09-15
nkcdc,nkcdc.org,home repairs philadelphia,7,30,0.91,13,58.53,2026-09-15
nkcdc,nkcdc.org,is kensington north philly,7,70,0.00,3,,2026-09-15
nkcdc,nkcdc.org,kensington & somerset,7,50,0.00,2,,2026-09-15
nkcdc,nkcdc.org,kensington arts,7,50,0.01,13,,2026-09-15
nkcdc,nkcdc.org,kensington development partners,7,70,0.00,0,,2026-09-15
nkcdc,nkcdc.org,kensington gentrification,7,30,0.00,0,,2026-09-15
nkcdc,nkcdc.org,kensington neighborhood of philadelphia,7,20,0.01,4,,2026-09-15
nkcdc,nkcdc.org,kensington new jersey,7,110,0.00,15,,2026-09-15
nkcdc,nkcdc.org,kensington penn,7,50,0.00,10,,2026-09-15
nkcdc,nkcdc.org,kensington philadelphia pennsylvania,7,49500,0.01,7,7.55,2026-09-15
nkcdc,nkcdc.org,kensington philadelphia population,7,50,0.00,7,,2026-09-15
nkcdc,nkcdc.org,nk 2053,7,70,,0,,2026-09-15
nkcdc,nkcdc.org,pawn shop on kensington avenue,7,30,0.20,0,1.43,2026-09-15
nkcdc,nkcdc.org,philadelphia 911,7,110,0.00,14,,2026-09-15
nkcdc,nkcdc.org,philadelphia cleanup,7,30,0.25,5,,2026-09-15
nkcdc,nkcdc.org,philadelphia commercial buildings for sale,7,1300,0.47,0,1.19,2026-09-15
nkcdc,nkcdc.org,philadelphia martial arts & kickboxing,7,70,0.03,1,,2026-09-15
nkcdc,nkcdc.org,philadelphia non emergency number,7,260,0.00,22,,2026-09-15
nkcdc,nkcdc.org,philadelphia pa commercial real estate,7,720,0.43,0,3.20,2026-09-15
nkcdc,nkcdc.org,philadelphia record exchange philadelphia pa,7,1900,0.03,0,,2026-09-15
nkcdc,nkcdc.org,philly first home grant,7,320,0.09,1,4.31,2026-09-15
nkcdc,nkcdc.org,philly first time home buyer,7,40,0.34,1,1.66,2026-09-15
nkcdc,nkcdc.org,philly first-time home buyer program,7,30,0.25,1,4.40,2026-09-15
nkcdc,nkcdc.org,small businesses philadelphia,7,210,0.14,0,12.82,2026-09-15
nkcdc,nkcdc.org,small commercial building for rent,7,320,0.50,0,4.33,2026-09-15
nkcdc,nkcdc.org,snap ed jobs,7,30,0.02,0,28.19,2026-09-15
nkcdc,nkcdc.org,snap-ed jobs,7,30,0.02,0,28.19,2026-09-15
nkcdc,nkcdc.org,south kensington community partners,7,70,0.02,22,,2026-09-15
nkcdc,nkcdc.org,south kensington philadelphia,7,50,0.00,8,,2026-09-15
nkcdc,nkcdc.org,store for rent in philadelphia,7,90,0.23,0,2.34,2026-09-15
nkcdc,nkcdc.org,the kensington connection,7,30,0.00,14,,2026-09-15
nkcdc,nkcdc.org,train station in somerset,7,140,0.01,0,0.28,2026-09-15
nkcdc,nkcdc.org,train stations somerset,7,140,0.01,0,0.28,2026-09-15
nkcdc,nkcdc.org,what is kensington,7,260,0.00,14,,2026-09-15
nkcdc,nkcdc.org,what is kensington philadelphia,7,30,0.00,14,,2026-09-15
nkcdc,nkcdc.org,william betz plumbing supply,7,20,0.19,0,,2026-09-15
nkcdc,nkcdc.org,1000 sqft commercial space for rent,8,30,0.68,0,8.03,2026-09-15
nkcdc,nkcdc.org,2755 kensington ave philadelphia pa 19134,8,30,0.00,0,,2026-09-15
nkcdc,nkcdc.org,apartment for rent commercial,8,50,0.27,0,2.18,2026-09-15
nkcdc,nkcdc.org,art grants philadelphia,8,40,0.06,24,16.27,2026-09-15
nkcdc,nkcdc.org,best home repair for senior citizens free near me,8,110,0.32,22,8.97,2026-09-15
nkcdc,nkcdc.org,betz frankford,8,70,0.02,0,,2026-09-15
nkcdc,nkcdc.org,betz plumbing supply,8,720,0.17,5,3.46,2026-09-15
nkcdc,nkcdc.org,betz plumbing supply frankford ave,8,30,0.03,0,26.50,2026-09-15
nkcdc,nkcdc.org,betz plumbing supply philadelphia pa,8,40,0.40,0,,2026-09-15
nkcdc,nkcdc.org,business in philadelphia pa,8,90,0.21,38,5.42,2026-09-15
nkcdc,nkcdc.org,circle thrift photos,8,50,0.00,4,,2026-09-15
nkcdc,nkcdc.org,cmx2,8,50,0.00,0,,2026-09-15
nkcdc,nkcdc.org,cohox rec center,8,70,0.01,0,,2026-09-15
nkcdc,nkcdc.org,dawa fishtown,8,90,0.02,0,,2026-09-15
nkcdc,nkcdc.org,entrepreneur works philadelphia,8,260,0.03,10,2.32,2026-09-15
nkcdc,nkcdc.org,first time home buyer webinar,8,30,0.25,0,,2026-09-15
nkcdc,nkcdc.org,frankford mini market,8,70,0.02,0,,2026-09-15
nkcdc,nkcdc.org,free food delivery philadelphia,8,90,0.33,2,3.16,2026-09-15
nkcdc,nkcdc.org,home improvement in philadelphia pa,8,320,0.83,0,8.63,2026-09-15
nkcdc,nkcdc.org,is kensington in north philly,8,170,0.00,6,,2026-09-15
nkcdc,nkcdc.org,jinxed furniture,8,30,0.90,0,1.12,2026-09-15
nkcdc,nkcdc.org,jinxed near me,8,390,0.02,0,0.03,2026-09-15
nkcdc,nkcdc.org,jinxed philadelphia,8,590,0.11,0,5.61,2026-09-15
nkcdc,nkcdc.org,jinxed philadelphia pa,8,590,0.11,0,5.61,2026-09-15
nkcdc,nkcdc.org,jinxed store,8,170,0.12,0,,2026-09-15
nkcdc,nkcdc.org,kensington,8,90500,0.05,29,4.91,2026-09-15
nkcdc,nkcdc.org,kensington america,8,30,0.00,10,,2026-09-15
nkcdc,nkcdc.org,kensington avenue and somerset street,8,50,0.00,0,,2026-09-15
nkcdc,nkcdc.org,kensington community center,8,480,0.01,0,,2026-09-15
nkcdc,nkcdc.org,kensington high schools,8,2900,0.02,0,4.03,2026-09-15
nkcdc,nkcdc.org,kensington mini market,8,50,0.00,0,,2026-09-15
nkcdc,nkcdc.org,kensington philadelphia demographics,8,40,0.00,5,,2026-09-15
nkcdc,nkcdc.org,kensington street festival,8,40,0.00,13,,2026-09-15
nkcdc,nkcdc.org,kensington usa,8,320,0.00,15,,2026-09-15
nkcdc,nkcdc.org,lin's garden philadelphia,8,70,0.12,0,,2026-09-15
nkcdc,nkcdc.org,lot for rent in philadelphia,8,30,0.27,0,1.00,2026-09-15
nkcdc,nkcdc.org,lot for rent philadelphia,8,30,0.27,0,1.00,2026-09-15
nkcdc,nkcdc.org,mcpherson community garden,8,40,0.01,0,,2026-09-15
nkcdc,nkcdc.org,middle schools philadelphia,8,880,0.12,7,6.47,2026-09-15
nkcdc,nkcdc.org,mixed use property for sale philadelphia,8,110,0.57,0,0.59,2026-09-15
nkcdc,nkcdc.org,non emergency number philadelphia,8,260,0.00,22,,2026-09-15
nkcdc,nkcdc.org,nut hut philly,8,30,0.00,0,,2026-09-15
nkcdc,nkcdc.org,nut hut saloon photos,8,20,0.00,0,,2026-09-15
nkcdc,nkcdc.org,office apartment for rent near me,8,30,0.52,9,2.36,2026-09-15
nkcdc,nkcdc.org,pa cdc,8,40,0.00,45,,2026-09-15
nkcdc,nkcdc.org,pawn shop kensington ave philadelphia,8,70,0.13,0,1.56,2026-09-15
nkcdc,nkcdc.org,penntown projects,8,90,0.00,0,,2026-09-15
nkcdc,nkcdc.org,philadelphia air management lab,8,30,0.04,0,,2026-09-15
nkcdc,nkcdc.org,philadelphia commercial real estate,8,720,0.43,1,3.20,2026-09-15
nkcdc,nkcdc.org,philadelphia drum and percussion,8,110,0.01,2,,2026-09-15
nkcdc,nkcdc.org,philadelphia first time home buyer,8,320,0.37,1,4.83,2026-09-15
nkcdc,nkcdc.org,philadelphia grants for individuals,8,40,0.12,0,7.29,2026-09-15
nkcdc,nkcdc.org,philadelphia home repair program,8,50,0.51,9,9.42,2026-09-15
nkcdc,nkcdc.org,philadelphia home repair programs,8,50,0.51,9,9.42,2026-09-15
nkcdc,nkcdc.org,philadelphia local businesses,8,30,0.11,0,,2026-09-15
nkcdc,nkcdc.org,philly first home,8,170,0.14,2,4.94,2026-09-15
nkcdc,nkcdc.org,philly first home program,8,880,0.14,9,7.11,2026-09-15
nkcdc,nkcdc.org,plumbing help for low income,8,30,0.86,5,1.63,2026-09-15
nkcdc,nkcdc.org,port richmond,8,14800,0.03,2,0.81,2026-09-15
nkcdc,nkcdc.org,retail space for lease in philadelphia,8,170,0.39,0,3.56,2026-09-15
nkcdc,nkcdc.org,retail space for lease philadelphia,8,30,0.61,0,3.23,2026-09-15
nkcdc,nkcdc.org,retail space for rent philadelphia,8,170,0.39,0,3.56,2026-09-15
nkcdc,nkcdc.org,richmond neighborhood association,8,50,0.03,0,,2026-09-15
nkcdc,nkcdc.org,rsa5 zoning,8,110,0.00,0,,2026-09-15
nkcdc,nkcdc.org,small business properties for rent,8,320,0.50,0,4.33,2026-09-15
nkcdc,nkcdc.org,small storefronts for rent philadelphia,8,30,0.49,0,1.62,2026-09-15
nkcdc,nkcdc.org,somerset train stations,8,140,0.01,0,0.28,2026-09-15
nkcdc,nkcdc.org,sports kingdom,8,480,0.04,4,17.86,2026-09-15
nkcdc,nkcdc.org,train stations in somerset,8,140,0.01,0,0.28,2026-09-15
nkcdc,nkcdc.org,voices in power philly,8,40,0.01,7,1.08,2026-09-15
nkcdc,nkcdc.org,wellness check philadelphia,8,30,0.03,28,,2026-09-15
nkcdc,nkcdc.org,where is kensington at,8,40,0.00,16,,2026-09-15
nkcdc,nkcdc.org,where is kensington philadelphia,8,390,0.00,5,,2026-09-15
nkcdc,nkcdc.org,where is kensington usa,8,20,0.00,11,,2026-09-15
nkcdc,nkcdc.org,1300 e palmer st philadelphia pa 19125,9,30,0.00,0,,2026-09-15
nkcdc,nkcdc.org,3380 richmond street,9,30,0.00,0,,2026-09-15
nkcdc,nkcdc.org,3380 richmond street philadelphia pa,9,30,0.01,0,,2026-09-15
nkcdc,nkcdc.org,apartments for rent commercial,9,50,0.27,0,2.18,2026-09-15
nkcdc,nkcdc.org,betz plumbing supply philadelphia,9,40,0.40,0,,2026-09-15
nkcdc,nkcdc.org,betz state road,9,50,0.01,0,,2026-09-15
nkcdc,nkcdc.org,cdc philadelphia,9,140,0.01,18,,2026-09-15
nkcdc,nkcdc.org,circle thrift shop,9,390,0.01,7,0.51,2026-09-15
nkcdc,nkcdc.org,commercial premises to lease,9,6600,0.39,0,2.23,2026-09-15
nkcdc,nkcdc.org,commercial real estate apartments,9,30,0.38,33,0.93,2026-09-15
nkcdc,nkcdc.org,community clean up supplies,9,50,0.00,0,,2026-09-15
nkcdc,nkcdc.org,down payment assistance philadelphia,9,40,0.31,2,6.22,2026-09-15
nkcdc,nkcdc.org,elementary schools in north philadelphia,9,30,0.06,0,,2026-09-15
nkcdc,nkcdc.org,first time home buyer philadelphia,9,260,0.59,1,6.08,2026-09-15
nkcdc,nkcdc.org,for lease by owner commercial,9,110,0.56,0,2.80,2026-09-15
nkcdc,nkcdc.org,free food for seniors in philadelphia,9,90,0.09,22,8.86,2026-09-15
nkcdc,nkcdc.org,free food philadelphia today,9,30,0.05,16,,2026-09-15
nkcdc,nkcdc.org,fresh to go philadelphia,9,30,0.12,0,,2026-09-15
nkcdc,nkcdc.org,gordos market,9,110,0.02,0,0.15,2026-09-15
nkcdc,nkcdc.org,hajimaru ramen,9,1900,0.04,0,2.75,2026-09-15
nkcdc,nkcdc.org,housing in philadelphia,9,110,0.76,58,3.69,2026-09-15
nkcdc,nkcdc.org,how to get free home repairs,9,30,0.41,27,9.35,2026-09-15
nkcdc,nkcdc.org,jinxed fishtown photos,9,40,0.00,0,,2026-09-15
nkcdc,nkcdc.org,jinxed vintage,9,30,0.02,0,,2026-09-15
nkcdc,nkcdc.org,joseph kelly law offices philadelphia photos,9,30,0.02,0,,2026-09-15
nkcdc,nkcdc.org,kensington and lehigh,9,110,0.01,0,,2026-09-15
nkcdc,nkcdc.org,kensington ave and somerset st,9,50,0.00,0,,2026-09-15
nkcdc,nkcdc.org,kensington businesses,9,40,0.08,0,3.65,2026-09-15
nkcdc,nkcdc.org,kensington city,9,260,0.00,21,,2026-09-15
nkcdc,nkcdc.org,kensington connection,9,70,0.00,8,,2026-09-15
nkcdc,nkcdc.org,kensington philadelphia 1980s,9,40,0.00,6,,2026-09-15
nkcdc,nkcdc.org,kensington plan,9,20,0.00,0,,2026-09-15
nkcdc,nkcdc.org,kim son nail supply,9,90,0.04,0,,2026-09-15
nkcdc,nkcdc.org,kim-son nail supply,9,90,0.04,0,,2026-09-15
nkcdc,nkcdc.org,low income rooms for rent in philadelphia no deposit,9,210,0.38,2,4.73,2026-09-15
nkcdc,nkcdc.org,low-income rooms for rent in philadelphia no deposit,9,210,0.38,2,4.73,2026-09-15
nkcdc,nkcdc.org,mechanic garage for rent in philadelphia,9,40,0.21,0,,2026-09-15
nkcdc,nkcdc.org,morris auto parts photos,9,40,0.03,1,3.99,2026-09-15
nkcdc,nkcdc.org,nourish en español,9,210,0.00,0,,2026-09-15
nkcdc,nkcdc.org,novastar pharmacy,9,260,0.00,0,,2026-09-15
nkcdc,nkcdc.org,penn treaty park events,9,30,0.00,0,1.61,2026-09-15
nkcdc,nkcdc.org,philadelphia drum,9,50,0.23,3,,2026-09-15
nkcdc,nkcdc.org,philadelphia public middle schools,9,50,0.35,3,0.56,2026-09-15
nkcdc,nkcdc.org,philly cleanup,9,30,0.25,0,,2026-09-15
nkcdc,nkcdc.org,philly drum,9,50,0.23,5,,2026-09-15
nkcdc,nkcdc.org,philly first home program application,9,40,0.41,3,10.88,2026-09-15
nkcdc,nkcdc.org,philly first time home buyer grant,9,90,0.25,0,5.44,2026-09-15
nkcdc,nkcdc.org,philly spring cleanup,9,90,0.00,0,,2026-09-15
nkcdc,nkcdc.org,philly spring cleanup 2026,9,50,0.00,0,,2026-09-15
nkcdc,nkcdc.org,r&r produce levittown pa,9,30,0.00,0,,2026-09-15
nkcdc,nkcdc.org,r&r produce photos,9,30,0.00,0,,2026-09-15
nkcdc,nkcdc.org,retail space in philadelphia,9,30,0.56,0,2.48,2026-09-15
nkcdc,nkcdc.org,schools near philadelphia pa,9,90,0.16,37,3.19,2026-09-15
nkcdc,nkcdc.org,small commercial properties for rent,9,3600,0.60,0,5.50,2026-09-15
nkcdc,nkcdc.org,small commercial space for rent philadelphia under $500,9,50,0.57,0,7.12,2026-09-15
nkcdc,nkcdc.org,storefronts for rent philadelphia,9,260,0.56,0,4.48,2026-09-15
nkcdc,nkcdc.org,thunderbird salvage philadelphia,9,140,0.00,0,,2026-09-15
nkcdc,nkcdc.org,what part of philly is kensington,9,110,0.00,4,,2026-09-15
nkcdc,nkcdc.org,what state is kensington in,9,110,0.00,14,,2026-09-15
nkcdc,nkcdc.org,when did kensington get bad,9,40,0.00,9,,2026-09-15
nkcdc,nkcdc.org,where is kensington,9,1900,0.00,15,6.38,2026-09-15
nkcdc,nkcdc.org,where is the kensington neighborhood in philadelphia,9,20,0.00,2,,2026-09-15
nkcdc,nkcdc.org,wm betz,9,30,0.15,0,,2026-09-15
nkcdc,nkcdc.org,19125 philadelphia,10,480,0.04,0,,2026-09-15
nkcdc,nkcdc.org,betz plumbing supply bensalem,10,50,0.05,0,,2026-09-15
nkcdc,nkcdc.org,circle thrift store,10,390,0.01,7,0.51,2026-09-15
nkcdc,nkcdc.org,comida gratis en philadelphia,10,30,0.13,7,9.78,2026-09-15
nkcdc,nkcdc.org,commercial premises to rent,10,12100,0.47,1,2.51,2026-09-15
nkcdc,nkcdc.org,efficiencies in philadelphia for rent,10,70,0.80,0,1.48,2026-09-15
nkcdc,nkcdc.org,emergency philadelphia,10,170,0.00,38,,2026-09-15
nkcdc,nkcdc.org,first time home buyer grants philadelphia,10,320,0.37,0,4.83,2026-09-15
nkcdc,nkcdc.org,first time home buyer programs philadelphia,10,390,0.48,0,4.58,2026-09-15
nkcdc,nkcdc.org,fishtown freeze,10,170,0.00,0,,2026-09-15
nkcdc,nkcdc.org,free food in philadelphia,10,390,0.18,17,4.14,2026-09-15
nkcdc,nkcdc.org,free fresh,10,30,0.00,45,,2026-09-15
nkcdc,nkcdc.org,free turkey giveaway in philadelphia 2025,10,110,,0,,2026-09-15
omega-landscaping,omegalandscapingandconcrete.com,omega landscaping,5,170,0.52,5,1.83,2026-09-15
omega-landscaping,omegalandscapingandconcrete.com,omega landscape construction,22,30,0.37,0,37.25,2026-09-15
omega-landscaping,omegalandscapingandconcrete.com,omega concrete,27,140,0.23,0,63.53,2026-09-15
replenish-7-eleven,getreplenish.com,replenish shakes,2,140,0.03,0,,2026-09-15
replenish-7-eleven,getreplenish.com,replenish,4,27100,0.03,19,3.15,2026-09-15
replenish-7-eleven,getreplenish.com,replenish nutrition,7,170,0.15,6,,2026-09-15
replenish-7-eleven,getreplenish.com,replenish supplements,7,260,1.00,1,0.81,2026-09-15
replenish-7-eleven,getreplenish.com,replenish soda,9,30,0.00,1,,2026-09-15
replenish-7-eleven,getreplenish.com,replenish nutrients,10,170,0.15,6,,2026-09-15
replenish-7-eleven,getreplenish.com,replenish picture,11,30,0.00,0,,2026-09-15
replenish-7-eleven,getreplenish.com,replenish bay city,15,30,0.00,0,,2026-09-15
replenish-7-eleven,getreplenish.com,replenishing supplies,17,30,0.00,0,,2026-09-15
replenish-7-eleven,getreplenish.com,how to replenish,18,50,0.02,11,,2026-09-15
replenish-7-eleven,getreplenish.com,replenish supplement,19,260,1.00,0,0.81,2026-09-15
replenish-7-eleven,getreplenish.com,replenish bottling,24,50,0.98,0,1.15,2026-09-15
replenish-7-eleven,getreplenish.com,replenish plus,27,50,0.02,4,,2026-09-15
replenish-7-eleven,getreplenish.com,replenishables,29,480,0.00,0,,2026-09-15
va-claims-edge,vaclaimsedge.com,operation veterans edge,10,70,0.02,0,16.51,2026-09-15
va-claims-edge,vaclaimsedge.com,edge claims,15,110,0.10,0,,2026-09-15
va-claims-edge,vaclaimsedge.com,edge claims llc,16,110,0.02,6,9.33,2026-09-15
zen-spa-tropicana,zenspatropicana.com,sea spa sanctuary at tropicana,2,320,0.36,0,1.53,2026-09-15
zen-spa-tropicana,zenspatropicana.com,sea spa sanctuary atlantic city,2,30,0.06,0,,2026-09-15
zen-spa-tropicana,zenspatropicana.com,tropicana ac spa,2,720,0.37,5,1.30,2026-09-15
zen-spa-tropicana,zenspatropicana.com,tropicana atlantic city spa packages,2,30,0.40,8,0.78,2026-09-15
zen-spa-tropicana,zenspatropicana.com,spa tropicana,5,720,0.37,0,1.30,2026-09-15
zen-spa-tropicana,zenspatropicana.com,sea spa tropicana,6,40,0.39,1,2.55,2026-09-15
zen-spa-tropicana,zenspatropicana.com,sea spa atlantic city,8,30,0.22,0,4.83,2026-09-15
zen-spa-tropicana,zenspatropicana.com,zen massage tropicana,8,20,0.71,12,4.42,2026-09-15
zen-spa-tropicana,zenspatropicana.com,zen spa nj,11,20,0.68,0,0.32,2026-09-15
zen-spa-tropicana,zenspatropicana.com,spa atlantic city,15,2900,0.63,15,1.06,2026-09-15
zen-spa-tropicana,zenspatropicana.com,zen spa ocean city md,18,30,0.01,0,,2026-09-15
zen-spa-tropicana,zenspatropicana.com,sea spa sanctuary at tropicana photos,19,40,0.00,0,,2026-09-15
zen-spa-tropicana,zenspatropicana.com,spa in atlantic city nj,23,2900,0.63,15,1.06,2026-09-15
zen-spa-tropicana,zenspatropicana.com,atlantic city spas,24,2900,0.63,15,1.06,2026-09-15
zen-spa-tropicana,zenspatropicana.com,massage near atlantic city,24,40,0.37,0,0.61,2026-09-15
zen-spa-tropicana,zenspatropicana.com,zen spa bridgewater,26,20,0.08,0,,2026-09-15
zen-spa-tropicana,zenspatropicana.com,atlantic city spa package deals,27,40,1.00,14,1.27,2026-09-15
zen-spa-tropicana,zenspatropicana.com,new osaka massage spa atlantic city,28,40,0.12,0,0.05,2026-09-15
zen-spa-tropicana,zenspatropicana.com,zona spa,28,20,0.10,32,,2026-09-15
zen-spa-tropicana,zenspatropicana.com,best spas in atlantic city,29,590,0.46,15,1.20,2026-09-15
zen-spa-tropicana,zenspatropicana.com,couples spa atlantic city,29,30,0.97,14,0.92,2026-09-15
zen-spa-tropicana,zenspatropicana.com,services offered by zen spa fenwick,30,30,0.06,0,,2026-09-15
