email,firstname,lastname,company,phone,website,city,state,jobtitle,lifecyclestage,hs_lead_status,hs_lead_source,hubspot_owner,priority,industry,franchise_brand,franchise_type,target_service,brand_domain,contact_name,role_type,email_type,source,source_url,accessed,region_priority,mx_status,notes
attalla@snapfitness.com,,,"Snap Fitness Attalla, AL",(256) 344-0373,https://www.snapfitness.com/us/gyms/attalla-al,Attalla,AL,Franchise location,Lead,New,Franchise Outreach,Jason Fallon,A,Fitness,Snap Fitness,Fitness,SEO / GBP / PPC / Web,snapfitness.com,,Franchise location,location_mailbox,Verified 2026-09-01 first-party Snap Fitness US gym locator,https://www.snapfitness.com/us/gyms/attalla-al,2026-09-01,AL,mx_ok,First-party location email from the official Snap Fitness US gym locator.
columbiana@snapfitness.com,,,"Snap Fitness Columbiana, AL",(205) 610-9291,https://www.snapfitness.com/us/gyms/columbiana-al,Columbiana,AL,Franchise location,Lead,New,Franchise Outreach,Jason Fallon,A,Fitness,Snap Fitness,Fitness,SEO / GBP / PPC / Web,snapfitness.com,,Franchise location,location_mailbox,Verified 2026-09-01 first-party Snap Fitness US gym locator,https://www.snapfitness.com/us/gyms/columbiana-al,2026-09-01,AL,mx_ok,First-party location email from the official Snap Fitness US gym locator.
glencoeal@snapfitness.com,,,"Snap Fitness Glencoe, AL",(256) 478-9991,https://www.snapfitness.com/us/gyms/glencoe-al-620-banks-st,Glencoe,AL,Franchise location,Lead,New,Franchise Outreach,Jason Fallon,A,Fitness,Snap Fitness,Fitness,SEO / GBP / PPC / Web,snapfitness.com,,Franchise location,location_mailbox,Verified 2026-09-01 first-party Snap Fitness US gym locator,https://www.snapfitness.com/us/gyms/glencoe-al-620-banks-st,2026-09-01,AL,mx_ok,First-party location email from the official Snap Fitness US gym locator.
moody@snapfitness.com,,,"Snap Fitness Moody, AL",(205) 640-5588,https://www.snapfitness.com/us/gyms/moody-al,Moody,AL,Franchise location,Lead,New,Franchise Outreach,Jason Fallon,A,Fitness,Snap Fitness,Fitness,SEO / GBP / PPC / Web,snapfitness.com,,Franchise location,location_mailbox,Verified 2026-09-01 first-party Snap Fitness US gym locator,https://www.snapfitness.com/us/gyms/moody-al,2026-09-01,AL,mx_ok,First-party location email from the official Snap Fitness US gym locator.
pellcity@snapfitness.com,,,"Snap Fitness Pell City, AL",(205) 338-7666,https://www.snapfitness.com/us/gyms/pell-city-al,Pell City,AL,Franchise location,Lead,New,Franchise Outreach,Jason Fallon,A,Fitness,Snap Fitness,Fitness,SEO / GBP / PPC / Web,snapfitness.com,,Franchise location,location_mailbox,Verified 2026-09-01 first-party Snap Fitness US gym locator,https://www.snapfitness.com/us/gyms/pell-city-al,2026-09-01,AL,mx_ok,First-party location email from the official Snap Fitness US gym locator.
sylacauga@snapfitness.com,,,"Snap Fitness Sylacauga, AL",(256) 369-1221,https://www.snapfitness.com/us/gyms/sylacauga-al,Sylacauga,AL,Franchise location,Lead,New,Franchise Outreach,Jason Fallon,A,Fitness,Snap Fitness,Fitness,SEO / GBP / PPC / Web,snapfitness.com,,Franchise location,location_mailbox,Verified 2026-09-01 first-party Snap Fitness US gym locator,https://www.snapfitness.com/us/gyms/sylacauga-al,2026-09-01,AL,mx_ok,First-party location email from the official Snap Fitness US gym locator.
talladega@snapfitness.com,,,"Snap Fitness Talladega, AL",(256) 474-0363,https://www.snapfitness.com/us/gyms/talladega-al,Talladega,AL,Franchise location,Lead,New,Franchise Outreach,Jason Fallon,A,Fitness,Snap Fitness,Fitness,SEO / GBP / PPC / Web,snapfitness.com,,Franchise location,location_mailbox,Verified 2026-09-01 first-party Snap Fitness US gym locator,https://www.snapfitness.com/us/gyms/talladega-al,2026-09-01,AL,mx_ok,First-party location email from the official Snap Fitness US gym locator.
crossett@snapfitness.com,,,"Snap Fitness Crossett, AR",(870) 298-4420,https://www.snapfitness.com/us/gyms/crossett-ar,Crossett,AR,Franchise location,Lead,New,Franchise Outreach,Jason Fallon,A,Fitness,Snap Fitness,Fitness,SEO / GBP / PPC / Web,snapfitness.com,,Franchise location,location_mailbox,Verified 2026-09-01 first-party Snap Fitness US gym locator,https://www.snapfitness.com/us/gyms/crossett-ar,2026-09-01,AR,mx_ok,First-party location email from the official Snap Fitness US gym locator.
dumas@snapfitness.com,,,"Snap Fitness Dumas, AR",(870) 493-3343,https://www.snapfitness.com/us/gyms/dumas-ar,Dumas,AR,Franchise location,Lead,New,Franchise Outreach,Jason Fallon,A,Fitness,Snap Fitness,Fitness,SEO / GBP / PPC / Web,snapfitness.com,,Franchise location,location_mailbox,Verified 2026-09-01 first-party Snap Fitness US gym locator,https://www.snapfitness.com/us/gyms/dumas-ar,2026-09-01,AR,mx_ok,First-party location email from the official Snap Fitness US gym locator.
rogersar@snapfitness.com,,,"Snap Fitness Rogers, AR",(479) 202-9930,https://www.snapfitness.com/us/gyms/rogers-ar,Rogers,AR,Franchise location,Lead,New,Franchise Outreach,Jason Fallon,A,Fitness,Snap Fitness,Fitness,SEO / GBP / PPC / Web,snapfitness.com,,Franchise location,location_mailbox,Verified 2026-09-01 first-party Snap Fitness US gym locator,https://www.snapfitness.com/us/gyms/rogers-ar,2026-09-01,AR,mx_ok,First-party location email from the official Snap Fitness US gym locator.
stuttgart@snapfitness.com,,,"Snap Fitness Stuttgart, AR",(870) 663-0049,https://www.snapfitness.com/us/gyms/stuttgart-ar,Stuttgart,AR,Franchise location,Lead,New,Franchise Outreach,Jason Fallon,A,Fitness,Snap Fitness,Fitness,SEO / GBP / PPC / Web,snapfitness.com,,Franchise location,location_mailbox,Verified 2026-09-01 first-party Snap Fitness US gym locator,https://www.snapfitness.com/us/gyms/stuttgart-ar,2026-09-01,AR,mx_ok,First-party location email from the official Snap Fitness US gym locator.
buckeye@snapfitness.com,,,"Snap Fitness Buckeye, AZ",(480) 745-2465,https://www.snapfitness.com/us/gyms/buckeye-az,Buckeye,AZ,Franchise location,Lead,New,Franchise Outreach,Jason Fallon,A,Fitness,Snap Fitness,Fitness,SEO / GBP / PPC / Web,snapfitness.com,,Franchise location,location_mailbox,Verified 2026-09-01 first-party Snap Fitness US gym locator,https://www.snapfitness.com/us/gyms/buckeye-az,2026-09-01,AZ,mx_ok,First-party location email from the official Snap Fitness US gym locator.
campverdeaz@snapfitness.com,,,"Snap Fitness Camp Verde, AZ",(928) 282-7627,https://www.snapfitness.com/us/gyms/camp-verde-az,Camp Verde,AZ,Franchise location,Lead,New,Franchise Outreach,Jason Fallon,A,Fitness,Snap Fitness,Fitness,SEO / GBP / PPC / Web,snapfitness.com,,Franchise location,location_mailbox,Verified 2026-09-01 first-party Snap Fitness US gym locator,https://www.snapfitness.com/us/gyms/camp-verde-az,2026-09-01,AZ,mx_ok,First-party location email from the official Snap Fitness US gym locator.
chinovalley@snapfitness.com,,,"Snap Fitness Chino Valley, AZ",(928) 776-0355,https://www.snapfitness.com/us/gyms/chino-valley-az,Chino Valley,AZ,Franchise location,Lead,New,Franchise Outreach,Jason Fallon,A,Fitness,Snap Fitness,Fitness,SEO / GBP / PPC / Web,snapfitness.com,,Franchise location,location_mailbox,Verified 2026-09-01 first-party Snap Fitness US gym locator,https://www.snapfitness.com/us/gyms/chino-valley-az,2026-09-01,AZ,mx_ok,First-party location email from the official Snap Fitness US gym locator.
cottonwoodaz@snapfitness.com,,,"Snap Fitness Cottonwood, AZ",(928) 649-1905,https://www.snapfitness.com/us/gyms/cottonwood-az,Cottonwood,AZ,Franchise location,Lead,New,Franchise Outreach,Jason Fallon,A,Fitness,Snap Fitness,Fitness,SEO / GBP / PPC / Web,snapfitness.com,,Franchise location,location_mailbox,Verified 2026-09-01 first-party Snap Fitness US gym locator,https://www.snapfitness.com/us/gyms/cottonwood-az,2026-09-01,AZ,mx_ok,First-party location email from the official Snap Fitness US gym locator.
flagstaff@snapfitness.com,,,"Snap Fitness Flagstaff, AZ",(928) 522-6600,https://www.snapfitness.com/us/gyms/flagstaff-az,Flagstaff,AZ,Franchise location,Lead,New,Franchise Outreach,Jason Fallon,A,Fitness,Snap Fitness,Fitness,SEO / GBP / PPC / Web,snapfitness.com,,Franchise location,location_mailbox,Verified 2026-09-01 first-party Snap Fitness US gym locator,https://www.snapfitness.com/us/gyms/flagstaff-az,2026-09-01,AZ,mx_ok,First-party location email from the official Snap Fitness US gym locator.
fountainhills@snapfitness.com,,,"Snap Fitness Fountain Hills, AZ",(480) 837-3901,https://www.snapfitness.com/us/gyms/fountain-hills-az,Fountain Hills,AZ,Franchise location,Lead,New,Franchise Outreach,Jason Fallon,A,Fitness,Snap Fitness,Fitness,SEO / GBP / PPC / Web,snapfitness.com,,Franchise location,location_mailbox,Verified 2026-09-01 first-party Snap Fitness US gym locator,https://www.snapfitness.com/us/gyms/fountain-hills-az,2026-09-01,AZ,mx_ok,First-party location email from the official Snap Fitness US gym locator.
lakehavasu@snapfitness.com,,,"Snap Fitness Lake Havasu City, AZ",(928) 889-1879,https://www.snapfitness.com/us/gyms/lake-havasucity-az,Lake Havasu City,AZ,Franchise location,Lead,New,Franchise Outreach,Jason Fallon,A,Fitness,Snap Fitness,Fitness,SEO / GBP / PPC / Web,snapfitness.com,,Franchise location,location_mailbox,Verified 2026-09-01 first-party Snap Fitness US gym locator,https://www.snapfitness.com/us/gyms/lake-havasucity-az,2026-09-01,AZ,mx_ok,First-party location email from the official Snap Fitness US gym locator.
prescottaz@snapfitness.com,,,"Snap Fitness Prescott, AZ",(928) 443-1309,https://www.snapfitness.com/us/gyms/prescott-az,Prescott,AZ,Franchise location,Lead,New,Franchise Outreach,Jason Fallon,A,Fitness,Snap Fitness,Fitness,SEO / GBP / PPC / Web,snapfitness.com,,Franchise location,location_mailbox,Verified 2026-09-01 first-party Snap Fitness US gym locator,https://www.snapfitness.com/us/gyms/prescott-az,2026-09-01,AZ,mx_ok,First-party location email from the official Snap Fitness US gym locator.
prescottvalley@snapfitness.com,,,"Snap Fitness Prescott Valley, AZ",(928) 277-4554,https://www.snapfitness.com/us/gyms/prescott-valley-az,Prescott Valley,AZ,Franchise location,Lead,New,Franchise Outreach,Jason Fallon,A,Fitness,Snap Fitness,Fitness,SEO / GBP / PPC / Web,snapfitness.com,,Franchise location,location_mailbox,Verified 2026-09-01 first-party Snap Fitness US gym locator,https://www.snapfitness.com/us/gyms/prescott-valley-az,2026-09-01,AZ,mx_ok,First-party location email from the official Snap Fitness US gym locator.
sedonavillage@snapfitness.com,,,"Snap Fitness Sedona-Village of Oak Creek, AZ",(928) 284-0554,https://www.snapfitness.com/us/gyms/sedona-village-of-oak-creek-az,Sedona,AZ,Franchise location,Lead,New,Franchise Outreach,Jason Fallon,A,Fitness,Snap Fitness,Fitness,SEO / GBP / PPC / Web,snapfitness.com,,Franchise location,location_mailbox,Verified 2026-09-01 first-party Snap Fitness US gym locator,https://www.snapfitness.com/us/gyms/sedona-village-of-oak-creek-az,2026-09-01,AZ,mx_ok,First-party location email from the official Snap Fitness US gym locator.
sedonawest@snapfitness.com,,,"Snap Fitness Sedona West, AZ",(928) 282-2139,https://www.snapfitness.com/us/gyms/sedona-west-az,Sedona,AZ,Franchise location,Lead,New,Franchise Outreach,Jason Fallon,A,Fitness,Snap Fitness,Fitness,SEO / GBP / PPC / Web,snapfitness.com,,Franchise location,location_mailbox,Verified 2026-09-01 first-party Snap Fitness US gym locator,https://www.snapfitness.com/us/gyms/sedona-west-az,2026-09-01,AZ,mx_ok,First-party location email from the official Snap Fitness US gym locator.
tayloraz@snapfitness.com,,,"Snap Fitness Taylor (Snowflake), AZ",(928) 457-2800,https://www.snapfitness.com/us/gyms/taylor-az-704-n-main-st,Taylor,AZ,Franchise location,Lead,New,Franchise Outreach,Jason Fallon,A,Fitness,Snap Fitness,Fitness,SEO / GBP / PPC / Web,snapfitness.com,,Franchise location,location_mailbox,Verified 2026-09-01 first-party Snap Fitness US gym locator,https://www.snapfitness.com/us/gyms/taylor-az-704-n-main-st,2026-09-01,AZ,mx_ok,First-party location email from the official Snap Fitness US gym locator.
maranaaz@snapfitness.com,,,"Snap Fitness Marana, AZ",(520) 400-4646,https://www.snapfitness.com/us/gyms/marana-az,Tucson,AZ,Franchise location,Lead,New,Franchise Outreach,Jason Fallon,A,Fitness,Snap Fitness,Fitness,SEO / GBP / PPC / Web,snapfitness.com,,Franchise location,location_mailbox,Verified 2026-09-01 first-party Snap Fitness US gym locator,https://www.snapfitness.com/us/gyms/marana-az,2026-09-01,AZ,mx_ok,First-party location email from the official Snap Fitness US gym locator.
tucsonsoutheast@snapfitness.com,,,"Snap Fitness Tucson, AZ",(520) 572-8788,https://www.snapfitness.com/us/gyms/tucson-houghton-az,Tucson,AZ,Franchise location,Lead,New,Franchise Outreach,Jason Fallon,A,Fitness,Snap Fitness,Fitness,SEO / GBP / PPC / Web,snapfitness.com,,Franchise location,location_mailbox,Verified 2026-09-01 first-party Snap Fitness US gym locator,https://www.snapfitness.com/us/gyms/tucson-houghton-az,2026-09-01,AZ,mx_ok,First-party location email from the official Snap Fitness US gym locator.
wickenburg@snapfitness.com,,,"Snap Fitness Wickenburg, AZ",(928) 232-4200,https://www.snapfitness.com/us/gyms/wickenburg-az,Wickenburg,AZ,Franchise location,Lead,New,Franchise Outreach,Jason Fallon,A,Fitness,Snap Fitness,Fitness,SEO / GBP / PPC / Web,snapfitness.com,,Franchise location,location_mailbox,Verified 2026-09-01 first-party Snap Fitness US gym locator,https://www.snapfitness.com/us/gyms/wickenburg-az,2026-09-01,AZ,mx_ok,First-party location email from the official Snap Fitness US gym locator.
winslow@snapfitness.com,,,"Snap Fitness Winslow, AZ",(928) 224-3030,https://www.snapfitness.com/us/gyms/winslow-az,Winslow,AZ,Franchise location,Lead,New,Franchise Outreach,Jason Fallon,A,Fitness,Snap Fitness,Fitness,SEO / GBP / PPC / Web,snapfitness.com,,Franchise location,location_mailbox,Verified 2026-09-01 first-party Snap Fitness US gym locator,https://www.snapfitness.com/us/gyms/winslow-az,2026-09-01,AZ,mx_ok,First-party location email from the official Snap Fitness US gym locator.
claytonca@snapfitness.com,,,"Snap Fitness Clayton, CA",(925) 276-3166,https://www.snapfitness.com/us/gyms/clayton-ca,Clayton,CA,Franchise location,Lead,New,Franchise Outreach,Jason Fallon,A,Fitness,Snap Fitness,Fitness,SEO / GBP / PPC / Web,snapfitness.com,,Franchise location,location_mailbox,Verified 2026-09-01 first-party Snap Fitness US gym locator,https://www.snapfitness.com/us/gyms/clayton-ca,2026-09-01,CA,mx_ok,First-party location email from the official Snap Fitness US gym locator.
eldoradohills@snapfitness.com,,,"Snap Fitness El Dorado Hills, CA",(916) 933-9448,https://www.snapfitness.com/us/gyms/el-dorado-hills-ca,El Dorado Hills,CA,Franchise location,Lead,New,Franchise Outreach,Jason Fallon,A,Fitness,Snap Fitness,Fitness,SEO / GBP / PPC / Web,snapfitness.com,,Franchise location,location_mailbox,Verified 2026-09-01 first-party Snap Fitness US gym locator,https://www.snapfitness.com/us/gyms/el-dorado-hills-ca,2026-09-01,CA,mx_ok,First-party location email from the official Snap Fitness US gym locator.
escalon@snapfitness.com,,,"Snap Fitness Escalon, CA",(209) 838-7517,https://www.snapfitness.com/us/gyms/escalon-ca,Escalon,CA,Franchise location,Lead,New,Franchise Outreach,Jason Fallon,A,Fitness,Snap Fitness,Fitness,SEO / GBP / PPC / Web,snapfitness.com,,Franchise location,location_mailbox,Verified 2026-09-01 first-party Snap Fitness US gym locator,https://www.snapfitness.com/us/gyms/escalon-ca,2026-09-01,CA,mx_ok,First-party location email from the official Snap Fitness US gym locator.
gilroyca@snapfitness.com,,,"Snap Fitness Gilroy, CA",(408) 848-8701,https://www.snapfitness.com/us/gyms/gilroy-ca,Gilroy,CA,Franchise location,Lead,New,Franchise Outreach,Jason Fallon,A,Fitness,Snap Fitness,Fitness,SEO / GBP / PPC / Web,snapfitness.com,,Franchise location,location_mailbox,Verified 2026-09-01 first-party Snap Fitness US gym locator,https://www.snapfitness.com/us/gyms/gilroy-ca,2026-09-01,CA,mx_ok,First-party location email from the official Snap Fitness US gym locator.
halfmoonbayca@snapfitness.com,,,"Snap Fitness Half Moon Bay, CA",(650) 726-4600,https://www.snapfitness.com/us/gyms/half-moon-bay-ca,Half Moon Bay,CA,Franchise location,Lead,New,Franchise Outreach,Jason Fallon,A,Fitness,Snap Fitness,Fitness,SEO / GBP / PPC / Web,snapfitness.com,,Franchise location,location_mailbox,Verified 2026-09-01 first-party Snap Fitness US gym locator,https://www.snapfitness.com/us/gyms/half-moon-bay-ca,2026-09-01,CA,mx_ok,First-party location email from the official Snap Fitness US gym locator.
losaltos@snapfitness.com,,,"Snap Fitness Los Altos, CA",(650) 948-5500,https://www.snapfitness.com/us/gyms/los-altos-ca,Los Altos,CA,Franchise location,Lead,New,Franchise Outreach,Jason Fallon,A,Fitness,Snap Fitness,Fitness,SEO / GBP / PPC / Web,snapfitness.com,,Franchise location,location_mailbox,Verified 2026-09-01 first-party Snap Fitness US gym locator,https://www.snapfitness.com/us/gyms/los-altos-ca,2026-09-01,CA,mx_ok,First-party location email from the official Snap Fitness US gym locator.
placerville@snapfitness.com,,,"Snap Fitness Placerville, CA",(530) 621-2777,https://www.snapfitness.com/us/gyms/placerville-ca,Placerville,CA,Franchise location,Lead,New,Franchise Outreach,Jason Fallon,A,Fitness,Snap Fitness,Fitness,SEO / GBP / PPC / Web,snapfitness.com,,Franchise location,location_mailbox,Verified 2026-09-01 first-party Snap Fitness US gym locator,https://www.snapfitness.com/us/gyms/placerville-ca,2026-09-01,CA,mx_ok,First-party location email from the official Snap Fitness US gym locator.
pollockpines@snapfitness.com,,,"Snap Fitness Pollock Pines, CA",(530) 344-7027,https://www.snapfitness.com/us/gyms/pollock-pines-ca,Pollock Pines,CA,Franchise location,Lead,New,Franchise Outreach,Jason Fallon,A,Fitness,Snap Fitness,Fitness,SEO / GBP / PPC / Web,snapfitness.com,,Franchise location,location_mailbox,Verified 2026-09-01 first-party Snap Fitness US gym locator,https://www.snapfitness.com/us/gyms/pollock-pines-ca,2026-09-01,CA,mx_ok,First-party location email from the official Snap Fitness US gym locator.
redwoodcity@snapfitness.com,,,"Snap Fitness Redwood City, CA",(650) 365-7627,https://www.snapfitness.com/us/gyms/redwood-city-ca,Redwood City,CA,Franchise location,Lead,New,Franchise Outreach,Jason Fallon,A,Fitness,Snap Fitness,Fitness,SEO / GBP / PPC / Web,snapfitness.com,,Franchise location,location_mailbox,Verified 2026-09-01 first-party Snap Fitness US gym locator,https://www.snapfitness.com/us/gyms/redwood-city-ca,2026-09-01,CA,mx_ok,First-party location email from the official Snap Fitness US gym locator.
sanmarino@snapfitness.com,,,"Snap Fitness San Marino Mission St, CA",(626) 639-3787,https://www.snapfitness.com/us/gyms/san-marino-ca,San Marino,CA,Franchise location,Lead,New,Franchise Outreach,Jason Fallon,A,Fitness,Snap Fitness,Fitness,SEO / GBP / PPC / Web,snapfitness.com,,Franchise location,location_mailbox,Verified 2026-09-01 first-party Snap Fitness US gym locator,https://www.snapfitness.com/us/gyms/san-marino-ca,2026-09-01,CA,mx_ok,First-party location email from the official Snap Fitness US gym locator.
sanmarinohuntington@snapfitness.com,,,"Snap Fitness San Marino Huntington, CA",(626) 234-2398,https://www.snapfitness.com/us/gyms/san-marino-huntington-drive-ca-2000-huntington-drive,San Marino,CA,Franchise location,Lead,New,Franchise Outreach,Jason Fallon,A,Fitness,Snap Fitness,Fitness,SEO / GBP / PPC / Web,snapfitness.com,,Franchise location,location_mailbox,Verified 2026-09-01 first-party Snap Fitness US gym locator,https://www.snapfitness.com/us/gyms/san-marino-huntington-drive-ca-2000-huntington-drive,2026-09-01,CA,mx_ok,First-party location email from the official Snap Fitness US gym locator.
santaclara@snapfitness.com,,,"Snap Fitness Santa Clara, CA",(408) 260-1111,https://www.snapfitness.com/us/gyms/santa-clara-ca,Santa Clara,CA,Franchise location,Lead,New,Franchise Outreach,Jason Fallon,A,Fitness,Snap Fitness,Fitness,SEO / GBP / PPC / Web,snapfitness.com,,Franchise location,location_mailbox,Verified 2026-09-01 first-party Snap Fitness US gym locator,https://www.snapfitness.com/us/gyms/santa-clara-ca,2026-09-01,CA,mx_ok,First-party location email from the official Snap Fitness US gym locator.
santaclarita@snapfitness.com,,,"Snap Fitness Santa Clarita, CA",(661) 424-2700,https://www.snapfitness.com/us/gyms/santa-clarita-ca,Santa Clarita,CA,Franchise location,Lead,New,Franchise Outreach,Jason Fallon,A,Fitness,Snap Fitness,Fitness,SEO / GBP / PPC / Web,snapfitness.com,,Franchise location,location_mailbox,Verified 2026-09-01 first-party Snap Fitness US gym locator,https://www.snapfitness.com/us/gyms/santa-clarita-ca,2026-09-01,CA,mx_ok,First-party location email from the official Snap Fitness US gym locator.
shinglesprings@snapfitness.com,,,"Snap Fitness Shingle Springs, CA",(530) 672-2777,https://www.snapfitness.com/us/gyms/shingle-springs-ca,Shingle Springs,CA,Franchise location,Lead,New,Franchise Outreach,Jason Fallon,A,Fitness,Snap Fitness,Fitness,SEO / GBP / PPC / Web,snapfitness.com,,Franchise location,location_mailbox,Verified 2026-09-01 first-party Snap Fitness US gym locator,https://www.snapfitness.com/us/gyms/shingle-springs-ca,2026-09-01,CA,mx_ok,First-party location email from the official Snap Fitness US gym locator.
simivalley@snapfitness.com,,,"Snap Fitness Simi Valley, CA",(820) 386-1360,https://www.snapfitness.com/us/gyms/simi-valley-ca,Simi Valley,CA,Franchise location,Lead,New,Franchise Outreach,Jason Fallon,A,Fitness,Snap Fitness,Fitness,SEO / GBP / PPC / Web,snapfitness.com,,Franchise location,location_mailbox,Verified 2026-09-01 first-party Snap Fitness US gym locator,https://www.snapfitness.com/us/gyms/simi-valley-ca,2026-09-01,CA,mx_ok,First-party location email from the official Snap Fitness US gym locator.
southpasadena@snapfitness.com,,,"Snap Fitness South Pasadena, CA",(626) 403-6463,https://www.snapfitness.com/us/gyms/south-pasadena-ca,South Pasadena,CA,Franchise location,Lead,New,Franchise Outreach,Jason Fallon,A,Fitness,Snap Fitness,Fitness,SEO / GBP / PPC / Web,snapfitness.com,,Franchise location,location_mailbox,Verified 2026-09-01 first-party Snap Fitness US gym locator,https://www.snapfitness.com/us/gyms/south-pasadena-ca,2026-09-01,CA,mx_ok,First-party location email from the official Snap Fitness US gym locator.
walnutcreekca@snapfitness.com,,,"Snap Fitness Walnut Creek, CA",(925) 938-8006,https://www.snapfitness.com/us/gyms/walnut-creek-ca,Walnut Creek,CA,Franchise location,Lead,New,Franchise Outreach,Jason Fallon,A,Fitness,Snap Fitness,Fitness,SEO / GBP / PPC / Web,snapfitness.com,,Franchise location,location_mailbox,Verified 2026-09-01 first-party Snap Fitness US gym locator,https://www.snapfitness.com/us/gyms/walnut-creek-ca,2026-09-01,CA,mx_ok,First-party location email from the official Snap Fitness US gym locator.
yubacity@snapfitness.com,,,"Snap Fitness Yuba City, CA",(530) 923-2360,https://www.snapfitness.com/us/gyms/yuba-city-ca-1707-colusa-hwy,Yuba City,CA,Franchise location,Lead,New,Franchise Outreach,Jason Fallon,A,Fitness,Snap Fitness,Fitness,SEO / GBP / PPC / Web,snapfitness.com,,Franchise location,location_mailbox,Verified 2026-09-01 first-party Snap Fitness US gym locator,https://www.snapfitness.com/us/gyms/yuba-city-ca-1707-colusa-hwy,2026-09-01,CA,mx_ok,First-party location email from the official Snap Fitness US gym locator.
canoncity@snapfitness.com,,,"Snap Fitness Canon City, CO",(719) 285-9132,https://www.snapfitness.com/us/gyms/canon-city-co,Canon City,CO,Franchise location,Lead,New,Franchise Outreach,Jason Fallon,A,Fitness,Snap Fitness,Fitness,SEO / GBP / PPC / Web,snapfitness.com,,Franchise location,location_mailbox,Verified 2026-09-01 first-party Snap Fitness US gym locator,https://www.snapfitness.com/us/gyms/canon-city-co,2026-09-01,CO,mx_ok,First-party location email from the official Snap Fitness US gym locator.
commercecity@snapfitness.com,,,"Snap Fitness Reunion, CO",(303) 289-7333,https://www.snapfitness.com/us/gyms/reunion-co,Commerce City,CO,Franchise location,Lead,New,Franchise Outreach,Jason Fallon,A,Fitness,Snap Fitness,Fitness,SEO / GBP / PPC / Web,snapfitness.com,,Franchise location,location_mailbox,Verified 2026-09-01 first-party Snap Fitness US gym locator,https://www.snapfitness.com/us/gyms/reunion-co,2026-09-01,CO,mx_ok,First-party location email from the official Snap Fitness US gym locator.
littleton@snapfitness.com,,,"Snap Fitness Littleton, CO",(720) 749-3958,https://www.snapfitness.com/us/gyms/littleton-co,Littleton,CO,Franchise location,Lead,New,Franchise Outreach,Jason Fallon,A,Fitness,Snap Fitness,Fitness,SEO / GBP / PPC / Web,snapfitness.com,,Franchise location,location_mailbox,Verified 2026-09-01 first-party Snap Fitness US gym locator,https://www.snapfitness.com/us/gyms/littleton-co,2026-09-01,CO,mx_ok,First-party location email from the official Snap Fitness US gym locator.
pueblowest@snapfitness.com,,,"Snap Fitness Pueblo West, CO",(719) 544-7627,https://www.snapfitness.com/us/gyms/pueblo-west-co,Pueblo,CO,Franchise location,Lead,New,Franchise Outreach,Jason Fallon,A,Fitness,Snap Fitness,Fitness,SEO / GBP / PPC / Web,snapfitness.com,,Franchise location,location_mailbox,Verified 2026-09-01 first-party Snap Fitness US gym locator,https://www.snapfitness.com/us/gyms/pueblo-west-co,2026-09-01,CO,mx_ok,First-party location email from the official Snap Fitness US gym locator.
roxborough@snapfitness.com,,,"Snap Fitness Roxborough, CO",(303) 904-7627,https://www.snapfitness.com/us/gyms/roxborough-co,Roxborough,CO,Franchise location,Lead,New,Franchise Outreach,Jason Fallon,A,Fitness,Snap Fitness,Fitness,SEO / GBP / PPC / Web,snapfitness.com,,Franchise location,location_mailbox,Verified 2026-09-01 first-party Snap Fitness US gym locator,https://www.snapfitness.com/us/gyms/roxborough-co,2026-09-01,CO,mx_ok,First-party location email from the official Snap Fitness US gym locator.
trinidad@snapfitness.com,,,"Snap Fitness Trinidad, CO",(719) 422-4733,https://www.snapfitness.com/us/gyms/trinidad-co,Trinidad,CO,Franchise location,Lead,New,Franchise Outreach,Jason Fallon,A,Fitness,Snap Fitness,Fitness,SEO / GBP / PPC / Web,snapfitness.com,,Franchise location,location_mailbox,Verified 2026-09-01 first-party Snap Fitness US gym locator,https://www.snapfitness.com/us/gyms/trinidad-co,2026-09-01,CO,mx_ok,First-party location email from the official Snap Fitness US gym locator.
betheldowntown@snapfitness.com,,,"Snap Fitness Bethel-Downtown, CT",(203) 683-4131,https://www.snapfitness.com/us/gyms/bethel-downtown-ct,Bethel,CT,Franchise location,Lead,New,Franchise Outreach,Jason Fallon,A,Fitness,Snap Fitness,Fitness,SEO / GBP / PPC / Web,snapfitness.com,,Franchise location,location_mailbox,Verified 2026-09-01 first-party Snap Fitness US gym locator,https://www.snapfitness.com/us/gyms/bethel-downtown-ct,2026-09-01,CT,mx_ok,First-party location email from the official Snap Fitness US gym locator.
clintonct@snapfitness.com,,,"Snap Fitness Clinton, CT",(860) 552-2018,https://www.snapfitness.com/us/gyms/clinton-ct,Clinton,CT,Franchise location,Lead,New,Franchise Outreach,Jason Fallon,A,Fitness,Snap Fitness,Fitness,SEO / GBP / PPC / Web,snapfitness.com,,Franchise location,location_mailbox,Verified 2026-09-01 first-party Snap Fitness US gym locator,https://www.snapfitness.com/us/gyms/clinton-ct,2026-09-01,CT,mx_ok,First-party location email from the official Snap Fitness US gym locator.
colchester@snapfitness.com,,,"Snap Fitness Colchester, CT",(860) 603-5060,https://www.snapfitness.com/us/gyms/colchester-ct,Colchester,CT,Franchise location,Lead,New,Franchise Outreach,Jason Fallon,A,Fitness,Snap Fitness,Fitness,SEO / GBP / PPC / Web,snapfitness.com,,Franchise location,location_mailbox,Verified 2026-09-01 first-party Snap Fitness US gym locator,https://www.snapfitness.com/us/gyms/colchester-ct,2026-09-01,CT,mx_ok,First-party location email from the official Snap Fitness US gym locator.
essexct@snapfitness.com,,,"Snap Fitness Essex, CT",(860) 767-0155,https://www.snapfitness.com/us/gyms/essex-ct,Essex,CT,Franchise location,Lead,New,Franchise Outreach,Jason Fallon,A,Fitness,Snap Fitness,Fitness,SEO / GBP / PPC / Web,snapfitness.com,,Franchise location,location_mailbox,Verified 2026-09-01 first-party Snap Fitness US gym locator,https://www.snapfitness.com/us/gyms/essex-ct,2026-09-01,CT,mx_ok,First-party location email from the official Snap Fitness US gym locator.
niantic@snapfitness.com,,,"Snap Fitness Niantic, CT",(860) 691-1140,https://www.snapfitness.com/us/gyms/niantic-ct,Niantic,CT,Franchise location,Lead,New,Franchise Outreach,Jason Fallon,A,Fitness,Snap Fitness,Fitness,SEO / GBP / PPC / Web,snapfitness.com,,Franchise location,location_mailbox,Verified 2026-09-01 first-party Snap Fitness US gym locator,https://www.snapfitness.com/us/gyms/niantic-ct,2026-09-01,CT,mx_ok,First-party location email from the official Snap Fitness US gym locator.
oldlyme@snapfitness.com,,,"Snap Fitness Old Lyme, CT",(860) 434-3332,https://www.snapfitness.com/us/gyms/old-lyme-ct,Old Lyme,CT,Franchise location,Lead,New,Franchise Outreach,Jason Fallon,A,Fitness,Snap Fitness,Fitness,SEO / GBP / PPC / Web,snapfitness.com,,Franchise location,location_mailbox,Verified 2026-09-01 first-party Snap Fitness US gym locator,https://www.snapfitness.com/us/gyms/old-lyme-ct,2026-09-01,CT,mx_ok,First-party location email from the official Snap Fitness US gym locator.
hockessin@snapfitness.com,,,"Snap Fitness Hockessin, DE",(302) 235-2180,https://www.snapfitness.com/us/gyms/hockessin-de,Hockessin,DE,Franchise location,Lead,New,Franchise Outreach,Jason Fallon,A,Fitness,Snap Fitness,Fitness,SEO / GBP / PPC / Web,snapfitness.com,,Franchise location,location_mailbox,Verified 2026-09-01 first-party Snap Fitness US gym locator,https://www.snapfitness.com/us/gyms/hockessin-de,2026-09-01,DE,mx_ok,First-party location email from the official Snap Fitness US gym locator.
smyrnade@snapfitness.com,,,"Snap Fitness Smyrna, DE",(302) 653-8023,https://www.snapfitness.com/us/gyms/smyrna-de,Smyrna,DE,Franchise location,Lead,New,Franchise Outreach,Jason Fallon,A,Fitness,Snap Fitness,Fitness,SEO / GBP / PPC / Web,snapfitness.com,,Franchise location,location_mailbox,Verified 2026-09-01 first-party Snap Fitness US gym locator,https://www.snapfitness.com/us/gyms/smyrna-de,2026-09-01,DE,mx_ok,First-party location email from the official Snap Fitness US gym locator.
fortwaltonbeach@snapfitness.com,,,"Snap Fitness Fort Walton Beach, FL",(850) 362-6019,https://www.snapfitness.com/us/gyms/fort-walton-beach-fl,Fort Walton Beach,FL,Franchise location,Lead,New,Franchise Outreach,Jason Fallon,A,Fitness,Snap Fitness,Fitness,SEO / GBP / PPC / Web,snapfitness.com,,Franchise location,location_mailbox,Verified 2026-09-01 first-party Snap Fitness US gym locator,https://www.snapfitness.com/us/gyms/fort-walton-beach-fl,2026-09-01,FL,mx_ok,First-party location email from the official Snap Fitness US gym locator.
jacksonvillefl@snapfitness.com,,,"Snap Fitness Jacksonville, FL",(904) 738-8325,https://www.snapfitness.com/us/gyms/jacksonville-fl,Jacksonville,FL,Franchise location,Lead,New,Franchise Outreach,Jason Fallon,A,Fitness,Snap Fitness,Fitness,SEO / GBP / PPC / Web,snapfitness.com,,Franchise location,location_mailbox,Verified 2026-09-01 first-party Snap Fitness US gym locator,https://www.snapfitness.com/us/gyms/jacksonville-fl,2026-09-01,FL,mx_ok,First-party location email from the official Snap Fitness US gym locator.
newsmyrnabeach@snapfitness.com,,,"Snap Fitness New Smyrna Beach, FL",(386) 402-4704,https://www.snapfitness.com/us/gyms/new-smyrna-beach-fl,New Smyrna Beach,FL,Franchise location,Lead,New,Franchise Outreach,Jason Fallon,A,Fitness,Snap Fitness,Fitness,SEO / GBP / PPC / Web,snapfitness.com,,Franchise location,location_mailbox,Verified 2026-09-01 first-party Snap Fitness US gym locator,https://www.snapfitness.com/us/gyms/new-smyrna-beach-fl,2026-09-01,FL,mx_ok,First-party location email from the official Snap Fitness US gym locator.
tampa@snapfitness.com,,,"Snap Fitness Tampa, FL",(813) 814-1984,https://www.snapfitness.com/us/gyms/tampa-fl,Westchase,FL,Franchise location,Lead,New,Franchise Outreach,Jason Fallon,A,Fitness,Snap Fitness,Fitness,SEO / GBP / PPC / Web,snapfitness.com,,Franchise location,location_mailbox,Verified 2026-09-01 first-party Snap Fitness US gym locator,https://www.snapfitness.com/us/gyms/tampa-fl,2026-09-01,FL,mx_ok,First-party location email from the official Snap Fitness US gym locator.
atlanta1@snapfitness.com,,,"Snap Fitness Atlanta - Glenwood Park, GA",(404) 627-8000,https://www.snapfitness.com/us/gyms/atlanta-glenwood-park-ga,Atlanta,GA,Franchise location,Lead,New,Franchise Outreach,Jason Fallon,A,Fitness,Snap Fitness,Fitness,SEO / GBP / PPC / Web,snapfitness.com,,Franchise location,location_mailbox,Verified 2026-09-01 first-party Snap Fitness US gym locator,https://www.snapfitness.com/us/gyms/atlanta-glenwood-park-ga,2026-09-01,GA,mx_ok,First-party location email from the official Snap Fitness US gym locator.
lavistawalk@snapfitness.com,,,"Snap Fitness Atlanta- LaVista Walk, GA",(404) 793-7398,https://www.snapfitness.com/us/gyms/atlanta-lavista-walk-ga,Atlanta,GA,Franchise location,Lead,New,Franchise Outreach,Jason Fallon,A,Fitness,Snap Fitness,Fitness,SEO / GBP / PPC / Web,snapfitness.com,,Franchise location,location_mailbox,Verified 2026-09-01 first-party Snap Fitness US gym locator,https://www.snapfitness.com/us/gyms/atlanta-lavista-walk-ga,2026-09-01,GA,mx_ok,First-party location email from the official Snap Fitness US gym locator.
vinings@snapfitness.com,,,"Snap Fitness Vinings, GA",(770) 693-9013,https://www.snapfitness.com/us/gyms/vinings-ga,Atlanta,GA,Franchise location,Lead,New,Franchise Outreach,Jason Fallon,A,Fitness,Snap Fitness,Fitness,SEO / GBP / PPC / Web,snapfitness.com,,Franchise location,location_mailbox,Verified 2026-09-01 first-party Snap Fitness US gym locator,https://www.snapfitness.com/us/gyms/vinings-ga,2026-09-01,GA,mx_ok,First-party location email from the official Snap Fitness US gym locator.
columbusga2@snapfitness.com,,,"Snap Fitness Columbus, GA",(706) 507-7627,https://www.snapfitness.com/us/gyms/columbus-ga,Columbus,GA,Franchise location,Lead,New,Franchise Outreach,Jason Fallon,A,Fitness,Snap Fitness,Fitness,SEO / GBP / PPC / Web,snapfitness.com,,Franchise location,location_mailbox,Verified 2026-09-01 first-party Snap Fitness US gym locator,https://www.snapfitness.com/us/gyms/columbus-ga,2026-09-01,GA,mx_ok,First-party location email from the official Snap Fitness US gym locator.
cumming@snapfitness.com,,,"Snap Fitness Cumming, GA",(678) 679-0072,https://www.snapfitness.com/us/gyms/cumming-ga,Cumming,GA,Franchise location,Lead,New,Franchise Outreach,Jason Fallon,A,Fitness,Snap Fitness,Fitness,SEO / GBP / PPC / Web,snapfitness.com,,Franchise location,location_mailbox,Verified 2026-09-01 first-party Snap Fitness US gym locator,https://www.snapfitness.com/us/gyms/cumming-ga,2026-09-01,GA,mx_ok,First-party location email from the official Snap Fitness US gym locator.
decaturga@snapfitness.com,,,"Snap Fitness Decatur, GA",(678) 705-1439,https://www.snapfitness.com/us/gyms/decatur-ga,Decatur,GA,Franchise location,Lead,New,Franchise Outreach,Jason Fallon,A,Fitness,Snap Fitness,Fitness,SEO / GBP / PPC / Web,snapfitness.com,,Franchise location,location_mailbox,Verified 2026-09-01 first-party Snap Fitness US gym locator,https://www.snapfitness.com/us/gyms/decatur-ga,2026-09-01,GA,mx_ok,First-party location email from the official Snap Fitness US gym locator.
fayetteville@snapfitness.com,,,"Snap Fitness Fayetteville, GA",(770) 268-0028,https://www.snapfitness.com/us/gyms/fayetteville-ga,Fayetteville,GA,Franchise location,Lead,New,Franchise Outreach,Jason Fallon,A,Fitness,Snap Fitness,Fitness,SEO / GBP / PPC / Web,snapfitness.com,,Franchise location,location_mailbox,Verified 2026-09-01 first-party Snap Fitness US gym locator,https://www.snapfitness.com/us/gyms/fayetteville-ga,2026-09-01,GA,mx_ok,First-party location email from the official Snap Fitness US gym locator.
hawkinsvillega@snapfitness.com,,,"Snap Fitness Hawkinsville, GA",(478) 302-0660,https://www.snapfitness.com/us/gyms/hawkinsville-ga,Hawkinsville,GA,Franchise location,Lead,New,Franchise Outreach,Jason Fallon,A,Fitness,Snap Fitness,Fitness,SEO / GBP / PPC / Web,snapfitness.com,,Franchise location,location_mailbox,Verified 2026-09-01 first-party Snap Fitness US gym locator,https://www.snapfitness.com/us/gyms/hawkinsville-ga,2026-09-01,GA,mx_ok,First-party location email from the official Snap Fitness US gym locator.
lilburn@snapfitness.com,,,"Snap Fitness Lilburn, GA",(770) 403-1142,https://www.snapfitness.com/us/gyms/lilburn-ga,Lilburn,GA,Franchise location,Lead,New,Franchise Outreach,Jason Fallon,A,Fitness,Snap Fitness,Fitness,SEO / GBP / PPC / Web,snapfitness.com,,Franchise location,location_mailbox,Verified 2026-09-01 first-party Snap Fitness US gym locator,https://www.snapfitness.com/us/gyms/lilburn-ga,2026-09-01,GA,mx_ok,First-party location email from the official Snap Fitness US gym locator.
newnanga@snapfitness.com,,,"Snap Fitness Newnan, GA",(770) 251-6900,https://www.snapfitness.com/us/gyms/newnan-ga,Newnan,GA,Franchise location,Lead,New,Franchise Outreach,Jason Fallon,A,Fitness,Snap Fitness,Fitness,SEO / GBP / PPC / Web,snapfitness.com,,Franchise location,location_mailbox,Verified 2026-09-01 first-party Snap Fitness US gym locator,https://www.snapfitness.com/us/gyms/newnan-ga,2026-09-01,GA,mx_ok,First-party location email from the official Snap Fitness US gym locator.
senoia@snapfitness.com,,,"Snap Fitness Senoia, GA",(770) 727-1003,https://www.snapfitness.com/us/gyms/senoia-ga,Senoia,GA,Franchise location,Lead,New,Franchise Outreach,Jason Fallon,A,Fitness,Snap Fitness,Fitness,SEO / GBP / PPC / Web,snapfitness.com,,Franchise location,location_mailbox,Verified 2026-09-01 first-party Snap Fitness US gym locator,https://www.snapfitness.com/us/gyms/senoia-ga,2026-09-01,GA,mx_ok,First-party location email from the official Snap Fitness US gym locator.
centervilleia@snapfitness.com,,,"Snap Fitness Centerville, IA",(641) 569-7005,https://www.snapfitness.com/us/gyms/centerville-ia,Centerville,IA,Franchise location,Lead,New,Franchise Outreach,Jason Fallon,A,Fitness,Snap Fitness,Fitness,SEO / GBP / PPC / Web,snapfitness.com,,Franchise location,location_mailbox,Verified 2026-09-01 first-party Snap Fitness US gym locator,https://www.snapfitness.com/us/gyms/centerville-ia,2026-09-01,IA,mx_ok,First-party location email from the official Snap Fitness US gym locator.
charlescity@snapfitness.com,,,"Snap Fitness Charles City, IA",(641) 330-2963,https://www.snapfitness.com/us/gyms/charles-city-ia,Charles City,IA,Franchise location,Lead,New,Franchise Outreach,Jason Fallon,A,Fitness,Snap Fitness,Fitness,SEO / GBP / PPC / Web,snapfitness.com,,Franchise location,location_mailbox,Verified 2026-09-01 first-party Snap Fitness US gym locator,https://www.snapfitness.com/us/gyms/charles-city-ia,2026-09-01,IA,mx_ok,First-party location email from the official Snap Fitness US gym locator.
leclaire@snapfitness.com,,,"Snap Fitness Le Claire, IA",(563) 289-2700,https://www.snapfitness.com/us/gyms/le-claire-ia,Le Claire,IA,Franchise location,Lead,New,Franchise Outreach,Jason Fallon,A,Fitness,Snap Fitness,Fitness,SEO / GBP / PPC / Web,snapfitness.com,,Franchise location,location_mailbox,Verified 2026-09-01 first-party Snap Fitness US gym locator,https://www.snapfitness.com/us/gyms/le-claire-ia,2026-09-01,IA,mx_ok,First-party location email from the official Snap Fitness US gym locator.
perry@snapfitness.com,,,"Snap Fitness Perry, IA",(515) 465-2848,https://www.snapfitness.com/us/gyms/perry-ia,Perry,IA,Franchise location,Lead,New,Franchise Outreach,Jason Fallon,A,Fitness,Snap Fitness,Fitness,SEO / GBP / PPC / Web,snapfitness.com,,Franchise location,location_mailbox,Verified 2026-09-01 first-party Snap Fitness US gym locator,https://www.snapfitness.com/us/gyms/perry-ia,2026-09-01,IA,mx_ok,First-party location email from the official Snap Fitness US gym locator.
siouxcenteria@snapfitness.com,,,"Snap Fitness Sioux Center, IA",(712) 722-2594,https://www.snapfitness.com/us/gyms/sioux-center-ia,Sioux Center,IA,Franchise location,Lead,New,Franchise Outreach,Jason Fallon,A,Fitness,Snap Fitness,Fitness,SEO / GBP / PPC / Web,snapfitness.com,,Franchise location,location_mailbox,Verified 2026-09-01 first-party Snap Fitness US gym locator,https://www.snapfitness.com/us/gyms/sioux-center-ia,2026-09-01,IA,mx_ok,First-party location email from the official Snap Fitness US gym locator.
spiritlake@snapfitness.com,,,"Snap Fitness Spirit Lake, IA",(712) 339-6061,https://www.snapfitness.com/us/gyms/spirit-lake-ia,Spirit Lake,IA,Franchise location,Lead,New,Franchise Outreach,Jason Fallon,A,Fitness,Snap Fitness,Fitness,SEO / GBP / PPC / Web,snapfitness.com,,Franchise location,location_mailbox,Verified 2026-09-01 first-party Snap Fitness US gym locator,https://www.snapfitness.com/us/gyms/spirit-lake-ia,2026-09-01,IA,mx_ok,First-party location email from the official Snap Fitness US gym locator.
webstercity@snapfitness.com,,,"Snap Fitness Webster City, IA",(515) 832-7965,https://www.snapfitness.com/us/gyms/webster-city-ia,Webster City,IA,Franchise location,Lead,New,Franchise Outreach,Jason Fallon,A,Fitness,Snap Fitness,Fitness,SEO / GBP / PPC / Web,snapfitness.com,,Franchise location,location_mailbox,Verified 2026-09-01 first-party Snap Fitness US gym locator,https://www.snapfitness.com/us/gyms/webster-city-ia,2026-09-01,IA,mx_ok,First-party location email from the official Snap Fitness US gym locator.
haydenlake@snapfitness.com,,,"Snap Fitness Hayden Lake, ID",(208) 209-7089,https://www.snapfitness.com/us/gyms/hayden-lake-id,Hayden,ID,Franchise location,Lead,New,Franchise Outreach,Jason Fallon,A,Fitness,Snap Fitness,Fitness,SEO / GBP / PPC / Web,snapfitness.com,,Franchise location,location_mailbox,Verified 2026-09-01 first-party Snap Fitness US gym locator,https://www.snapfitness.com/us/gyms/hayden-lake-id,2026-09-01,ID,mx_ok,First-party location email from the official Snap Fitness US gym locator.
lewiston@snapfitness.com,,,"Snap Fitness Lewiston, ID",(208) 746-7472,https://www.snapfitness.com/us/gyms/lewiston-id,Lewiston,ID,Franchise location,Lead,New,Franchise Outreach,Jason Fallon,A,Fitness,Snap Fitness,Fitness,SEO / GBP / PPC / Web,snapfitness.com,,Franchise location,location_mailbox,Verified 2026-09-01 first-party Snap Fitness US gym locator,https://www.snapfitness.com/us/gyms/lewiston-id,2026-09-01,ID,mx_ok,First-party location email from the official Snap Fitness US gym locator.
moscowid@snapfitness.com,,,"Snap Fitness Moscow, ID",(208) 553-9119,https://www.snapfitness.com/us/gyms/moscow-id-224-e-third-street,Moscow,ID,Franchise location,Lead,New,Franchise Outreach,Jason Fallon,A,Fitness,Snap Fitness,Fitness,SEO / GBP / PPC / Web,snapfitness.com,,Franchise location,location_mailbox,Verified 2026-09-01 first-party Snap Fitness US gym locator,https://www.snapfitness.com/us/gyms/moscow-id-224-e-third-street,2026-09-01,ID,mx_ok,First-party location email from the official Snap Fitness US gym locator.
auburn@snapfitness.com,,,"Snap Fitness Auburn, IL",(217) 438-4348,https://www.snapfitness.com/us/gyms/auburn-il,Auburn,IL,Franchise location,Lead,New,Franchise Outreach,Jason Fallon,A,Fitness,Snap Fitness,Fitness,SEO / GBP / PPC / Web,snapfitness.com,,Franchise location,location_mailbox,Verified 2026-09-01 first-party Snap Fitness US gym locator,https://www.snapfitness.com/us/gyms/auburn-il,2026-09-01,IL,mx_ok,First-party location email from the official Snap Fitness US gym locator.
chatham@snapfitness.com,,,"Snap Fitness Chatham, IL",(217) 483-5701,https://www.snapfitness.com/us/gyms/chatham-il,Chatham,IL,Franchise location,Lead,New,Franchise Outreach,Jason Fallon,A,Fitness,Snap Fitness,Fitness,SEO / GBP / PPC / Web,snapfitness.com,,Franchise location,location_mailbox,Verified 2026-09-01 first-party Snap Fitness US gym locator,https://www.snapfitness.com/us/gyms/chatham-il,2026-09-01,IL,mx_ok,First-party location email from the official Snap Fitness US gym locator.
westdundee@snapfitness.com,,,"Snap Fitness West Dundee, IL",(847) 551-3690,https://www.snapfitness.com/us/gyms/west-dundee-il,Dundee,IL,Franchise location,Lead,New,Franchise Outreach,Jason Fallon,A,Fitness,Snap Fitness,Fitness,SEO / GBP / PPC / Web,snapfitness.com,,Franchise location,location_mailbox,Verified 2026-09-01 first-party Snap Fitness US gym locator,https://www.snapfitness.com/us/gyms/west-dundee-il,2026-09-01,IL,mx_ok,First-party location email from the official Snap Fitness US gym locator.
eureka@snapfitness.com,,,"Snap Fitness Eureka, IL",(309) 467-9500,https://www.snapfitness.com/us/gyms/eureka-il,Eureka,IL,Franchise location,Lead,New,Franchise Outreach,Jason Fallon,A,Fitness,Snap Fitness,Fitness,SEO / GBP / PPC / Web,snapfitness.com,,Franchise location,location_mailbox,Verified 2026-09-01 first-party Snap Fitness US gym locator,https://www.snapfitness.com/us/gyms/eureka-il,2026-09-01,IL,mx_ok,First-party location email from the official Snap Fitness US gym locator.
hampshire@snapfitness.com,,,"Snap Fitness Hampshire, IL",(847) 683-3300,https://www.snapfitness.com/us/gyms/hampshire-il,Hampshire,IL,Franchise location,Lead,New,Franchise Outreach,Jason Fallon,A,Fitness,Snap Fitness,Fitness,SEO / GBP / PPC / Web,snapfitness.com,,Franchise location,location_mailbox,Verified 2026-09-01 first-party Snap Fitness US gym locator,https://www.snapfitness.com/us/gyms/hampshire-il,2026-09-01,IL,mx_ok,First-party location email from the official Snap Fitness US gym locator.
islandlake@snapfitness.com,,,"Snap Fitness Island Lake, IL",(847) 865-3111,https://www.snapfitness.com/us/gyms/island-lake-il,Island Lake,IL,Franchise location,Lead,New,Franchise Outreach,Jason Fallon,A,Fitness,Snap Fitness,Fitness,SEO / GBP / PPC / Web,snapfitness.com,,Franchise location,location_mailbox,Verified 2026-09-01 first-party Snap Fitness US gym locator,https://www.snapfitness.com/us/gyms/island-lake-il,2026-09-01,IL,mx_ok,First-party location email from the official Snap Fitness US gym locator.
jerseyville@snapfitness.com,,,"Snap Fitness Jerseyville, IL",(618) 498-7330,https://www.snapfitness.com/us/gyms/jerseyville-il,Jerseyville,IL,Franchise location,Lead,New,Franchise Outreach,Jason Fallon,A,Fitness,Snap Fitness,Fitness,SEO / GBP / PPC / Web,snapfitness.com,,Franchise location,location_mailbox,Verified 2026-09-01 first-party Snap Fitness US gym locator,https://www.snapfitness.com/us/gyms/jerseyville-il,2026-09-01,IL,mx_ok,First-party location email from the official Snap Fitness US gym locator.
lakevilla@snapfitness.com,,,"Snap Fitness Lake Villa, IL",(847) 838-1299,https://www.snapfitness.com/us/gyms/lake-villa-il,Lake Villa,IL,Franchise location,Lead,New,Franchise Outreach,Jason Fallon,A,Fitness,Snap Fitness,Fitness,SEO / GBP / PPC / Web,snapfitness.com,,Franchise location,location_mailbox,Verified 2026-09-01 first-party Snap Fitness US gym locator,https://www.snapfitness.com/us/gyms/lake-villa-il,2026-09-01,IL,mx_ok,First-party location email from the official Snap Fitness US gym locator.
marengo@snapfitness.com,,,"Snap Fitness Marengo, IL",(815) 568-6000,https://www.snapfitness.com/us/gyms/marengo-il,Marengo,IL,Franchise location,Lead,New,Franchise Outreach,Jason Fallon,A,Fitness,Snap Fitness,Fitness,SEO / GBP / PPC / Web,snapfitness.com,,Franchise location,location_mailbox,Verified 2026-09-01 first-party Snap Fitness US gym locator,https://www.snapfitness.com/us/gyms/marengo-il,2026-09-01,IL,mx_ok,First-party location email from the official Snap Fitness US gym locator.
roundlakeil@snapfitness.com,,,"Snap Fitness Round Lake, IL",(847) 740-7627,https://www.snapfitness.com/us/gyms/round-lake-belvidere-il,Round Lake,IL,Franchise location,Lead,New,Franchise Outreach,Jason Fallon,A,Fitness,Snap Fitness,Fitness,SEO / GBP / PPC / Web,snapfitness.com,,Franchise location,location_mailbox,Verified 2026-09-01 first-party Snap Fitness US gym locator,https://www.snapfitness.com/us/gyms/round-lake-belvidere-il,2026-09-01,IL,mx_ok,First-party location email from the official Snap Fitness US gym locator.
roundlake2@snapfitness.com,,,"Snap Fitness Round Lake Beach, IL",(847) 546-1400,https://www.snapfitness.com/us/gyms/rollins-road,Round Lake Beach,IL,Franchise location,Lead,New,Franchise Outreach,Jason Fallon,A,Fitness,Snap Fitness,Fitness,SEO / GBP / PPC / Web,snapfitness.com,,Franchise location,location_mailbox,Verified 2026-09-01 first-party Snap Fitness US gym locator,https://www.snapfitness.com/us/gyms/rollins-road,2026-09-01,IL,mx_ok,First-party location email from the official Snap Fitness US gym locator.
sherman@snapfitness.com,,,"Snap Fitness Sherman, IL",(217) 381-4951,https://www.snapfitness.com/us/gyms/sherman-il,Sherman,IL,Franchise location,Lead,New,Franchise Outreach,Jason Fallon,A,Fitness,Snap Fitness,Fitness,SEO / GBP / PPC / Web,snapfitness.com,,Franchise location,location_mailbox,Verified 2026-09-01 first-party Snap Fitness US gym locator,https://www.snapfitness.com/us/gyms/sherman-il,2026-09-01,IL,mx_ok,First-party location email from the official Snap Fitness US gym locator.
springfield@snapfitness.com,,,"Snap Fitness Springfield, IL",(217) 679-0081,https://www.snapfitness.com/us/gyms/springfield-il,Springfield,IL,Franchise location,Lead,New,Franchise Outreach,Jason Fallon,A,Fitness,Snap Fitness,Fitness,SEO / GBP / PPC / Web,snapfitness.com,,Franchise location,location_mailbox,Verified 2026-09-01 first-party Snap Fitness US gym locator,https://www.snapfitness.com/us/gyms/springfield-il,2026-09-01,IL,mx_ok,First-party location email from the official Snap Fitness US gym locator.
woodstockil@snapfitness.com,,,"Snap Fitness Woodstock, IL",(815) 338-7627,https://www.snapfitness.com/us/gyms/woodstock-il,Woodstock,IL,Franchise location,Lead,New,Franchise Outreach,Jason Fallon,A,Fitness,Snap Fitness,Fitness,SEO / GBP / PPC / Web,snapfitness.com,,Franchise location,location_mailbox,Verified 2026-09-01 first-party Snap Fitness US gym locator,https://www.snapfitness.com/us/gyms/woodstock-il,2026-09-01,IL,mx_ok,First-party location email from the official Snap Fitness US gym locator.
westfield@snapfitness.com,,,"Snap Fitness Westfield, IN",(317) 867-7627,https://www.snapfitness.com/us/gyms/westfield-in,Westfield,IN,Franchise location,Lead,New,Franchise Outreach,Jason Fallon,A,Fitness,Snap Fitness,Fitness,SEO / GBP / PPC / Web,snapfitness.com,,Franchise location,location_mailbox,Verified 2026-09-01 first-party Snap Fitness US gym locator,https://www.snapfitness.com/us/gyms/westfield-in,2026-09-01,IN,mx_ok,First-party location email from the official Snap Fitness US gym locator.
atchisonks@snapfitness.com,,,"Snap Fitness Atchison, KS",(913) 367-1511,https://www.snapfitness.com/us/gyms/atchison-ks,Atchison,KS,Franchise location,Lead,New,Franchise Outreach,Jason Fallon,A,Fitness,Snap Fitness,Fitness,SEO / GBP / PPC / Web,snapfitness.com,,Franchise location,location_mailbox,Verified 2026-09-01 first-party Snap Fitness US gym locator,https://www.snapfitness.com/us/gyms/atchison-ks,2026-09-01,KS,mx_ok,First-party location email from the official Snap Fitness US gym locator.
basehor@snapfitness.com,,,"Snap Fitness Basehor, KS",(913) 724-2424,https://www.snapfitness.com/us/gyms/basehor-ks,Basehor,KS,Franchise location,Lead,New,Franchise Outreach,Jason Fallon,A,Fitness,Snap Fitness,Fitness,SEO / GBP / PPC / Web,snapfitness.com,,Franchise location,location_mailbox,Verified 2026-09-01 first-party Snap Fitness US gym locator,https://www.snapfitness.com/us/gyms/basehor-ks,2026-09-01,KS,mx_ok,First-party location email from the official Snap Fitness US gym locator.
shawnee@snapfitness.com,,,"Snap Fitness Shawnee, KS",(913) 441-9496,https://www.snapfitness.com/us/gyms/shawnee-ks,Shawnee,KS,Franchise location,Lead,New,Franchise Outreach,Jason Fallon,A,Fitness,Snap Fitness,Fitness,SEO / GBP / PPC / Web,snapfitness.com,,Franchise location,location_mailbox,Verified 2026-09-01 first-party Snap Fitness US gym locator,https://www.snapfitness.com/us/gyms/shawnee-ks,2026-09-01,KS,mx_ok,First-party location email from the official Snap Fitness US gym locator.
benton@snapfitness.com,,,"Snap Fitness Benton, KY",(270) 387-0124,https://www.snapfitness.com/us/gyms/benton-ky,Benton,KY,Franchise location,Lead,New,Franchise Outreach,Jason Fallon,A,Fitness,Snap Fitness,Fitness,SEO / GBP / PPC / Web,snapfitness.com,,Franchise location,location_mailbox,Verified 2026-09-01 first-party Snap Fitness US gym locator,https://www.snapfitness.com/us/gyms/benton-ky,2026-09-01,KY,mx_ok,First-party location email from the official Snap Fitness US gym locator.
calvertcity@snapfitness.com,,,"Snap Fitness Calvert City, KY",(270) 387-0124,https://www.snapfitness.com/us/gyms/calvert-city-ky-888-5th-ave,Calvert City,KY,Franchise location,Lead,New,Franchise Outreach,Jason Fallon,A,Fitness,Snap Fitness,Fitness,SEO / GBP / PPC / Web,snapfitness.com,,Franchise location,location_mailbox,Verified 2026-09-01 first-party Snap Fitness US gym locator,https://www.snapfitness.com/us/gyms/calvert-city-ky-888-5th-ave,2026-09-01,KY,mx_ok,First-party location email from the official Snap Fitness US gym locator.
hebron@snapfitness.com,,,"Snap Fitness Hebron, KY",(859) 586-6100,https://www.snapfitness.com/us/gyms/hebron-ky,Hebron,KY,Franchise location,Lead,New,Franchise Outreach,Jason Fallon,A,Fitness,Snap Fitness,Fitness,SEO / GBP / PPC / Web,snapfitness.com,,Franchise location,location_mailbox,Verified 2026-09-01 first-party Snap Fitness US gym locator,https://www.snapfitness.com/us/gyms/hebron-ky,2026-09-01,KY,mx_ok,First-party location email from the official Snap Fitness US gym locator.
hodgenville@snapfitness.com,,,"Snap Fitness Hodgenville, KY",(270) 358-6059,https://www.snapfitness.com/us/gyms/hodgenville-ky,Hodgenville,KY,Franchise location,Lead,New,Franchise Outreach,Jason Fallon,A,Fitness,Snap Fitness,Fitness,SEO / GBP / PPC / Web,snapfitness.com,,Franchise location,location_mailbox,Verified 2026-09-01 first-party Snap Fitness US gym locator,https://www.snapfitness.com/us/gyms/hodgenville-ky,2026-09-01,KY,mx_ok,First-party location email from the official Snap Fitness US gym locator.
lexingtonky@snapfitness.com,,,"Snap Fitness Lexington, KY",(859) 271-8210,https://www.snapfitness.com/us/gyms/lexington-ky,Lexington,KY,Franchise location,Lead,New,Franchise Outreach,Jason Fallon,A,Fitness,Snap Fitness,Fitness,SEO / GBP / PPC / Web,snapfitness.com,,Franchise location,location_mailbox,Verified 2026-09-01 first-party Snap Fitness US gym locator,https://www.snapfitness.com/us/gyms/lexington-ky,2026-09-01,KY,mx_ok,First-party location email from the official Snap Fitness US gym locator.
abbeville@snapfitness.com,,,"Snap Fitness Abbeville, LA",(337) 893-0009,https://www.snapfitness.com/us/gyms/abbeville-la,Abbeville,LA,Franchise location,Lead,New,Franchise Outreach,Jason Fallon,A,Fitness,Snap Fitness,Fitness,SEO / GBP / PPC / Web,snapfitness.com,,Franchise location,location_mailbox,Verified 2026-09-01 first-party Snap Fitness US gym locator,https://www.snapfitness.com/us/gyms/abbeville-la,2026-09-01,LA,mx_ok,First-party location email from the official Snap Fitness US gym locator.
bogalusa@snapfitness.com,,,"Snap Fitness Bogalusa, LA",(985) 732-1774,https://www.snapfitness.com/us/gyms/bogalusa-la,Bogalusa,LA,Franchise location,Lead,New,Franchise Outreach,Jason Fallon,A,Fitness,Snap Fitness,Fitness,SEO / GBP / PPC / Web,snapfitness.com,,Franchise location,location_mailbox,Verified 2026-09-01 first-party Snap Fitness US gym locator,https://www.snapfitness.com/us/gyms/bogalusa-la,2026-09-01,LA,mx_ok,First-party location email from the official Snap Fitness US gym locator.
broussardla@snapfitness.com,,,"Snap Fitness Broussard, LA",(337) 839-8277,https://www.snapfitness.com/us/gyms/broussard-la,Broussard,LA,Franchise location,Lead,New,Franchise Outreach,Jason Fallon,A,Fitness,Snap Fitness,Fitness,SEO / GBP / PPC / Web,snapfitness.com,,Franchise location,location_mailbox,Verified 2026-09-01 first-party Snap Fitness US gym locator,https://www.snapfitness.com/us/gyms/broussard-la,2026-09-01,LA,mx_ok,First-party location email from the official Snap Fitness US gym locator.
denhamsprings@snapfitness.com,,,"Snap Fitness Denham Springs, LA",(225) 665-0272,https://www.snapfitness.com/us/gyms/denham-springs-la,Denham Springs,LA,Franchise location,Lead,New,Franchise Outreach,Jason Fallon,A,Fitness,Snap Fitness,Fitness,SEO / GBP / PPC / Web,snapfitness.com,,Franchise location,location_mailbox,Verified 2026-09-01 first-party Snap Fitness US gym locator,https://www.snapfitness.com/us/gyms/denham-springs-la,2026-09-01,LA,mx_ok,First-party location email from the official Snap Fitness US gym locator.
watson@snapfitness.com,,,"Snap Fitness Watson, LA",(225) 791-0100,https://www.snapfitness.com/us/gyms/watson-la,Denham Springs,LA,Franchise location,Lead,New,Franchise Outreach,Jason Fallon,A,Fitness,Snap Fitness,Fitness,SEO / GBP / PPC / Web,snapfitness.com,,Franchise location,location_mailbox,Verified 2026-09-01 first-party Snap Fitness US gym locator,https://www.snapfitness.com/us/gyms/watson-la,2026-09-01,LA,mx_ok,First-party location email from the official Snap Fitness US gym locator.
galvez@snapfitness.com,,,"Snap Fitness Prairieville-Galvez, LA",(225) 622-7627,https://www.snapfitness.com/us/gyms/prairieville-galvez-la,Galvez,LA,Franchise location,Lead,New,Franchise Outreach,Jason Fallon,A,Fitness,Snap Fitness,Fitness,SEO / GBP / PPC / Web,snapfitness.com,,Franchise location,location_mailbox,Verified 2026-09-01 first-party Snap Fitness US gym locator,https://www.snapfitness.com/us/gyms/prairieville-galvez-la,2026-09-01,LA,mx_ok,First-party location email from the official Snap Fitness US gym locator.
gonzales2@snapfitness.com,,,"Snap Fitness Gonzales - Pelican Point, LA",(225) 773-6308,https://www.snapfitness.com/us/gyms/gonzales-pelican-point-la,Gonzales,LA,Franchise location,Lead,New,Franchise Outreach,Jason Fallon,A,Fitness,Snap Fitness,Fitness,SEO / GBP / PPC / Web,snapfitness.com,,Franchise location,location_mailbox,Verified 2026-09-01 first-party Snap Fitness US gym locator,https://www.snapfitness.com/us/gyms/gonzales-pelican-point-la,2026-09-01,LA,mx_ok,First-party location email from the official Snap Fitness US gym locator.
gonzaleseastcreek@snapfitness.com,,,"Snap Fitness Gonzales East Creek, LA",(225) 622-9999,https://www.snapfitness.com/us/gyms/gonzales-la,Gonzales,LA,Franchise location,Lead,New,Franchise Outreach,Jason Fallon,A,Fitness,Snap Fitness,Fitness,SEO / GBP / PPC / Web,snapfitness.com,,Franchise location,location_mailbox,Verified 2026-09-01 first-party Snap Fitness US gym locator,https://www.snapfitness.com/us/gyms/gonzales-la,2026-09-01,LA,mx_ok,First-party location email from the official Snap Fitness US gym locator.
central@snapfitness.com,,,"Snap Fitness Central, LA",(225) 261-6119,https://www.snapfitness.com/us/gyms/central-la,Greenwell Springs,LA,Franchise location,Lead,New,Franchise Outreach,Jason Fallon,A,Fitness,Snap Fitness,Fitness,SEO / GBP / PPC / Web,snapfitness.com,,Franchise location,location_mailbox,Verified 2026-09-01 first-party Snap Fitness US gym locator,https://www.snapfitness.com/us/gyms/central-la,2026-09-01,LA,mx_ok,First-party location email from the official Snap Fitness US gym locator.
greenwellsprings@snapfitness.com,,,"Snap Fitness Central/Greenwell Springs, LA",(225) 261-5008,https://www.snapfitness.com/us/gyms/central,Greenwell Springs,LA,Franchise location,Lead,New,Franchise Outreach,Jason Fallon,A,Fitness,Snap Fitness,Fitness,SEO / GBP / PPC / Web,snapfitness.com,,Franchise location,location_mailbox,Verified 2026-09-01 first-party Snap Fitness US gym locator,https://www.snapfitness.com/us/gyms/central,2026-09-01,LA,mx_ok,First-party location email from the official Snap Fitness US gym locator.
harvey@snapfitness.com,,,"Snap Fitness Harvey, LA",(504) 301-1289,https://www.snapfitness.com/us/gyms/harvey-la,Harvey,LA,Franchise location,Lead,New,Franchise Outreach,Jason Fallon,A,Fitness,Snap Fitness,Fitness,SEO / GBP / PPC / Web,snapfitness.com,,Franchise location,location_mailbox,Verified 2026-09-01 first-party Snap Fitness US gym locator,https://www.snapfitness.com/us/gyms/harvey-la,2026-09-01,LA,mx_ok,First-party location email from the official Snap Fitness US gym locator.
kenner@snapfitness.com,,,"Snap Fitness Kenner, LA",(504) 305-6220,https://www.snapfitness.com/us/gyms/kenner-la,Kenner,LA,Franchise location,Lead,New,Franchise Outreach,Jason Fallon,A,Fitness,Snap Fitness,Fitness,SEO / GBP / PPC / Web,snapfitness.com,,Franchise location,location_mailbox,Verified 2026-09-01 first-party Snap Fitness US gym locator,https://www.snapfitness.com/us/gyms/kenner-la,2026-09-01,LA,mx_ok,First-party location email from the official Snap Fitness US gym locator.
lafayettela@snapfitness.com,,,"Snap Fitness Lafayette, LA",(337) 456-7983,https://www.snapfitness.com/us/gyms/lafayette-congress-la,Lafayette,LA,Franchise location,Lead,New,Franchise Outreach,Jason Fallon,A,Fitness,Snap Fitness,Fitness,SEO / GBP / PPC / Web,snapfitness.com,,Franchise location,location_mailbox,Verified 2026-09-01 first-party Snap Fitness US gym locator,https://www.snapfitness.com/us/gyms/lafayette-congress-la,2026-09-01,LA,mx_ok,First-party location email from the official Snap Fitness US gym locator.
lakecharlesla@snapfitness.com,,,"Snap Fitness Lake Charles, LA",(337) 478-4525,https://www.snapfitness.com/us/gyms/lake-charles-la,Lake Charles,LA,Franchise location,Lead,New,Franchise Outreach,Jason Fallon,A,Fitness,Snap Fitness,Fitness,SEO / GBP / PPC / Web,snapfitness.com,,Franchise location,location_mailbox,Verified 2026-09-01 first-party Snap Fitness US gym locator,https://www.snapfitness.com/us/gyms/lake-charles-la,2026-09-01,LA,mx_ok,First-party location email from the official Snap Fitness US gym locator.
luling@snapfitness.com,,,"Snap Fitness Luling, LA",(985) 785-1718,https://www.snapfitness.com/us/gyms/luling-la,Luling,LA,Franchise location,Lead,New,Franchise Outreach,Jason Fallon,A,Fitness,Snap Fitness,Fitness,SEO / GBP / PPC / Web,snapfitness.com,,Franchise location,location_mailbox,Verified 2026-09-01 first-party Snap Fitness US gym locator,https://www.snapfitness.com/us/gyms/luling-la,2026-09-01,LA,mx_ok,First-party location email from the official Snap Fitness US gym locator.
maurice@snapfitness.com,,,"Snap Fitness Maurice, LA",(337) 385-1996,https://www.snapfitness.com/us/gyms/maurice-la,Maurice,LA,Franchise location,Lead,New,Franchise Outreach,Jason Fallon,A,Fitness,Snap Fitness,Fitness,SEO / GBP / PPC / Web,snapfitness.com,,Franchise location,location_mailbox,Verified 2026-09-01 first-party Snap Fitness US gym locator,https://www.snapfitness.com/us/gyms/maurice-la,2026-09-01,LA,mx_ok,First-party location email from the official Snap Fitness US gym locator.
lakeview@snapfitness.com,,,"Snap Fitness New Orleans-Lakeview, LA",(504) 304-3638,https://www.snapfitness.com/us/gyms/new-orleans-lakeview-la,New Orleans,LA,Franchise location,Lead,New,Franchise Outreach,Jason Fallon,A,Fitness,Snap Fitness,Fitness,SEO / GBP / PPC / Web,snapfitness.com,,Franchise location,location_mailbox,Verified 2026-09-01 first-party Snap Fitness US gym locator,https://www.snapfitness.com/us/gyms/new-orleans-lakeview-la,2026-09-01,LA,mx_ok,First-party location email from the official Snap Fitness US gym locator.
newroadsla@snapfitness.com,,,"Snap Fitness New Roads, LA",(225) 638-7627,https://www.snapfitness.com/us/gyms/new-roads-la,New Roads,LA,Franchise location,Lead,New,Franchise Outreach,Jason Fallon,A,Fitness,Snap Fitness,Fitness,SEO / GBP / PPC / Web,snapfitness.com,,Franchise location,location_mailbox,Verified 2026-09-01 first-party Snap Fitness US gym locator,https://www.snapfitness.com/us/gyms/new-roads-la,2026-09-01,LA,mx_ok,First-party location email from the official Snap Fitness US gym locator.
plaquemine@snapfitness.com,,,"Snap Fitness Plaquemine, LA",(225) 687-6271,https://www.snapfitness.com/us/gyms/plaquemine-la,Plaquemine,LA,Franchise location,Lead,New,Franchise Outreach,Jason Fallon,A,Fitness,Snap Fitness,Fitness,SEO / GBP / PPC / Web,snapfitness.com,,Franchise location,location_mailbox,Verified 2026-09-01 first-party Snap Fitness US gym locator,https://www.snapfitness.com/us/gyms/plaquemine-la,2026-09-01,LA,mx_ok,First-party location email from the official Snap Fitness US gym locator.
ponchatoula@snapfitness.com,,,"Snap Fitness Ponchatoula, LA",(985) 386-7105,https://www.snapfitness.com/us/gyms/ponchatoula-la,Ponchatoula,LA,Franchise location,Lead,New,Franchise Outreach,Jason Fallon,A,Fitness,Snap Fitness,Fitness,SEO / GBP / PPC / Web,snapfitness.com,,Franchise location,location_mailbox,Verified 2026-09-01 first-party Snap Fitness US gym locator,https://www.snapfitness.com/us/gyms/ponchatoula-la,2026-09-01,LA,mx_ok,First-party location email from the official Snap Fitness US gym locator.
walker@snapfitness.com,,,"Snap Fitness Walker, LA",(225) 372-2003,https://www.snapfitness.com/us/gyms/walker-la,Walker,LA,Franchise location,Lead,New,Franchise Outreach,Jason Fallon,A,Fitness,Snap Fitness,Fitness,SEO / GBP / PPC / Web,snapfitness.com,,Franchise location,location_mailbox,Verified 2026-09-01 first-party Snap Fitness US gym locator,https://www.snapfitness.com/us/gyms/walker-la,2026-09-01,LA,mx_ok,First-party location email from the official Snap Fitness US gym locator.
westwego@snapfitness.com,,,"Snap Fitness Westwego, LA",(504) 348-4242,https://www.snapfitness.com/us/gyms/westwego-la,Westwego,LA,Franchise location,Lead,New,Franchise Outreach,Jason Fallon,A,Fitness,Snap Fitness,Fitness,SEO / GBP / PPC / Web,snapfitness.com,,Franchise location,location_mailbox,Verified 2026-09-01 first-party Snap Fitness US gym locator,https://www.snapfitness.com/us/gyms/westwego-la,2026-09-01,LA,mx_ok,First-party location email from the official Snap Fitness US gym locator.
easthampton@snapfitness.com,,,"Snap Fitness Easthampton, MA",(413) 529-2200,https://www.snapfitness.com/us/gyms/easthampton-ma,Easthampton,MA,Franchise location,Lead,New,Franchise Outreach,Jason Fallon,A,Fitness,Snap Fitness,Fitness,SEO / GBP / PPC / Web,snapfitness.com,,Franchise location,location_mailbox,Verified 2026-09-01 first-party Snap Fitness US gym locator,https://www.snapfitness.com/us/gyms/easthampton-ma,2026-09-01,MA,mx_ok,First-party location email from the official Snap Fitness US gym locator.
sandwich@snapfitness.com,,,"Snap Fitness Sandwich, MA",(508) 833-7627,https://www.snapfitness.com/us/gyms/sandwich-ma,Forrestdale,MA,Franchise location,Lead,New,Franchise Outreach,Jason Fallon,A,Fitness,Snap Fitness,Fitness,SEO / GBP / PPC / Web,snapfitness.com,,Franchise location,location_mailbox,Verified 2026-09-01 first-party Snap Fitness US gym locator,https://www.snapfitness.com/us/gyms/sandwich-ma,2026-09-01,MA,mx_ok,First-party location email from the official Snap Fitness US gym locator.
hampden@snapfitness.com,,,"Snap Fitness Hampden, MA",(413) 566-1600,https://www.snapfitness.com/us/gyms/hampden-ma,Hampden,MA,Franchise location,Lead,New,Franchise Outreach,Jason Fallon,A,Fitness,Snap Fitness,Fitness,SEO / GBP / PPC / Web,snapfitness.com,,Franchise location,location_mailbox,Verified 2026-09-01 first-party Snap Fitness US gym locator,https://www.snapfitness.com/us/gyms/hampden-ma,2026-09-01,MA,mx_ok,First-party location email from the official Snap Fitness US gym locator.
holyoke@snapfitness.com,,,"Snap Fitness Holyoke, MA",(413) 532-7627,https://www.snapfitness.com/us/gyms/holyoke-ma,Holyoke,MA,Franchise location,Lead,New,Franchise Outreach,Jason Fallon,A,Fitness,Snap Fitness,Fitness,SEO / GBP / PPC / Web,snapfitness.com,,Franchise location,location_mailbox,Verified 2026-09-01 first-party Snap Fitness US gym locator,https://www.snapfitness.com/us/gyms/holyoke-ma,2026-09-01,MA,mx_ok,First-party location email from the official Snap Fitness US gym locator.
annapolis@snapfitness.com,,,"Snap Fitness Annapolis, MD",(410) 216-2747,https://www.snapfitness.com/us/gyms/annapolis-md,Annapolis,MD,Franchise location,Lead,New,Franchise Outreach,Jason Fallon,A,Fitness,Snap Fitness,Fitness,SEO / GBP / PPC / Web,snapfitness.com,,Franchise location,location_mailbox,Verified 2026-09-01 first-party Snap Fitness US gym locator,https://www.snapfitness.com/us/gyms/annapolis-md,2026-09-01,MD,mx_ok,First-party location email from the official Snap Fitness US gym locator.
fallston@snapfitness.com,,,"Snap Fitness Fallston, MD",(410) 600-7627,https://www.snapfitness.com/us/gyms/fallston-md-2745-fallston-rd,Fallston,MD,Franchise location,Lead,New,Franchise Outreach,Jason Fallon,A,Fitness,Snap Fitness,Fitness,SEO / GBP / PPC / Web,snapfitness.com,,Franchise location,location_mailbox,Verified 2026-09-01 first-party Snap Fitness US gym locator,https://www.snapfitness.com/us/gyms/fallston-md-2745-fallston-rd,2026-09-01,MD,mx_ok,First-party location email from the official Snap Fitness US gym locator.
crofton@snapfitness.com,,,"Snap Fitness Crofton, MD",(443) 292-8146,https://www.snapfitness.com/us/gyms/crofton-md,Gambrills,MD,Franchise location,Lead,New,Franchise Outreach,Jason Fallon,A,Fitness,Snap Fitness,Fitness,SEO / GBP / PPC / Web,snapfitness.com,,Franchise location,location_mailbox,Verified 2026-09-01 first-party Snap Fitness US gym locator,https://www.snapfitness.com/us/gyms/crofton-md,2026-09-01,MD,mx_ok,First-party location email from the official Snap Fitness US gym locator.
joppamd@snapfitness.com,,,"Snap Fitness Joppa, MD",(410) 679-1000,https://www.snapfitness.com/us/gyms/joppa-md,Joppa,MD,Franchise location,Lead,New,Franchise Outreach,Jason Fallon,A,Fitness,Snap Fitness,Fitness,SEO / GBP / PPC / Web,snapfitness.com,,Franchise location,location_mailbox,Verified 2026-09-01 first-party Snap Fitness US gym locator,https://www.snapfitness.com/us/gyms/joppa-md,2026-09-01,MD,mx_ok,First-party location email from the official Snap Fitness US gym locator.
mtairymd@snapfitness.com,,,"Snap Fitness Mt. Airy, MD",(301) 829-0680,https://www.snapfitness.com/us/gyms/mt-airy-md,Mount Airy,MD,Franchise location,Lead,New,Franchise Outreach,Jason Fallon,A,Fitness,Snap Fitness,Fitness,SEO / GBP / PPC / Web,snapfitness.com,,Franchise location,location_mailbox,Verified 2026-09-01 first-party Snap Fitness US gym locator,https://www.snapfitness.com/us/gyms/mt-airy-md,2026-09-01,MD,mx_ok,First-party location email from the official Snap Fitness US gym locator.
oldorchard@snapfitness.com,,,"Snap Fitness Old Orchard, ME",(207) 934-6136,https://www.snapfitness.com/us/gyms/old-orchard-me,Old Orchard Beach,ME,Franchise location,Lead,New,Franchise Outreach,Jason Fallon,A,Fitness,Snap Fitness,Fitness,SEO / GBP / PPC / Web,snapfitness.com,,Franchise location,location_mailbox,Verified 2026-09-01 first-party Snap Fitness US gym locator,https://www.snapfitness.com/us/gyms/old-orchard-me,2026-09-01,ME,mx_ok,First-party location email from the official Snap Fitness US gym locator.
portland1@snapfitness.com,,,"Snap Fitness South Portland, ME",(207) 799-0864,https://www.snapfitness.com/us/gyms/south-portland-me,S PORTLAND,ME,Franchise location,Lead,New,Franchise Outreach,Jason Fallon,A,Fitness,Snap Fitness,Fitness,SEO / GBP / PPC / Web,snapfitness.com,,Franchise location,location_mailbox,Verified 2026-09-01 first-party Snap Fitness US gym locator,https://www.snapfitness.com/us/gyms/south-portland-me,2026-09-01,ME,mx_ok,First-party location email from the official Snap Fitness US gym locator.
allendalemi@snapfitness.com,,,"Snap Fitness Allendale, MI",(616) 895-2176,https://www.snapfitness.com/us/gyms/allendale-mi,Allendale,MI,Franchise location,Lead,New,Franchise Outreach,Jason Fallon,A,Fitness,Snap Fitness,Fitness,SEO / GBP / PPC / Web,snapfitness.com,,Franchise location,location_mailbox,Verified 2026-09-01 first-party Snap Fitness US gym locator,https://www.snapfitness.com/us/gyms/allendale-mi,2026-09-01,MI,mx_ok,First-party location email from the official Snap Fitness US gym locator.
caledonia@snapfitness.com,,,"Snap Fitness Caledonia, MI",(616) 536-2662,https://www.snapfitness.com/us/gyms/calendonia-mi,Caledonia,MI,Franchise location,Lead,New,Franchise Outreach,Jason Fallon,A,Fitness,Snap Fitness,Fitness,SEO / GBP / PPC / Web,snapfitness.com,,Franchise location,location_mailbox,Verified 2026-09-01 first-party Snap Fitness US gym locator,https://www.snapfitness.com/us/gyms/calendonia-mi,2026-09-01,MI,mx_ok,First-party location email from the official Snap Fitness US gym locator.
coopersville@snapfitness.com,,,"Snap Fitness Coopersville, MI",(616) 997-7627,https://www.snapfitness.com/us/gyms/coopersville-mi,Coopersville,MI,Franchise location,Lead,New,Franchise Outreach,Jason Fallon,A,Fitness,Snap Fitness,Fitness,SEO / GBP / PPC / Web,snapfitness.com,,Franchise location,location_mailbox,Verified 2026-09-01 first-party Snap Fitness US gym locator,https://www.snapfitness.com/us/gyms/coopersville-mi,2026-09-01,MI,mx_ok,First-party location email from the official Snap Fitness US gym locator.
dundeemi@snapfitness.com,,,"Snap Fitness Dundee, MI",(734) 529-7627,https://www.snapfitness.com/us/gyms/dundee-mi,Dundee,MI,Franchise location,Lead,New,Franchise Outreach,Jason Fallon,A,Fitness,Snap Fitness,Fitness,SEO / GBP / PPC / Web,snapfitness.com,,Franchise location,location_mailbox,Verified 2026-09-01 first-party Snap Fitness US gym locator,https://www.snapfitness.com/us/gyms/dundee-mi,2026-09-01,MI,mx_ok,First-party location email from the official Snap Fitness US gym locator.
flintmi@snapfitness.com,,,"Snap Fitness Flint, MI",(810) 275-1250,https://www.snapfitness.com/us/gyms/flint-mi,Flint,MI,Franchise location,Lead,New,Franchise Outreach,Jason Fallon,A,Fitness,Snap Fitness,Fitness,SEO / GBP / PPC / Web,snapfitness.com,,Franchise location,location_mailbox,Verified 2026-09-01 first-party Snap Fitness US gym locator,https://www.snapfitness.com/us/gyms/flint-mi,2026-09-01,MI,mx_ok,First-party location email from the official Snap Fitness US gym locator.
grandblanc@snapfitness.com,,,"Snap Fitness Grand Blanc, MI",(810) 694-4000,https://www.snapfitness.com/us/gyms/grand-blanc-mi,Grand Blanc,MI,Franchise location,Lead,New,Franchise Outreach,Jason Fallon,A,Fitness,Snap Fitness,Fitness,SEO / GBP / PPC / Web,snapfitness.com,,Franchise location,location_mailbox,Verified 2026-09-01 first-party Snap Fitness US gym locator,https://www.snapfitness.com/us/gyms/grand-blanc-mi,2026-09-01,MI,mx_ok,First-party location email from the official Snap Fitness US gym locator.
grandrapidsmi2@snapfitness.com,,,"Snap Fitness Grand Rapids, MI",(616) 942-5600,https://www.snapfitness.com/us/gyms/grand-rapids-michigan-mi,Grand Rapids,MI,Franchise location,Lead,New,Franchise Outreach,Jason Fallon,A,Fitness,Snap Fitness,Fitness,SEO / GBP / PPC / Web,snapfitness.com,,Franchise location,location_mailbox,Verified 2026-09-01 first-party Snap Fitness US gym locator,https://www.snapfitness.com/us/gyms/grand-rapids-michigan-mi,2026-09-01,MI,mx_ok,First-party location email from the official Snap Fitness US gym locator.
grandrapidsmi@snapfitness.com,,,"Snap Fitness Grand Rapids, MI",(616) 334-5386,https://www.snapfitness.com/us/gyms/grand-rapids-lake-mi,Grand Rapids,MI,Franchise location,Lead,New,Franchise Outreach,Jason Fallon,A,Fitness,Snap Fitness,Fitness,SEO / GBP / PPC / Web,snapfitness.com,,Franchise location,location_mailbox,Verified 2026-09-01 first-party Snap Fitness US gym locator,https://www.snapfitness.com/us/gyms/grand-rapids-lake-mi,2026-09-01,MI,mx_ok,First-party location email from the official Snap Fitness US gym locator.
harrisontwp@snapfitness.com,,,"Snap Fitness Harrison Township, MI",(586) 601-5335,https://www.snapfitness.com/us/gyms/harrison-township-mi,Harrison Township,MI,Franchise location,Lead,New,Franchise Outreach,Jason Fallon,A,Fitness,Snap Fitness,Fitness,SEO / GBP / PPC / Web,snapfitness.com,,Franchise location,location_mailbox,Verified 2026-09-01 first-party Snap Fitness US gym locator,https://www.snapfitness.com/us/gyms/harrison-township-mi,2026-09-01,MI,mx_ok,First-party location email from the official Snap Fitness US gym locator.
highland@snapfitness.com,,,"Snap Fitness Highland, MI",(248) 714-9686,https://www.snapfitness.com/us/gyms/highland-mi,Highland,MI,Franchise location,Lead,New,Franchise Outreach,Jason Fallon,A,Fitness,Snap Fitness,Fitness,SEO / GBP / PPC / Web,snapfitness.com,,Franchise location,location_mailbox,Verified 2026-09-01 first-party Snap Fitness US gym locator,https://www.snapfitness.com/us/gyms/highland-mi,2026-09-01,MI,mx_ok,First-party location email from the official Snap Fitness US gym locator.
hollandfelch@snapfitness.com,,,"Snap Fitness Holland, MI",(616) 741-9380,https://www.snapfitness.com/us/gyms/holland-felch-mi,Holland,MI,Franchise location,Lead,New,Franchise Outreach,Jason Fallon,A,Fitness,Snap Fitness,Fitness,SEO / GBP / PPC / Web,snapfitness.com,,Franchise location,location_mailbox,Verified 2026-09-01 first-party Snap Fitness US gym locator,https://www.snapfitness.com/us/gyms/holland-felch-mi,2026-09-01,MI,mx_ok,First-party location email from the official Snap Fitness US gym locator.
hollandwashington@snapfitness.com,,,"Snap Fitness Holland, MI",(616) 355-1070,https://www.snapfitness.com/us/gyms/holland-washington-mi,Holland,MI,Franchise location,Lead,New,Franchise Outreach,Jason Fallon,A,Fitness,Snap Fitness,Fitness,SEO / GBP / PPC / Web,snapfitness.com,,Franchise location,location_mailbox,Verified 2026-09-01 first-party Snap Fitness US gym locator,https://www.snapfitness.com/us/gyms/holland-washington-mi,2026-09-01,MI,mx_ok,First-party location email from the official Snap Fitness US gym locator.
houghtonmi@snapfitness.com,,,"Snap Fitness Houghton, MI",(906) 483-0310,https://www.snapfitness.com/us/gyms/houghton-mi,Houghton,MI,Franchise location,Lead,New,Franchise Outreach,Jason Fallon,A,Fitness,Snap Fitness,Fitness,SEO / GBP / PPC / Web,snapfitness.com,,Franchise location,location_mailbox,Verified 2026-09-01 first-party Snap Fitness US gym locator,https://www.snapfitness.com/us/gyms/houghton-mi,2026-09-01,MI,mx_ok,First-party location email from the official Snap Fitness US gym locator.
georgetown@snapfitness.com,,,"Snap Fitness Georgetown, MI",(616) 669-9100,https://www.snapfitness.com/us/gyms/georgetown-mi,Hudsonville,MI,Franchise location,Lead,New,Franchise Outreach,Jason Fallon,A,Fitness,Snap Fitness,Fitness,SEO / GBP / PPC / Web,snapfitness.com,,Franchise location,location_mailbox,Verified 2026-09-01 first-party Snap Fitness US gym locator,https://www.snapfitness.com/us/gyms/georgetown-mi,2026-09-01,MI,mx_ok,First-party location email from the official Snap Fitness US gym locator.
hudsonville@snapfitness.com,,,"Snap Fitness Hudsonville, MI",(616) 777-1345,https://www.snapfitness.com/us/gyms/hudsonville-mi,Hudsonville,MI,Franchise location,Lead,New,Franchise Outreach,Jason Fallon,A,Fitness,Snap Fitness,Fitness,SEO / GBP / PPC / Web,snapfitness.com,,Franchise location,location_mailbox,Verified 2026-09-01 first-party Snap Fitness US gym locator,https://www.snapfitness.com/us/gyms/hudsonville-mi,2026-09-01,MI,mx_ok,First-party location email from the official Snap Fitness US gym locator.
ionia@snapfitness.com,,,"Snap Fitness Ionia, MI",(616) 522-0301,https://www.snapfitness.com/us/gyms/ionia-mi,Ionia,MI,Franchise location,Lead,New,Franchise Outreach,Jason Fallon,A,Fitness,Snap Fitness,Fitness,SEO / GBP / PPC / Web,snapfitness.com,,Franchise location,location_mailbox,Verified 2026-09-01 first-party Snap Fitness US gym locator,https://www.snapfitness.com/us/gyms/ionia-mi,2026-09-01,MI,mx_ok,First-party location email from the official Snap Fitness US gym locator.
ironwood@snapfitness.com,,,"Snap Fitness Ironwood, MI",(906) 364-7045,https://www.snapfitness.com/us/gyms/ironwood-mi,Ironwood,MI,Franchise location,Lead,New,Franchise Outreach,Jason Fallon,A,Fitness,Snap Fitness,Fitness,SEO / GBP / PPC / Web,snapfitness.com,,Franchise location,location_mailbox,Verified 2026-09-01 first-party Snap Fitness US gym locator,https://www.snapfitness.com/us/gyms/ironwood-mi,2026-09-01,MI,mx_ok,First-party location email from the official Snap Fitness US gym locator.
jacksonmi@snapfitness.com,,,"Snap Fitness Jackson, MI",(517) 782-1001,https://www.snapfitness.com/us/gyms/jackson-mi,Jackson,MI,Franchise location,Lead,New,Franchise Outreach,Jason Fallon,A,Fitness,Snap Fitness,Fitness,SEO / GBP / PPC / Web,snapfitness.com,,Franchise location,location_mailbox,Verified 2026-09-01 first-party Snap Fitness US gym locator,https://www.snapfitness.com/us/gyms/jackson-mi,2026-09-01,MI,mx_ok,First-party location email from the official Snap Fitness US gym locator.
lowellmi@snapfitness.com,,,"Snap Fitness Lowell, MI",(616) 987-4000,https://www.snapfitness.com/us/gyms/lowell-mi,Lowell,MI,Franchise location,Lead,New,Franchise Outreach,Jason Fallon,A,Fitness,Snap Fitness,Fitness,SEO / GBP / PPC / Web,snapfitness.com,,Franchise location,location_mailbox,Verified 2026-09-01 first-party Snap Fitness US gym locator,https://www.snapfitness.com/us/gyms/lowell-mi,2026-09-01,MI,mx_ok,First-party location email from the official Snap Fitness US gym locator.
masonmi@snapfitness.com,,,"Snap Fitness Mason, MI",(517) 244-0300,https://www.snapfitness.com/us/gyms/mason-mi,Mason,MI,Franchise location,Lead,New,Franchise Outreach,Jason Fallon,A,Fitness,Snap Fitness,Fitness,SEO / GBP / PPC / Web,snapfitness.com,,Franchise location,location_mailbox,Verified 2026-09-01 first-party Snap Fitness US gym locator,https://www.snapfitness.com/us/gyms/mason-mi,2026-09-01,MI,mx_ok,First-party location email from the official Snap Fitness US gym locator.
stjohnsmi@snapfitness.com,,,"Snap Fitness St. Johns, MI",(989) 227-8000,https://www.snapfitness.com/us/gyms/st-johns-mi,Saint Johns,MI,Franchise location,Lead,New,Franchise Outreach,Jason Fallon,A,Fitness,Snap Fitness,Fitness,SEO / GBP / PPC / Web,snapfitness.com,,Franchise location,location_mailbox,Verified 2026-09-01 first-party Snap Fitness US gym locator,https://www.snapfitness.com/us/gyms/st-johns-mi,2026-09-01,MI,mx_ok,First-party location email from the official Snap Fitness US gym locator.
springlake@snapfitness.com,,,"Snap Fitness Spring Lake, MI",(616) 846-7627,https://www.snapfitness.com/us/gyms/spring-lake-mi,Spring Lake,MI,Franchise location,Lead,New,Franchise Outreach,Jason Fallon,A,Fitness,Snap Fitness,Fitness,SEO / GBP / PPC / Web,snapfitness.com,,Franchise location,location_mailbox,Verified 2026-09-01 first-party Snap Fitness US gym locator,https://www.snapfitness.com/us/gyms/spring-lake-mi,2026-09-01,MI,mx_ok,First-party location email from the official Snap Fitness US gym locator.
albanymn@snapfitness.com,,,"Snap Fitness Albany, MN",(320) 845-7888,https://www.snapfitness.com/us/gyms/albany-mn,Albany,MN,Franchise location,Lead,New,Franchise Outreach,Jason Fallon,A,Fitness,Snap Fitness,Fitness,SEO / GBP / PPC / Web,snapfitness.com,,Franchise location,location_mailbox,Verified 2026-09-01 first-party Snap Fitness US gym locator,https://www.snapfitness.com/us/gyms/albany-mn,2026-09-01,MN,mx_ok,First-party location email from the official Snap Fitness US gym locator.
albertlea@snapfitness.com,,,"Snap Fitness Albert Lea, MN",(507) 377-1290,https://www.snapfitness.com/us/gyms/albert-lea-mn,Albert Lea,MN,Franchise location,Lead,New,Franchise Outreach,Jason Fallon,A,Fitness,Snap Fitness,Fitness,SEO / GBP / PPC / Web,snapfitness.com,,Franchise location,location_mailbox,Verified 2026-09-01 first-party Snap Fitness US gym locator,https://www.snapfitness.com/us/gyms/albert-lea-mn,2026-09-01,MN,mx_ok,First-party location email from the official Snap Fitness US gym locator.
albertville@snapfitness.com,,,"Snap Fitness Albertville, MN",(763) 276-1016,https://www.snapfitness.com/us/gyms/albertville-mn,Albertville,MN,Franchise location,Lead,New,Franchise Outreach,Jason Fallon,A,Fitness,Snap Fitness,Fitness,SEO / GBP / PPC / Web,snapfitness.com,,Franchise location,location_mailbox,Verified 2026-09-01 first-party Snap Fitness US gym locator,https://www.snapfitness.com/us/gyms/albertville-mn,2026-09-01,MN,mx_ok,First-party location email from the official Snap Fitness US gym locator.
alexandria@snapfitness.com,,,"Snap Fitness Alexandria, MN",(320) 762-8879,https://www.snapfitness.com/us/gyms/alexandria-mn,Alexandria,MN,Franchise location,Lead,New,Franchise Outreach,Jason Fallon,A,Fitness,Snap Fitness,Fitness,SEO / GBP / PPC / Web,snapfitness.com,,Franchise location,location_mailbox,Verified 2026-09-01 first-party Snap Fitness US gym locator,https://www.snapfitness.com/us/gyms/alexandria-mn,2026-09-01,MN,mx_ok,First-party location email from the official Snap Fitness US gym locator.
andover@snapfitness.com,,,"Snap Fitness Andover, MN",(763) 489-0001,https://www.snapfitness.com/us/gyms/andover-mn,Andover,MN,Franchise location,Lead,New,Franchise Outreach,Jason Fallon,A,Fitness,Snap Fitness,Fitness,SEO / GBP / PPC / Web,snapfitness.com,,Franchise location,location_mailbox,Verified 2026-09-01 first-party Snap Fitness US gym locator,https://www.snapfitness.com/us/gyms/andover-mn,2026-09-01,MN,mx_ok,First-party location email from the official Snap Fitness US gym locator.
annandale@snapfitness.com,,,"Snap Fitness Annandale, MN",(320) 274-7627,https://www.snapfitness.com/us/gyms/annandale-mn,Annandale,MN,Franchise location,Lead,New,Franchise Outreach,Jason Fallon,A,Fitness,Snap Fitness,Fitness,SEO / GBP / PPC / Web,snapfitness.com,,Franchise location,location_mailbox,Verified 2026-09-01 first-party Snap Fitness US gym locator,https://www.snapfitness.com/us/gyms/annandale-mn,2026-09-01,MN,mx_ok,First-party location email from the official Snap Fitness US gym locator.
rosemount@snapfitness.com,,,"Snap Fitness Rosemount, MN",(651) 321-7066,https://www.snapfitness.com/us/gyms/rosemount-mn,Apple Valley,MN,Franchise location,Lead,New,Franchise Outreach,Jason Fallon,A,Fitness,Snap Fitness,Fitness,SEO / GBP / PPC / Web,snapfitness.com,,Franchise location,location_mailbox,Verified 2026-09-01 first-party Snap Fitness US gym locator,https://www.snapfitness.com/us/gyms/rosemount-mn,2026-09-01,MN,mx_ok,First-party location email from the official Snap Fitness US gym locator.
arlington@snapfitness.com,,,"Snap Fitness Arlington, MN",(507) 923-6506,https://www.snapfitness.com/us/gyms/arlington-mn,Arlington,MN,Franchise location,Lead,New,Franchise Outreach,Jason Fallon,A,Fitness,Snap Fitness,Fitness,SEO / GBP / PPC / Web,snapfitness.com,,Franchise location,location_mailbox,Verified 2026-09-01 first-party Snap Fitness US gym locator,https://www.snapfitness.com/us/gyms/arlington-mn,2026-09-01,MN,mx_ok,First-party location email from the official Snap Fitness US gym locator.
becker@snapfitness.com,,,"Snap Fitness Becker, MN",(763) 220-6353,https://www.snapfitness.com/us/gyms/becker-mn,Becker,MN,Franchise location,Lead,New,Franchise Outreach,Jason Fallon,A,Fitness,Snap Fitness,Fitness,SEO / GBP / PPC / Web,snapfitness.com,,Franchise location,location_mailbox,Verified 2026-09-01 first-party Snap Fitness US gym locator,https://www.snapfitness.com/us/gyms/becker-mn,2026-09-01,MN,mx_ok,First-party location email from the official Snap Fitness US gym locator.
belleplaine@snapfitness.com,,,"Snap Fitness Belle Plaine, MN",(952) 873-6663,https://www.snapfitness.com/us/gyms/belle-plaine-mn,Belle Plaine,MN,Franchise location,Lead,New,Franchise Outreach,Jason Fallon,A,Fitness,Snap Fitness,Fitness,SEO / GBP / PPC / Web,snapfitness.com,,Franchise location,location_mailbox,Verified 2026-09-01 first-party Snap Fitness US gym locator,https://www.snapfitness.com/us/gyms/belle-plaine-mn,2026-09-01,MN,mx_ok,First-party location email from the official Snap Fitness US gym locator.
bemidji@snapfitness.com,,,"Snap Fitness Bemidji, MN",(218) 444-9163,https://www.snapfitness.com/us/gyms/bemidji-mn,Bemidji,MN,Franchise location,Lead,New,Franchise Outreach,Jason Fallon,A,Fitness,Snap Fitness,Fitness,SEO / GBP / PPC / Web,snapfitness.com,,Franchise location,location_mailbox,Verified 2026-09-01 first-party Snap Fitness US gym locator,https://www.snapfitness.com/us/gyms/bemidji-mn,2026-09-01,MN,mx_ok,First-party location email from the official Snap Fitness US gym locator.
benson@snapfitness.com,,,"Snap Fitness Benson, MN",(320) 843-2127,https://www.snapfitness.com/us/gyms/benson-mn,Benson,MN,Franchise location,Lead,New,Franchise Outreach,Jason Fallon,A,Fitness,Snap Fitness,Fitness,SEO / GBP / PPC / Web,snapfitness.com,,Franchise location,location_mailbox,Verified 2026-09-01 first-party Snap Fitness US gym locator,https://www.snapfitness.com/us/gyms/benson-mn,2026-09-01,MN,mx_ok,First-party location email from the official Snap Fitness US gym locator.
biglake@snapfitness.com,,,"Snap Fitness Big Lake, MN",(763) 220-6353,https://www.snapfitness.com/us/gyms/big-lake-mn,Big Lake,MN,Franchise location,Lead,New,Franchise Outreach,Jason Fallon,A,Fitness,Snap Fitness,Fitness,SEO / GBP / PPC / Web,snapfitness.com,,Franchise location,location_mailbox,Verified 2026-09-01 first-party Snap Fitness US gym locator,https://www.snapfitness.com/us/gyms/big-lake-mn,2026-09-01,MN,mx_ok,First-party location email from the official Snap Fitness US gym locator.
osseo@snapfitness.com,,,"Snap Fitness Osseo, MN",(612) 394-7620,https://www.snapfitness.com/us/gyms/osseo-mn,Brooklyn Park,MN,Franchise location,Lead,New,Franchise Outreach,Jason Fallon,A,Fitness,Snap Fitness,Fitness,SEO / GBP / PPC / Web,snapfitness.com,,Franchise location,location_mailbox,Verified 2026-09-01 first-party Snap Fitness US gym locator,https://www.snapfitness.com/us/gyms/osseo-mn,2026-09-01,MN,mx_ok,First-party location email from the official Snap Fitness US gym locator.
burnsville@snapfitness.com,,,"Snap Fitness Burnsville, MN",(952) 736-1348,https://www.snapfitness.com/us/gyms/burnsville-mn,Burnsville,MN,Franchise location,Lead,New,Franchise Outreach,Jason Fallon,A,Fitness,Snap Fitness,Fitness,SEO / GBP / PPC / Web,snapfitness.com,,Franchise location,location_mailbox,Verified 2026-09-01 first-party Snap Fitness US gym locator,https://www.snapfitness.com/us/gyms/burnsville-mn,2026-09-01,MN,mx_ok,First-party location email from the official Snap Fitness US gym locator.
cambridge@snapfitness.com,,,"Snap Fitness Cambridge, MN",(763) 552-7627,https://www.snapfitness.com/us/gyms/cambridge-mn,Cambridge,MN,Franchise location,Lead,New,Franchise Outreach,Jason Fallon,A,Fitness,Snap Fitness,Fitness,SEO / GBP / PPC / Web,snapfitness.com,,Franchise location,location_mailbox,Verified 2026-09-01 first-party Snap Fitness US gym locator,https://www.snapfitness.com/us/gyms/cambridge-mn,2026-09-01,MN,mx_ok,First-party location email from the official Snap Fitness US gym locator.
cannonfallsmn@snapfitness.com,,,"Snap Fitness Cannon Falls, MN",(507) 448-8326,https://www.snapfitness.com/us/gyms/cannon-falls-mn,Cannon Falls,MN,Franchise location,Lead,New,Franchise Outreach,Jason Fallon,A,Fitness,Snap Fitness,Fitness,SEO / GBP / PPC / Web,snapfitness.com,,Franchise location,location_mailbox,Verified 2026-09-01 first-party Snap Fitness US gym locator,https://www.snapfitness.com/us/gyms/cannon-falls-mn,2026-09-01,MN,mx_ok,First-party location email from the official Snap Fitness US gym locator.
eastbethelmn@snapfitness.com,,,"Snap Fitness East Bethel, MN",(763) 434-5858,https://www.snapfitness.com/us/gyms/east-bethel-mn,Cedar,MN,Franchise location,Lead,New,Franchise Outreach,Jason Fallon,A,Fitness,Snap Fitness,Fitness,SEO / GBP / PPC / Web,snapfitness.com,,Franchise location,location_mailbox,Verified 2026-09-01 first-party Snap Fitness US gym locator,https://www.snapfitness.com/us/gyms/east-bethel-mn,2026-09-01,MN,mx_ok,First-party location email from the official Snap Fitness US gym locator.
chanhassen@snapfitness.com,,,"Snap Fitness Chanhassen, MN",(952) 567-5800,https://www.snapfitness.com/us/gyms/chanhassen-mn,Chanhassen,MN,Franchise location,Lead,New,Franchise Outreach,Jason Fallon,A,Fitness,Snap Fitness,Fitness,SEO / GBP / PPC / Web,snapfitness.com,,Franchise location,location_mailbox,Verified 2026-09-01 first-party Snap Fitness US gym locator,https://www.snapfitness.com/us/gyms/chanhassen-mn,2026-09-01,MN,mx_ok,First-party location email from the official Snap Fitness US gym locator.
chaska@snapfitness.com,,,"Snap Fitness Chaska, MN",(952) 479-0244,https://www.snapfitness.com/us/gyms/chaska-mn,Chaska,MN,Franchise location,Lead,New,Franchise Outreach,Jason Fallon,A,Fitness,Snap Fitness,Fitness,SEO / GBP / PPC / Web,snapfitness.com,,Franchise location,location_mailbox,Verified 2026-09-01 first-party Snap Fitness US gym locator,https://www.snapfitness.com/us/gyms/chaska-mn,2026-09-01,MN,mx_ok,First-party location email from the official Snap Fitness US gym locator.
clearwater@snapfitness.com,,,"Snap Fitness Clearwater, MN",(320) 558-6088,https://www.snapfitness.com/us/gyms/clearwater-mn,Clearwater,MN,Franchise location,Lead,New,Franchise Outreach,Jason Fallon,A,Fitness,Snap Fitness,Fitness,SEO / GBP / PPC / Web,snapfitness.com,,Franchise location,location_mailbox,Verified 2026-09-01 first-party Snap Fitness US gym locator,https://www.snapfitness.com/us/gyms/clearwater-mn,2026-09-01,MN,mx_ok,First-party location email from the official Snap Fitness US gym locator.
coldspring@snapfitness.com,,,"Snap Fitness Cold Spring, MN",(320) 685-8836,https://www.snapfitness.com/us/gyms/cold-spring-mn,Cold Spring,MN,Franchise location,Lead,New,Franchise Outreach,Jason Fallon,A,Fitness,Snap Fitness,Fitness,SEO / GBP / PPC / Web,snapfitness.com,,Franchise location,location_mailbox,Verified 2026-09-01 first-party Snap Fitness US gym locator,https://www.snapfitness.com/us/gyms/cold-spring-mn,2026-09-01,MN,mx_ok,First-party location email from the official Snap Fitness US gym locator.
crookston@snapfitness.com,,,"Snap Fitness Crookston, MN",(218) 281-7627,https://www.snapfitness.com/us/gyms/crookston-mn,Crookston,MN,Franchise location,Lead,New,Franchise Outreach,Jason Fallon,A,Fitness,Snap Fitness,Fitness,SEO / GBP / PPC / Web,snapfitness.com,,Franchise location,location_mailbox,Verified 2026-09-01 first-party Snap Fitness US gym locator,https://www.snapfitness.com/us/gyms/crookston-mn,2026-09-01,MN,mx_ok,First-party location email from the official Snap Fitness US gym locator.
detroitlakes@snapfitness.com,,,"Snap Fitness Detroit Lakes, MN",(218) 844-3822,https://www.snapfitness.com/us/gyms/detroit-lakes-mn,Detroit Lakes,MN,Franchise location,Lead,New,Franchise Outreach,Jason Fallon,A,Fitness,Snap Fitness,Fitness,SEO / GBP / PPC / Web,snapfitness.com,,Franchise location,location_mailbox,Verified 2026-09-01 first-party Snap Fitness US gym locator,https://www.snapfitness.com/us/gyms/detroit-lakes-mn,2026-09-01,MN,mx_ok,First-party location email from the official Snap Fitness US gym locator.
duluth3@snapfitness.com,,,"Snap Fitness Duluth - Heights, MN",(218) 212-5213,https://www.snapfitness.com/us/gyms/duluth-heights,Duluth,MN,Franchise location,Lead,New,Franchise Outreach,Jason Fallon,A,Fitness,Snap Fitness,Fitness,SEO / GBP / PPC / Web,snapfitness.com,,Franchise location,location_mailbox,Verified 2026-09-01 first-party Snap Fitness US gym locator,https://www.snapfitness.com/us/gyms/duluth-heights,2026-09-01,MN,mx_ok,First-party location email from the official Snap Fitness US gym locator.
duluth@snapfitness.com,,,"Snap Fitness Duluth - Lakeside, MN",(218) 212-5213,https://www.snapfitness.com/us/gyms/duluth,Duluth,MN,Franchise location,Lead,New,Franchise Outreach,Jason Fallon,A,Fitness,Snap Fitness,Fitness,SEO / GBP / PPC / Web,snapfitness.com,,Franchise location,location_mailbox,Verified 2026-09-01 first-party Snap Fitness US gym locator,https://www.snapfitness.com/us/gyms/duluth,2026-09-01,MN,mx_ok,First-party location email from the official Snap Fitness US gym locator.
franceave@snapfitness.com,,,"Snap Fitness Edina, MN",(612) 920-3385,https://www.snapfitness.com/us/gyms/edina-south-france-mn,Edina,MN,Franchise location,Lead,New,Franchise Outreach,Jason Fallon,A,Fitness,Snap Fitness,Fitness,SEO / GBP / PPC / Web,snapfitness.com,,Franchise location,location_mailbox,Verified 2026-09-01 first-party Snap Fitness US gym locator,https://www.snapfitness.com/us/gyms/edina-south-france-mn,2026-09-01,MN,mx_ok,First-party location email from the official Snap Fitness US gym locator.
foley@snapfitness.com,,,"Snap Fitness Foley, MN",(320) 200-5815,https://www.snapfitness.com/us/gyms/foley-mn,Foley,MN,Franchise location,Lead,New,Franchise Outreach,Jason Fallon,A,Fitness,Snap Fitness,Fitness,SEO / GBP / PPC / Web,snapfitness.com,,Franchise location,location_mailbox,Verified 2026-09-01 first-party Snap Fitness US gym locator,https://www.snapfitness.com/us/gyms/foley-mn,2026-09-01,MN,mx_ok,First-party location email from the official Snap Fitness US gym locator.
forestlakemn@snapfitness.com,,,"Snap Fitness Forest Lake, MN",(651) 464-3234,https://www.snapfitness.com/us/gyms/forest-lake-mn,Forest Lake,MN,Franchise location,Lead,New,Franchise Outreach,Jason Fallon,A,Fitness,Snap Fitness,Fitness,SEO / GBP / PPC / Web,snapfitness.com,,Franchise location,location_mailbox,Verified 2026-09-01 first-party Snap Fitness US gym locator,https://www.snapfitness.com/us/gyms/forest-lake-mn,2026-09-01,MN,mx_ok,First-party location email from the official Snap Fitness US gym locator.
hastings@snapfitness.com,,,"Snap Fitness Hastings, MN",(651) 438-9309,https://www.snapfitness.com/us/gyms/hastings-mn,Hastings,MN,Franchise location,Lead,New,Franchise Outreach,Jason Fallon,A,Fitness,Snap Fitness,Fitness,SEO / GBP / PPC / Web,snapfitness.com,,Franchise location,location_mailbox,Verified 2026-09-01 first-party Snap Fitness US gym locator,https://www.snapfitness.com/us/gyms/hastings-mn,2026-09-01,MN,mx_ok,First-party location email from the official Snap Fitness US gym locator.
internationalfalls@snapfitness.com,,,"Snap Fitness International Falls, MN",(218) 283-0020,https://www.snapfitness.com/us/gyms/international-falls-mn,International Falls,MN,Franchise location,Lead,New,Franchise Outreach,Jason Fallon,A,Fitness,Snap Fitness,Fitness,SEO / GBP / PPC / Web,snapfitness.com,,Franchise location,location_mailbox,Verified 2026-09-01 first-party Snap Fitness US gym locator,https://www.snapfitness.com/us/gyms/international-falls-mn,2026-09-01,MN,mx_ok,First-party location email from the official Snap Fitness US gym locator.
invergroveheights@snapfitness.com,,,"Snap Fitness Inver Grove Heights, MN",(612) 567-2716,https://www.snapfitness.com/us/gyms/inver-grove-heights-mn,Inver Grove Heights,MN,Franchise location,Lead,New,Franchise Outreach,Jason Fallon,A,Fitness,Snap Fitness,Fitness,SEO / GBP / PPC / Web,snapfitness.com,,Franchise location,location_mailbox,Verified 2026-09-01 first-party Snap Fitness US gym locator,https://www.snapfitness.com/us/gyms/inver-grove-heights-mn,2026-09-01,MN,mx_ok,First-party location email from the official Snap Fitness US gym locator.
isanti@snapfitness.com,,,"Snap Fitness Isanti, MN",(763) 444-3400,https://www.snapfitness.com/us/gyms/isanti-mn,Isanti,MN,Franchise location,Lead,New,Franchise Outreach,Jason Fallon,A,Fitness,Snap Fitness,Fitness,SEO / GBP / PPC / Web,snapfitness.com,,Franchise location,location_mailbox,Verified 2026-09-01 first-party Snap Fitness US gym locator,https://www.snapfitness.com/us/gyms/isanti-mn,2026-09-01,MN,mx_ok,First-party location email from the official Snap Fitness US gym locator.
lakeville@snapfitness.com,,,"Snap Fitness Lakeville, MN",(952) 997-9753,https://www.snapfitness.com/us/gyms/lakeville-mn,Lakeville,MN,Franchise location,Lead,New,Franchise Outreach,Jason Fallon,A,Fitness,Snap Fitness,Fitness,SEO / GBP / PPC / Web,snapfitness.com,,Franchise location,location_mailbox,Verified 2026-09-01 first-party Snap Fitness US gym locator,https://www.snapfitness.com/us/gyms/lakeville-mn,2026-09-01,MN,mx_ok,First-party location email from the official Snap Fitness US gym locator.
lecenter@snapfitness.com,,,"Snap Fitness Le Center, MN",(507) 357-2242,https://www.snapfitness.com/us/gyms/le-center-mn,Le Center,MN,Franchise location,Lead,New,Franchise Outreach,Jason Fallon,A,Fitness,Snap Fitness,Fitness,SEO / GBP / PPC / Web,snapfitness.com,,Franchise location,location_mailbox,Verified 2026-09-01 first-party Snap Fitness US gym locator,https://www.snapfitness.com/us/gyms/le-center-mn,2026-09-01,MN,mx_ok,First-party location email from the official Snap Fitness US gym locator.
lindstrommn@snapfitness.com,,,"Snap Fitness Lindstrom, MN",(651) 257-2348,https://www.snapfitness.com/us/gyms/lindstrom-mn,Lindstrom,MN,Franchise location,Lead,New,Franchise Outreach,Jason Fallon,A,Fitness,Snap Fitness,Fitness,SEO / GBP / PPC / Web,snapfitness.com,,Franchise location,location_mailbox,Verified 2026-09-01 first-party Snap Fitness US gym locator,https://www.snapfitness.com/us/gyms/lindstrom-mn,2026-09-01,MN,mx_ok,First-party location email from the official Snap Fitness US gym locator.
litchfield@snapfitness.com,,,"Snap Fitness Litchfield, MN",(320) 593-1429,https://www.snapfitness.com/us/gyms/litchfield-mn,Litchfield,MN,Franchise location,Lead,New,Franchise Outreach,Jason Fallon,A,Fitness,Snap Fitness,Fitness,SEO / GBP / PPC / Web,snapfitness.com,,Franchise location,location_mailbox,Verified 2026-09-01 first-party Snap Fitness US gym locator,https://www.snapfitness.com/us/gyms/litchfield-mn,2026-09-01,MN,mx_ok,First-party location email from the official Snap Fitness US gym locator.
littlecanada@snapfitness.com,,,"Snap Fitness Little Canada, MN",(651) 484-0428,https://www.snapfitness.com/us/gyms/little-canada-mn,Little Canada,MN,Franchise location,Lead,New,Franchise Outreach,Jason Fallon,A,Fitness,Snap Fitness,Fitness,SEO / GBP / PPC / Web,snapfitness.com,,Franchise location,location_mailbox,Verified 2026-09-01 first-party Snap Fitness US gym locator,https://www.snapfitness.com/us/gyms/little-canada-mn,2026-09-01,MN,mx_ok,First-party location email from the official Snap Fitness US gym locator.
lonsdale@snapfitness.com,,,"Snap Fitness Lonsdale, MN",(507) 744-3700,https://www.snapfitness.com/us/gyms/lonsdale-mn,Lonsdale,MN,Franchise location,Lead,New,Franchise Outreach,Jason Fallon,A,Fitness,Snap Fitness,Fitness,SEO / GBP / PPC / Web,snapfitness.com,,Franchise location,location_mailbox,Verified 2026-09-01 first-party Snap Fitness US gym locator,https://www.snapfitness.com/us/gyms/lonsdale-mn,2026-09-01,MN,mx_ok,First-party location email from the official Snap Fitness US gym locator.
mayermn@snapfitness.com,,,"Snap Fitness Mayer, MN",(952) 247-1354,https://www.snapfitness.com/us/gyms/mayer-mn,Mayer,MN,Franchise location,Lead,New,Franchise Outreach,Jason Fallon,A,Fitness,Snap Fitness,Fitness,SEO / GBP / PPC / Web,snapfitness.com,,Franchise location,location_mailbox,Verified 2026-09-01 first-party Snap Fitness US gym locator,https://www.snapfitness.com/us/gyms/mayer-mn,2026-09-01,MN,mx_ok,First-party location email from the official Snap Fitness US gym locator.
milaca@snapfitness.com,,,"Snap Fitness Milaca, MN",(320) 983-2300,https://www.snapfitness.com/us/gyms/milaca-mn,Milaca,MN,Franchise location,Lead,New,Franchise Outreach,Jason Fallon,A,Fitness,Snap Fitness,Fitness,SEO / GBP / PPC / Web,snapfitness.com,,Franchise location,location_mailbox,Verified 2026-09-01 first-party Snap Fitness US gym locator,https://www.snapfitness.com/us/gyms/milaca-mn,2026-09-01,MN,mx_ok,First-party location email from the official Snap Fitness US gym locator.
minneapolis3@snapfitness.com,,,"Snap Fitness Minneapolis- Nicollet Ave, MN",(612) 824-4454,https://www.snapfitness.com/us/gyms/minneapolis-nicollet-ave-mn,Minneapolis,MN,Franchise location,Lead,New,Franchise Outreach,Jason Fallon,A,Fitness,Snap Fitness,Fitness,SEO / GBP / PPC / Web,snapfitness.com,,Franchise location,location_mailbox,Verified 2026-09-01 first-party Snap Fitness US gym locator,https://www.snapfitness.com/us/gyms/minneapolis-nicollet-ave-mn,2026-09-01,MN,mx_ok,First-party location email from the official Snap Fitness US gym locator.
neminneapolis@snapfitness.com,,,"Snap Fitness Minneapolis- Northeast, MN",(612) 746-4002,https://www.snapfitness.com/us/gyms/minneapolis-northeast-mn,Minneapolis,MN,Franchise location,Lead,New,Franchise Outreach,Jason Fallon,A,Fitness,Snap Fitness,Fitness,SEO / GBP / PPC / Web,snapfitness.com,,Franchise location,location_mailbox,Verified 2026-09-01 first-party Snap Fitness US gym locator,https://www.snapfitness.com/us/gyms/minneapolis-northeast-mn,2026-09-01,MN,mx_ok,First-party location email from the official Snap Fitness US gym locator.
robbinsdale@snapfitness.com,,,"Snap Fitness Robbinsdale, MN",(763) 390-1313,https://www.snapfitness.com/us/gyms/robbinsdale-mn,Minneapolis,MN,Franchise location,Lead,New,Franchise Outreach,Jason Fallon,A,Fitness,Snap Fitness,Fitness,SEO / GBP / PPC / Web,snapfitness.com,,Franchise location,location_mailbox,Verified 2026-09-01 first-party Snap Fitness US gym locator,https://www.snapfitness.com/us/gyms/robbinsdale-mn,2026-09-01,MN,mx_ok,First-party location email from the official Snap Fitness US gym locator.
montevideo@snapfitness.com,,,"Snap Fitness Montevideo, MN",(320) 321-1348,https://www.snapfitness.com/us/gyms/montevideo-mn,Montevideo,MN,Franchise location,Lead,New,Franchise Outreach,Jason Fallon,A,Fitness,Snap Fitness,Fitness,SEO / GBP / PPC / Web,snapfitness.com,,Franchise location,location_mailbox,Verified 2026-09-01 first-party Snap Fitness US gym locator,https://www.snapfitness.com/us/gyms/montevideo-mn,2026-09-01,MN,mx_ok,First-party location email from the official Snap Fitness US gym locator.
montgomery@snapfitness.com,,,"Snap Fitness Montgomery, MN",(507) 330-6863,https://www.snapfitness.com/us/gyms/montgomery-mn,Montgomery,MN,Franchise location,Lead,New,Franchise Outreach,Jason Fallon,A,Fitness,Snap Fitness,Fitness,SEO / GBP / PPC / Web,snapfitness.com,,Franchise location,location_mailbox,Verified 2026-09-01 first-party Snap Fitness US gym locator,https://www.snapfitness.com/us/gyms/montgomery-mn,2026-09-01,MN,mx_ok,First-party location email from the official Snap Fitness US gym locator.
newprague@snapfitness.com,,,"Snap Fitness New Prague, MN",(952) 758-9250,https://www.snapfitness.com/us/gyms/new-prague-mn,New Prague,MN,Franchise location,Lead,New,Franchise Outreach,Jason Fallon,A,Fitness,Snap Fitness,Fitness,SEO / GBP / PPC / Web,snapfitness.com,,Franchise location,location_mailbox,Verified 2026-09-01 first-party Snap Fitness US gym locator,https://www.snapfitness.com/us/gyms/new-prague-mn,2026-09-01,MN,mx_ok,First-party location email from the official Snap Fitness US gym locator.
newulm@snapfitness.com,,,"Snap Fitness New Ulm, MN",(507) 359-8888,https://www.snapfitness.com/us/gyms/new-ulm-mn,New Ulm,MN,Franchise location,Lead,New,Franchise Outreach,Jason Fallon,A,Fitness,Snap Fitness,Fitness,SEO / GBP / PPC / Web,snapfitness.com,,Franchise location,location_mailbox,Verified 2026-09-01 first-party Snap Fitness US gym locator,https://www.snapfitness.com/us/gyms/new-ulm-mn,2026-09-01,MN,mx_ok,First-party location email from the official Snap Fitness US gym locator.
northmankato@snapfitness.com,,,"Snap Fitness North Mankato, MN",(507) 387-7627,https://www.snapfitness.com/us/gyms/north-mankato-mn,North Mankato,MN,Franchise location,Lead,New,Franchise Outreach,Jason Fallon,A,Fitness,Snap Fitness,Fitness,SEO / GBP / PPC / Web,snapfitness.com,,Franchise location,location_mailbox,Verified 2026-09-01 first-party Snap Fitness US gym locator,https://www.snapfitness.com/us/gyms/north-mankato-mn,2026-09-01,MN,mx_ok,First-party location email from the official Snap Fitness US gym locator.
nya@snapfitness.com,,,"Snap Fitness norwood, MN",(952) 467-2680,https://www.snapfitness.com/us/gyms/norwood-young-america-mn,Norwood Young America,MN,Franchise location,Lead,New,Franchise Outreach,Jason Fallon,A,Fitness,Snap Fitness,Fitness,SEO / GBP / PPC / Web,snapfitness.com,,Franchise location,location_mailbox,Verified 2026-09-01 first-party Snap Fitness US gym locator,https://www.snapfitness.com/us/gyms/norwood-young-america-mn,2026-09-01,MN,mx_ok,First-party location email from the official Snap Fitness US gym locator.
owatonna@snapfitness.com,,,"Snap Fitness Owatonna, MN",(507) 455-3500,https://www.snapfitness.com/us/gyms/owatonna-mn,Owatonna,MN,Franchise location,Lead,New,Franchise Outreach,Jason Fallon,A,Fitness,Snap Fitness,Fitness,SEO / GBP / PPC / Web,snapfitness.com,,Franchise location,location_mailbox,Verified 2026-09-01 first-party Snap Fitness US gym locator,https://www.snapfitness.com/us/gyms/owatonna-mn,2026-09-01,MN,mx_ok,First-party location email from the official Snap Fitness US gym locator.
paynesville@snapfitness.com,,,"Snap Fitness Paynesville, MN",(320) 243-2100,https://www.snapfitness.com/us/gyms/paynesville-mn,Paynesville,MN,Franchise location,Lead,New,Franchise Outreach,Jason Fallon,A,Fitness,Snap Fitness,Fitness,SEO / GBP / PPC / Web,snapfitness.com,,Franchise location,location_mailbox,Verified 2026-09-01 first-party Snap Fitness US gym locator,https://www.snapfitness.com/us/gyms/paynesville-mn,2026-09-01,MN,mx_ok,First-party location email from the official Snap Fitness US gym locator.
priorlake@snapfitness.com,,,"Snap Fitness Prior Lake, MN",(952) 440-1660,https://www.snapfitness.com/us/gyms/prior-lake-hwy-13-mn,Prior Lake,MN,Franchise location,Lead,New,Franchise Outreach,Jason Fallon,A,Fitness,Snap Fitness,Fitness,SEO / GBP / PPC / Web,snapfitness.com,,Franchise location,location_mailbox,Verified 2026-09-01 first-party Snap Fitness US gym locator,https://www.snapfitness.com/us/gyms/prior-lake-hwy-13-mn,2026-09-01,MN,mx_ok,First-party location email from the official Snap Fitness US gym locator.
redwing@snapfitness.com,,,"Snap Fitness Red Wing, MN",(651) 388-7774,https://www.snapfitness.com/us/gyms/red-wing-mn,Red Wing,MN,Franchise location,Lead,New,Franchise Outreach,Jason Fallon,A,Fitness,Snap Fitness,Fitness,SEO / GBP / PPC / Web,snapfitness.com,,Franchise location,location_mailbox,Verified 2026-09-01 first-party Snap Fitness US gym locator,https://www.snapfitness.com/us/gyms/red-wing-mn,2026-09-01,MN,mx_ok,First-party location email from the official Snap Fitness US gym locator.
rushcitymn@snapfitness.com,,,"Snap Fitness Rush City, MN",(320) 358-0091,https://www.snapfitness.com/us/gyms/rush-city-mn,Rush City,MN,Franchise location,Lead,New,Franchise Outreach,Jason Fallon,A,Fitness,Snap Fitness,Fitness,SEO / GBP / PPC / Web,snapfitness.com,,Franchise location,location_mailbox,Verified 2026-09-01 first-party Snap Fitness US gym locator,https://www.snapfitness.com/us/gyms/rush-city-mn,2026-09-01,MN,mx_ok,First-party location email from the official Snap Fitness US gym locator.
stjoseph@snapfitness.com,,,"Snap Fitness St. Joseph, MN",(320) 363-7757,https://www.snapfitness.com/us/gyms/st-joseph-mn,Saint Joseph,MN,Franchise location,Lead,New,Franchise Outreach,Jason Fallon,A,Fitness,Snap Fitness,Fitness,SEO / GBP / PPC / Web,snapfitness.com,,Franchise location,location_mailbox,Verified 2026-09-01 first-party Snap Fitness US gym locator,https://www.snapfitness.com/us/gyms/st-joseph-mn,2026-09-01,MN,mx_ok,First-party location email from the official Snap Fitness US gym locator.
stmichael@snapfitness.com,,,"Snap Fitness St. Michael, MN",(763) 497-7627,https://www.snapfitness.com/us/gyms/st-michael-mn,Saint Michael,MN,Franchise location,Lead,New,Franchise Outreach,Jason Fallon,A,Fitness,Snap Fitness,Fitness,SEO / GBP / PPC / Web,snapfitness.com,,Franchise location,location_mailbox,Verified 2026-09-01 first-party Snap Fitness US gym locator,https://www.snapfitness.com/us/gyms/st-michael-mn,2026-09-01,MN,mx_ok,First-party location email from the official Snap Fitness US gym locator.
eagan2@snapfitness.com,,,"Snap Fitness Eagan, MN",(651) 289-3070,https://www.snapfitness.com/us/gyms/eagan-cliff-lake-rd-mn,Saint Paul,MN,Franchise location,Lead,New,Franchise Outreach,Jason Fallon,A,Fitness,Snap Fitness,Fitness,SEO / GBP / PPC / Web,snapfitness.com,,Franchise location,location_mailbox,Verified 2026-09-01 first-party Snap Fitness US gym locator,https://www.snapfitness.com/us/gyms/eagan-cliff-lake-rd-mn,2026-09-01,MN,mx_ok,First-party location email from the official Snap Fitness US gym locator.
saukcentre@snapfitness.com,,,"Snap Fitness Sauk Centre, MN",(320) 351-7627,https://www.snapfitness.com/us/gyms/sauk-centre-mn,Sauk Centre,MN,Franchise location,Lead,New,Franchise Outreach,Jason Fallon,A,Fitness,Snap Fitness,Fitness,SEO / GBP / PPC / Web,snapfitness.com,,Franchise location,location_mailbox,Verified 2026-09-01 first-party Snap Fitness US gym locator,https://www.snapfitness.com/us/gyms/sauk-centre-mn,2026-09-01,MN,mx_ok,First-party location email from the official Snap Fitness US gym locator.
spicermn@snapfitness.com,,,"Snap Fitness Spicer, MN",(320) 796-2424,https://www.snapfitness.com/us/gyms/spicer-mn,Spicer,MN,Franchise location,Lead,New,Franchise Outreach,Jason Fallon,A,Fitness,Snap Fitness,Fitness,SEO / GBP / PPC / Web,snapfitness.com,,Franchise location,location_mailbox,Verified 2026-09-01 first-party Snap Fitness US gym locator,https://www.snapfitness.com/us/gyms/spicer-mn,2026-09-01,MN,mx_ok,First-party location email from the official Snap Fitness US gym locator.
springpark@snapfitness.com,,,"Snap Fitness Spring Park, MN",(612) 248-4619,https://www.snapfitness.com/us/gyms/spring-park-mn,Spring Park,MN,Franchise location,Lead,New,Franchise Outreach,Jason Fallon,A,Fitness,Snap Fitness,Fitness,SEO / GBP / PPC / Web,snapfitness.com,,Franchise location,location_mailbox,Verified 2026-09-01 first-party Snap Fitness US gym locator,https://www.snapfitness.com/us/gyms/spring-park-mn,2026-09-01,MN,mx_ok,First-party location email from the official Snap Fitness US gym locator.
staugustamn@snapfitness.com,,,"Snap Fitness St. Augusta-Luxemburg, MN",(320) 259-0991,https://www.snapfitness.com/us/gyms/st-augusta-luxemburg-mn,St. Augusta,MN,Franchise location,Lead,New,Franchise Outreach,Jason Fallon,A,Fitness,Snap Fitness,Fitness,SEO / GBP / PPC / Web,snapfitness.com,,Franchise location,location_mailbox,Verified 2026-09-01 first-party Snap Fitness US gym locator,https://www.snapfitness.com/us/gyms/st-augusta-luxemburg-mn,2026-09-01,MN,mx_ok,First-party location email from the official Snap Fitness US gym locator.
stlouispark@snapfitness.com,,,"Snap Fitness St. Louis Park, MN",(612) 486-2724,https://www.snapfitness.com/us/gyms/st-louis-park-mn,St. Louis Park,MN,Franchise location,Lead,New,Franchise Outreach,Jason Fallon,A,Fitness,Snap Fitness,Fitness,SEO / GBP / PPC / Web,snapfitness.com,,Franchise location,location_mailbox,Verified 2026-09-01 first-party Snap Fitness US gym locator,https://www.snapfitness.com/us/gyms/st-louis-park-mn,2026-09-01,MN,mx_ok,First-party location email from the official Snap Fitness US gym locator.
victoria@snapfitness.com,,,"Snap Fitness Victoria, MN",(763) 306-9836,https://www.snapfitness.com/us/gyms/victoria-mn,Victoria,MN,Franchise location,Lead,New,Franchise Outreach,Jason Fallon,A,Fitness,Snap Fitness,Fitness,SEO / GBP / PPC / Web,snapfitness.com,,Franchise location,location_mailbox,Verified 2026-09-01 first-party Snap Fitness US gym locator,https://www.snapfitness.com/us/gyms/victoria-mn,2026-09-01,MN,mx_ok,First-party location email from the official Snap Fitness US gym locator.
waconia@snapfitness.com,,,"Snap Fitness Waconia, MN",(952) 442-3815,https://www.snapfitness.com/us/gyms/waconia-mn,Waconia,MN,Franchise location,Lead,New,Franchise Outreach,Jason Fallon,A,Fitness,Snap Fitness,Fitness,SEO / GBP / PPC / Web,snapfitness.com,,Franchise location,location_mailbox,Verified 2026-09-01 first-party Snap Fitness US gym locator,https://www.snapfitness.com/us/gyms/waconia-mn,2026-09-01,MN,mx_ok,First-party location email from the official Snap Fitness US gym locator.
waseca@snapfitness.com,,,"Snap Fitness Waseca, MN",(507) 835-0043,https://www.snapfitness.com/us/gyms/waseca-mn,Waseca,MN,Franchise location,Lead,New,Franchise Outreach,Jason Fallon,A,Fitness,Snap Fitness,Fitness,SEO / GBP / PPC / Web,snapfitness.com,,Franchise location,location_mailbox,Verified 2026-09-01 first-party Snap Fitness US gym locator,https://www.snapfitness.com/us/gyms/waseca-mn,2026-09-01,MN,mx_ok,First-party location email from the official Snap Fitness US gym locator.
watertown@snapfitness.com,,,"Snap Fitness Watertown, MN",(612) 221-2787,https://www.snapfitness.com/us/gyms/watertown-mn,Watertown,MN,Franchise location,Lead,New,Franchise Outreach,Jason Fallon,A,Fitness,Snap Fitness,Fitness,SEO / GBP / PPC / Web,snapfitness.com,,Franchise location,location_mailbox,Verified 2026-09-01 first-party Snap Fitness US gym locator,https://www.snapfitness.com/us/gyms/watertown-mn,2026-09-01,MN,mx_ok,First-party location email from the official Snap Fitness US gym locator.
willmarmn@snapfitness.com,,,"Snap Fitness Willmar, MN",(320) 222-7627,https://www.snapfitness.com/us/gyms/willmar-mn,Willmar,MN,Franchise location,Lead,New,Franchise Outreach,Jason Fallon,A,Fitness,Snap Fitness,Fitness,SEO / GBP / PPC / Web,snapfitness.com,,Franchise location,location_mailbox,Verified 2026-09-01 first-party Snap Fitness US gym locator,https://www.snapfitness.com/us/gyms/willmar-mn,2026-09-01,MN,mx_ok,First-party location email from the official Snap Fitness US gym locator.
wyoming@snapfitness.com,,,"Snap Fitness Wyoming, MN",(651) 462-9073,https://www.snapfitness.com/us/gyms/wyoming-mn,Wyoming,MN,Franchise location,Lead,New,Franchise Outreach,Jason Fallon,A,Fitness,Snap Fitness,Fitness,SEO / GBP / PPC / Web,snapfitness.com,,Franchise location,location_mailbox,Verified 2026-09-01 first-party Snap Fitness US gym locator,https://www.snapfitness.com/us/gyms/wyoming-mn,2026-09-01,MN,mx_ok,First-party location email from the official Snap Fitness US gym locator.
zumbrota@snapfitness.com,,,"Snap Fitness Zumbrota, MN",(507) 232-7047,https://www.snapfitness.com/us/gyms/zumbrota,Zumbrota,MN,Franchise location,Lead,New,Franchise Outreach,Jason Fallon,A,Fitness,Snap Fitness,Fitness,SEO / GBP / PPC / Web,snapfitness.com,,Franchise location,location_mailbox,Verified 2026-09-01 first-party Snap Fitness US gym locator,https://www.snapfitness.com/us/gyms/zumbrota,2026-09-01,MN,mx_ok,First-party location email from the official Snap Fitness US gym locator.
leessummit@snapfitness.com,,,"Snap Fitness Lees Summit, MO",(816) 623-9775,https://www.snapfitness.com/us/gyms/lees-summit-mo,Lees Summit,MO,Franchise location,Lead,New,Franchise Outreach,Jason Fallon,A,Fitness,Snap Fitness,Fitness,SEO / GBP / PPC / Web,snapfitness.com,,Franchise location,location_mailbox,Verified 2026-09-01 first-party Snap Fitness US gym locator,https://www.snapfitness.com/us/gyms/lees-summit-mo,2026-09-01,MO,mx_ok,First-party location email from the official Snap Fitness US gym locator.
nixa@snapfitness.com,,,"Snap Fitness Nixa, MO",(417) 725-6656,https://www.snapfitness.com/us/gyms/nixa-mo,Nixa,MO,Franchise location,Lead,New,Franchise Outreach,Jason Fallon,A,Fitness,Snap Fitness,Fitness,SEO / GBP / PPC / Web,snapfitness.com,,Franchise location,location_mailbox,Verified 2026-09-01 first-party Snap Fitness US gym locator,https://www.snapfitness.com/us/gyms/nixa-mo,2026-09-01,MO,mx_ok,First-party location email from the official Snap Fitness US gym locator.
oakville2@snapfitness.com,,,"Snap Fitness Oakville, MO",(314) 846-4414,https://www.snapfitness.com/us/gyms/oakville-mo,Oakville,MO,Franchise location,Lead,New,Franchise Outreach,Jason Fallon,A,Fitness,Snap Fitness,Fitness,SEO / GBP / PPC / Web,snapfitness.com,,Franchise location,location_mailbox,Verified 2026-09-01 first-party Snap Fitness US gym locator,https://www.snapfitness.com/us/gyms/oakville-mo,2026-09-01,MO,mx_ok,First-party location email from the official Snap Fitness US gym locator.
springfield4@snapfitness.com,,,"Snap Fitness Springfield, MO",(417) 889-7627,https://www.snapfitness.com/us/gyms/springfield-mo,Springfield,MO,Franchise location,Lead,New,Franchise Outreach,Jason Fallon,A,Fitness,Snap Fitness,Fitness,SEO / GBP / PPC / Web,snapfitness.com,,Franchise location,location_mailbox,Verified 2026-09-01 first-party Snap Fitness US gym locator,https://www.snapfitness.com/us/gyms/springfield-mo,2026-09-01,MO,mx_ok,First-party location email from the official Snap Fitness US gym locator.
sullivanmo@snapfitness.com,,,"Snap Fitness Sullivan, MO",(573) 468-5656,https://www.snapfitness.com/us/gyms/sullivan-mo,Sullivan,MO,Franchise location,Lead,New,Franchise Outreach,Jason Fallon,A,Fitness,Snap Fitness,Fitness,SEO / GBP / PPC / Web,snapfitness.com,,Franchise location,location_mailbox,Verified 2026-09-01 first-party Snap Fitness US gym locator,https://www.snapfitness.com/us/gyms/sullivan-mo,2026-09-01,MO,mx_ok,First-party location email from the official Snap Fitness US gym locator.
brookhavenms@snapfitness.com,,,"Snap Fitness Brookhaven, MS",(601) 823-7080,https://www.snapfitness.com/us/gyms/brookhaven-ms,Brookhaven,MS,Franchise location,Lead,New,Franchise Outreach,Jason Fallon,A,Fitness,Snap Fitness,Fitness,SEO / GBP / PPC / Web,snapfitness.com,,Franchise location,location_mailbox,Verified 2026-09-01 first-party Snap Fitness US gym locator,https://www.snapfitness.com/us/gyms/brookhaven-ms,2026-09-01,MS,mx_ok,First-party location email from the official Snap Fitness US gym locator.
clarksdalems@snapfitness.com,,,"Snap Fitness Clarksdale, MS",(662) 627-5511,https://www.snapfitness.com/us/gyms/clarksdale-ms,Clarksdale,MS,Franchise location,Lead,New,Franchise Outreach,Jason Fallon,A,Fitness,Snap Fitness,Fitness,SEO / GBP / PPC / Web,snapfitness.com,,Franchise location,location_mailbox,Verified 2026-09-01 first-party Snap Fitness US gym locator,https://www.snapfitness.com/us/gyms/clarksdale-ms,2026-09-01,MS,mx_ok,First-party location email from the official Snap Fitness US gym locator.
greenwood@snapfitness.com,,,"Snap Fitness Greenwood, MS",(662) 546-1288,https://www.snapfitness.com/us/gyms/greenwood-ms,Greenwood,MS,Franchise location,Lead,New,Franchise Outreach,Jason Fallon,A,Fitness,Snap Fitness,Fitness,SEO / GBP / PPC / Web,snapfitness.com,,Franchise location,location_mailbox,Verified 2026-09-01 first-party Snap Fitness US gym locator,https://www.snapfitness.com/us/gyms/greenwood-ms,2026-09-01,MS,mx_ok,First-party location email from the official Snap Fitness US gym locator.
grenadams@snapfitness.com,,,"Snap Fitness Grenada, MS",(662) 294-8800,https://www.snapfitness.com/us/gyms/grenada-ms,Grenada,MS,Franchise location,Lead,New,Franchise Outreach,Jason Fallon,A,Fitness,Snap Fitness,Fitness,SEO / GBP / PPC / Web,snapfitness.com,,Franchise location,location_mailbox,Verified 2026-09-01 first-party Snap Fitness US gym locator,https://www.snapfitness.com/us/gyms/grenada-ms,2026-09-01,MS,mx_ok,First-party location email from the official Snap Fitness US gym locator.
indianolams@snapfitness.com,,,"Snap Fitness Indianola, MS",(662) 595-4069,https://www.snapfitness.com/us/gyms/indianola-ms,Indianola,MS,Franchise location,Lead,New,Franchise Outreach,Jason Fallon,A,Fitness,Snap Fitness,Fitness,SEO / GBP / PPC / Web,snapfitness.com,,Franchise location,location_mailbox,Verified 2026-09-01 first-party Snap Fitness US gym locator,https://www.snapfitness.com/us/gyms/indianola-ms,2026-09-01,MS,mx_ok,First-party location email from the official Snap Fitness US gym locator.
oxfordms@snapfitness.com,,,"Snap Fitness Oxford, MS",(662) 259-2256,https://www.snapfitness.com/us/gyms/oxford-ms,Oxford,MS,Franchise location,Lead,New,Franchise Outreach,Jason Fallon,A,Fitness,Snap Fitness,Fitness,SEO / GBP / PPC / Web,snapfitness.com,,Franchise location,location_mailbox,Verified 2026-09-01 first-party Snap Fitness US gym locator,https://www.snapfitness.com/us/gyms/oxford-ms,2026-09-01,MS,mx_ok,First-party location email from the official Snap Fitness US gym locator.
oxfordmseast@snapfitness.com,,,"Snap Fitness Oxford East, MS",(662) 550-4800,https://www.snapfitness.com/us/gyms/oxford-east-ms,Oxford,MS,Franchise location,Lead,New,Franchise Outreach,Jason Fallon,A,Fitness,Snap Fitness,Fitness,SEO / GBP / PPC / Web,snapfitness.com,,Franchise location,location_mailbox,Verified 2026-09-01 first-party Snap Fitness US gym locator,https://www.snapfitness.com/us/gyms/oxford-east-ms,2026-09-01,MS,mx_ok,First-party location email from the official Snap Fitness US gym locator.
saltilloms@snapfitness.com,,,"Snap Fitness Saltillo, MS",(662) 869-3181,https://www.snapfitness.com/us/gyms/saltillo-ms,Saltillo,MS,Franchise location,Lead,New,Franchise Outreach,Jason Fallon,A,Fitness,Snap Fitness,Fitness,SEO / GBP / PPC / Web,snapfitness.com,,Franchise location,location_mailbox,Verified 2026-09-01 first-party Snap Fitness US gym locator,https://www.snapfitness.com/us/gyms/saltillo-ms,2026-09-01,MS,mx_ok,First-party location email from the official Snap Fitness US gym locator.
tupeloms@snapfitness.com,,,"Snap Fitness Tupelo, MS",(662) 844-7627,https://www.snapfitness.com/us/gyms/tupelo-ms,Tupelo,MS,Franchise location,Lead,New,Franchise Outreach,Jason Fallon,A,Fitness,Snap Fitness,Fitness,SEO / GBP / PPC / Web,snapfitness.com,,Franchise location,location_mailbox,Verified 2026-09-01 first-party Snap Fitness US gym locator,https://www.snapfitness.com/us/gyms/tupelo-ms,2026-09-01,MS,mx_ok,First-party location email from the official Snap Fitness US gym locator.
belgrade@snapfitness.com,,,"Snap Fitness Belgrade, MT",(406) 388-0433,https://www.snapfitness.com/us/gyms/belgrade-mt,Belgrade,MT,Franchise location,Lead,New,Franchise Outreach,Jason Fallon,A,Fitness,Snap Fitness,Fitness,SEO / GBP / PPC / Web,snapfitness.com,,Franchise location,location_mailbox,Verified 2026-09-01 first-party Snap Fitness US gym locator,https://www.snapfitness.com/us/gyms/belgrade-mt,2026-09-01,MT,mx_ok,First-party location email from the official Snap Fitness US gym locator.
lolo@snapfitness.com,,,"Snap Fitness Lolo, MT",(406) 476-1616,https://www.snapfitness.com/us/gyms/lolo-mt,Lolo,MT,Franchise location,Lead,New,Franchise Outreach,Jason Fallon,A,Fitness,Snap Fitness,Fitness,SEO / GBP / PPC / Web,snapfitness.com,,Franchise location,location_mailbox,Verified 2026-09-01 first-party Snap Fitness US gym locator,https://www.snapfitness.com/us/gyms/lolo-mt,2026-09-01,MT,mx_ok,First-party location email from the official Snap Fitness US gym locator.
beaufort@snapfitness.com,,,"Snap Fitness Beaufort, NC",(252) 728-3357,https://www.snapfitness.com/us/gyms/beaufort-nc,Beaufort,NC,Franchise location,Lead,New,Franchise Outreach,Jason Fallon,A,Fitness,Snap Fitness,Fitness,SEO / GBP / PPC / Web,snapfitness.com,,Franchise location,location_mailbox,Verified 2026-09-01 first-party Snap Fitness US gym locator,https://www.snapfitness.com/us/gyms/beaufort-nc,2026-09-01,NC,mx_ok,First-party location email from the official Snap Fitness US gym locator.
charlotte4@snapfitness.com,,,"Snap Fitness Charlotte, NC",(704) 523-4015,https://www.snapfitness.com/us/gyms/charlotte-park-nc,Charlotte,NC,Franchise location,Lead,New,Franchise Outreach,Jason Fallon,A,Fitness,Snap Fitness,Fitness,SEO / GBP / PPC / Web,snapfitness.com,,Franchise location,location_mailbox,Verified 2026-09-01 first-party Snap Fitness US gym locator,https://www.snapfitness.com/us/gyms/charlotte-park-nc,2026-09-01,NC,mx_ok,First-party location email from the official Snap Fitness US gym locator.
concordhuntersville@snapfitness.com,,,"Snap Fitness Concord-Huntersville, NC",(704) 439-4543,https://www.snapfitness.com/us/gyms/concord-huntersville-nc,Davidson,NC,Franchise location,Lead,New,Franchise Outreach,Jason Fallon,A,Fitness,Snap Fitness,Fitness,SEO / GBP / PPC / Web,snapfitness.com,,Franchise location,location_mailbox,Verified 2026-09-01 first-party Snap Fitness US gym locator,https://www.snapfitness.com/us/gyms/concord-huntersville-nc,2026-09-01,NC,mx_ok,First-party location email from the official Snap Fitness US gym locator.
davidsonnc@snapfitness.com,,,"Snap Fitness Davidson, NC",(704) 895-7474,https://www.snapfitness.com/us/gyms/davidson-nc,Davidson,NC,Franchise location,Lead,New,Franchise Outreach,Jason Fallon,A,Fitness,Snap Fitness,Fitness,SEO / GBP / PPC / Web,snapfitness.com,,Franchise location,location_mailbox,Verified 2026-09-01 first-party Snap Fitness US gym locator,https://www.snapfitness.com/us/gyms/davidson-nc,2026-09-01,NC,mx_ok,First-party location email from the official Snap Fitness US gym locator.
greenvillenc@snapfitness.com,,,"Snap Fitness Greenville, NC",(252) 758-7627,https://www.snapfitness.com/us/gyms/greenville-nc,Greenville,NC,Franchise location,Lead,New,Franchise Outreach,Jason Fallon,A,Fitness,Snap Fitness,Fitness,SEO / GBP / PPC / Web,snapfitness.com,,Franchise location,location_mailbox,Verified 2026-09-01 first-party Snap Fitness US gym locator,https://www.snapfitness.com/us/gyms/greenville-nc,2026-09-01,NC,mx_ok,First-party location email from the official Snap Fitness US gym locator.
oakridgenc@snapfitness.com,,,"Snap Fitness Oak Ridge, NC",(336) 643-5501,https://www.snapfitness.com/us/gyms/oak-ridge-nc,Oak Ridge,NC,Franchise location,Lead,New,Franchise Outreach,Jason Fallon,A,Fitness,Snap Fitness,Fitness,SEO / GBP / PPC / Web,snapfitness.com,,Franchise location,location_mailbox,Verified 2026-09-01 first-party Snap Fitness US gym locator,https://www.snapfitness.com/us/gyms/oak-ridge-nc,2026-09-01,NC,mx_ok,First-party location email from the official Snap Fitness US gym locator.
waxhawnc@snapfitness.com,,,"Snap Fitness Waxhaw, NC",(704) 256-1306,https://www.snapfitness.com/us/gyms/waxhaw-nc,Waxhaw,NC,Franchise location,Lead,New,Franchise Outreach,Jason Fallon,A,Fitness,Snap Fitness,Fitness,SEO / GBP / PPC / Web,snapfitness.com,,Franchise location,location_mailbox,Verified 2026-09-01 first-party Snap Fitness US gym locator,https://www.snapfitness.com/us/gyms/waxhaw-nc,2026-09-01,NC,mx_ok,First-party location email from the official Snap Fitness US gym locator.
wahpeton@snapfitness.com,,,"Snap Fitness Wahpeton, ND",(701) 672-7627,https://www.snapfitness.com/us/gyms/wahpeton-nd,Wahpeton,ND,Franchise location,Lead,New,Franchise Outreach,Jason Fallon,A,Fitness,Snap Fitness,Fitness,SEO / GBP / PPC / Web,snapfitness.com,,Franchise location,location_mailbox,Verified 2026-09-01 first-party Snap Fitness US gym locator,https://www.snapfitness.com/us/gyms/wahpeton-nd,2026-09-01,ND,mx_ok,First-party location email from the official Snap Fitness US gym locator.
lincoln@snapfitness.com,,,"Snap Fitness Lincoln, NE",(402) 476-5444,https://www.snapfitness.com/us/gyms/lincoln-nw-ne,Lincoln,NE,Franchise location,Lead,New,Franchise Outreach,Jason Fallon,A,Fitness,Snap Fitness,Fitness,SEO / GBP / PPC / Web,snapfitness.com,,Franchise location,location_mailbox,Verified 2026-09-01 first-party Snap Fitness US gym locator,https://www.snapfitness.com/us/gyms/lincoln-nw-ne,2026-09-01,NE,mx_ok,First-party location email from the official Snap Fitness US gym locator.
franklinnh@snapfitness.com,,,"Snap Fitness Franklin, NH",(603) 671-7008,https://www.snapfitness.com/us/gyms/franklin-nh,Franklin,NH,Franchise location,Lead,New,Franchise Outreach,Jason Fallon,A,Fitness,Snap Fitness,Fitness,SEO / GBP / PPC / Web,snapfitness.com,,Franchise location,location_mailbox,Verified 2026-09-01 first-party Snap Fitness US gym locator,https://www.snapfitness.com/us/gyms/franklin-nh,2026-09-01,NH,mx_ok,First-party location email from the official Snap Fitness US gym locator.
allentownnj@snapfitness.com,,,"Snap Fitness Allentown, NJ",(609) 357-1177,https://www.snapfitness.com/us/gyms/allentown-nj,Allentown,NJ,Franchise location,Lead,New,Franchise Outreach,Jason Fallon,A,Fitness,Snap Fitness,Fitness,SEO / GBP / PPC / Web,snapfitness.com,,Franchise location,location_mailbox,Verified 2026-09-01 first-party Snap Fitness US gym locator,https://www.snapfitness.com/us/gyms/allentown-nj,2026-09-01,NJ,mx_ok,First-party location email from the official Snap Fitness US gym locator.
jerseycity@snapfitness.com,,,"Snap Fitness Jersey City, NJ",(201) 876-2502,https://www.snapfitness.com/us/gyms/jersey-city-nj,Jersey City,NJ,Franchise location,Lead,New,Franchise Outreach,Jason Fallon,A,Fitness,Snap Fitness,Fitness,SEO / GBP / PPC / Web,snapfitness.com,,Franchise location,location_mailbox,Verified 2026-09-01 first-party Snap Fitness US gym locator,https://www.snapfitness.com/us/gyms/jersey-city-nj,2026-09-01,NJ,mx_ok,First-party location email from the official Snap Fitness US gym locator.
medfordnj@snapfitness.com,,,"Snap Fitness Medford, NJ",(609) 953-7627,https://www.snapfitness.com/us/gyms/medford-nj,Medford,NJ,Franchise location,Lead,New,Franchise Outreach,Jason Fallon,A,Fitness,Snap Fitness,Fitness,SEO / GBP / PPC / Web,snapfitness.com,,Franchise location,location_mailbox,Verified 2026-09-01 first-party Snap Fitness US gym locator,https://www.snapfitness.com/us/gyms/medford-nj,2026-09-01,NJ,mx_ok,First-party location email from the official Snap Fitness US gym locator.
jeffersonnj@snapfitness.com,,,"Snap Fitness Oak Ridge, NJ",(973) 409-4299,https://www.snapfitness.com/us/gyms/oak-ridge-nj,Oak Ridge,NJ,Franchise location,Lead,New,Franchise Outreach,Jason Fallon,A,Fitness,Snap Fitness,Fitness,SEO / GBP / PPC / Web,snapfitness.com,,Franchise location,location_mailbox,Verified 2026-09-01 first-party Snap Fitness US gym locator,https://www.snapfitness.com/us/gyms/oak-ridge-nj,2026-09-01,NJ,mx_ok,First-party location email from the official Snap Fitness US gym locator.
ringwood@snapfitness.com,,,"Snap Fitness Ringwood, NJ",(973) 556-5956,https://www.snapfitness.com/us/gyms/ringwood-nj,Ringwood,NJ,Franchise location,Lead,New,Franchise Outreach,Jason Fallon,A,Fitness,Snap Fitness,Fitness,SEO / GBP / PPC / Web,snapfitness.com,,Franchise location,location_mailbox,Verified 2026-09-01 first-party Snap Fitness US gym locator,https://www.snapfitness.com/us/gyms/ringwood-nj,2026-09-01,NJ,mx_ok,First-party location email from the official Snap Fitness US gym locator.
montville@snapfitness.com,,,"Snap Fitness Montville, NJ",(973) 917-4555,https://www.snapfitness.com/us/gyms/montville-nj,Towaco,NJ,Franchise location,Lead,New,Franchise Outreach,Jason Fallon,A,Fitness,Snap Fitness,Fitness,SEO / GBP / PPC / Web,snapfitness.com,,Franchise location,location_mailbox,Verified 2026-09-01 first-party Snap Fitness US gym locator,https://www.snapfitness.com/us/gyms/montville-nj,2026-09-01,NJ,mx_ok,First-party location email from the official Snap Fitness US gym locator.
vernonnj@snapfitness.com,,,"Snap Fitness Vernon, NJ",(973) 764-7627,https://www.snapfitness.com/us/gyms/vernon-nj,Vernon,NJ,Franchise location,Lead,New,Franchise Outreach,Jason Fallon,A,Fitness,Snap Fitness,Fitness,SEO / GBP / PPC / Web,snapfitness.com,,Franchise location,location_mailbox,Verified 2026-09-01 first-party Snap Fitness US gym locator,https://www.snapfitness.com/us/gyms/vernon-nj,2026-09-01,NJ,mx_ok,First-party location email from the official Snap Fitness US gym locator.
wantage@snapfitness.com,,,"Snap Fitness Wantage, NJ",(973) 875-0600,https://www.snapfitness.com/us/gyms/wantage-nj,Wantage,NJ,Franchise location,Lead,New,Franchise Outreach,Jason Fallon,A,Fitness,Snap Fitness,Fitness,SEO / GBP / PPC / Web,snapfitness.com,,Franchise location,location_mailbox,Verified 2026-09-01 first-party Snap Fitness US gym locator,https://www.snapfitness.com/us/gyms/wantage-nj,2026-09-01,NJ,mx_ok,First-party location email from the official Snap Fitness US gym locator.
westmilfordnj@snapfitness.com,,,"Snap Fitness West Milford, NJ",(973) 506-4333,https://www.snapfitness.com/us/gyms/west-milford-nj,West Milford,NJ,Franchise location,Lead,New,Franchise Outreach,Jason Fallon,A,Fitness,Snap Fitness,Fitness,SEO / GBP / PPC / Web,snapfitness.com,,Franchise location,location_mailbox,Verified 2026-09-01 first-party Snap Fitness US gym locator,https://www.snapfitness.com/us/gyms/west-milford-nj,2026-09-01,NJ,mx_ok,First-party location email from the official Snap Fitness US gym locator.
abq1@snapfitness.com,,,"Snap Fitness ABQ Carmel, NM",(505) 332-3944,https://www.snapfitness.com/us/gyms/abq-carmel-nm,Albuquerque,NM,Franchise location,Lead,New,Franchise Outreach,Jason Fallon,A,Fitness,Snap Fitness,Fitness,SEO / GBP / PPC / Web,snapfitness.com,,Franchise location,location_mailbox,Verified 2026-09-01 first-party Snap Fitness US gym locator,https://www.snapfitness.com/us/gyms/abq-carmel-nm,2026-09-01,NM,mx_ok,First-party location email from the official Snap Fitness US gym locator.
abq@snapfitness.com,,,"Snap Fitness ABQ Tramway, NM",(505) 839-1535,https://www.snapfitness.com/us/gyms/abq-tramway-nm,Albuquerque,NM,Franchise location,Lead,New,Franchise Outreach,Jason Fallon,A,Fitness,Snap Fitness,Fitness,SEO / GBP / PPC / Web,snapfitness.com,,Franchise location,location_mailbox,Verified 2026-09-01 first-party Snap Fitness US gym locator,https://www.snapfitness.com/us/gyms/abq-tramway-nm,2026-09-01,NM,mx_ok,First-party location email from the official Snap Fitness US gym locator.
grants@snapfitness.com,,,"Snap Fitness Grants, NM",(505) 287-9784,https://www.snapfitness.com/us/gyms/grants-nm,Grants,NM,Franchise location,Lead,New,Franchise Outreach,Jason Fallon,A,Fitness,Snap Fitness,Fitness,SEO / GBP / PPC / Web,snapfitness.com,,Franchise location,location_mailbox,Verified 2026-09-01 first-party Snap Fitness US gym locator,https://www.snapfitness.com/us/gyms/grants-nm,2026-09-01,NM,mx_ok,First-party location email from the official Snap Fitness US gym locator.
portales@snapfitness.com,,,"Snap Fitness Portales, NM",(575) 359-7100,https://www.snapfitness.com/us/gyms/portales-nm,Portales,NM,Franchise location,Lead,New,Franchise Outreach,Jason Fallon,A,Fitness,Snap Fitness,Fitness,SEO / GBP / PPC / Web,snapfitness.com,,Franchise location,location_mailbox,Verified 2026-09-01 first-party Snap Fitness US gym locator,https://www.snapfitness.com/us/gyms/portales-nm,2026-09-01,NM,mx_ok,First-party location email from the official Snap Fitness US gym locator.
bouldercity@snapfitness.com,,,"Snap Fitness Boulder City, NV",(702) 403-1671,https://www.snapfitness.com/us/gyms/boulder-city-nv,Boulder City,NV,Franchise location,Lead,New,Franchise Outreach,Jason Fallon,A,Fitness,Snap Fitness,Fitness,SEO / GBP / PPC / Web,snapfitness.com,,Franchise location,location_mailbox,Verified 2026-09-01 first-party Snap Fitness US gym locator,https://www.snapfitness.com/us/gyms/boulder-city-nv,2026-09-01,NV,mx_ok,First-party location email from the official Snap Fitness US gym locator.
alden@snapfitness.com,,,"Snap Fitness Alden, NY",(716) 902-4250,https://www.snapfitness.com/us/gyms/alden-ny,Alden,NY,Franchise location,Lead,New,Franchise Outreach,Jason Fallon,A,Fitness,Snap Fitness,Fitness,SEO / GBP / PPC / Web,snapfitness.com,,Franchise location,location_mailbox,Verified 2026-09-01 first-party Snap Fitness US gym locator,https://www.snapfitness.com/us/gyms/alden-ny,2026-09-01,NY,mx_ok,First-party location email from the official Snap Fitness US gym locator.
corningny@snapfitness.com,,,"Snap Fitness Corning, NY",(607) 973-2888,https://www.snapfitness.com/us/gyms/corning-ny,Corning,NY,Franchise location,Lead,New,Franchise Outreach,Jason Fallon,A,Fitness,Snap Fitness,Fitness,SEO / GBP / PPC / Web,snapfitness.com,,Franchise location,location_mailbox,Verified 2026-09-01 first-party Snap Fitness US gym locator,https://www.snapfitness.com/us/gyms/corning-ny,2026-09-01,NY,mx_ok,First-party location email from the official Snap Fitness US gym locator.
derby@snapfitness.com,,,"Snap Fitness Derby, NY",(716) 947-9010,https://www.snapfitness.com/us/gyms/derby-ny,Derby,NY,Franchise location,Lead,New,Franchise Outreach,Jason Fallon,A,Fitness,Snap Fitness,Fitness,SEO / GBP / PPC / Web,snapfitness.com,,Franchise location,location_mailbox,Verified 2026-09-01 first-party Snap Fitness US gym locator,https://www.snapfitness.com/us/gyms/derby-ny,2026-09-01,NY,mx_ok,First-party location email from the official Snap Fitness US gym locator.
eastaurora@snapfitness.com,,,"Snap Fitness East Aurora, NY",(716) 655-6600,https://www.snapfitness.com/us/gyms/east-aurora-ny,East Aurora,NY,Franchise location,Lead,New,Franchise Outreach,Jason Fallon,A,Fitness,Snap Fitness,Fitness,SEO / GBP / PPC / Web,snapfitness.com,,Franchise location,location_mailbox,Verified 2026-09-01 first-party Snap Fitness US gym locator,https://www.snapfitness.com/us/gyms/east-aurora-ny,2026-09-01,NY,mx_ok,First-party location email from the official Snap Fitness US gym locator.
elmira@snapfitness.com,,,"Snap Fitness Elmira, NY",(607) 973-2888,https://www.snapfitness.com/us/gyms/elmira-ny,Elmira,NY,Franchise location,Lead,New,Franchise Outreach,Jason Fallon,A,Fitness,Snap Fitness,Fitness,SEO / GBP / PPC / Web,snapfitness.com,,Franchise location,location_mailbox,Verified 2026-09-01 first-party Snap Fitness US gym locator,https://www.snapfitness.com/us/gyms/elmira-ny,2026-09-01,NY,mx_ok,First-party location email from the official Snap Fitness US gym locator.
grandislandny@snapfitness.com,,,"Snap Fitness Grand Island, NY",(716) 775-8486,https://www.snapfitness.com/us/gyms/grand-island-ny,Grand Island,NY,Franchise location,Lead,New,Franchise Outreach,Jason Fallon,A,Fitness,Snap Fitness,Fitness,SEO / GBP / PPC / Web,snapfitness.com,,Franchise location,location_mailbox,Verified 2026-09-01 first-party Snap Fitness US gym locator,https://www.snapfitness.com/us/gyms/grand-island-ny,2026-09-01,NY,mx_ok,First-party location email from the official Snap Fitness US gym locator.
lockport@snapfitness.com,,,"Snap Fitness Wrights Corners, NY",(716) 201-4663,https://www.snapfitness.com/us/gyms/wrights-corners-ny,Lockport,NY,Franchise location,Lead,New,Franchise Outreach,Jason Fallon,A,Fitness,Snap Fitness,Fitness,SEO / GBP / PPC / Web,snapfitness.com,,Franchise location,location_mailbox,Verified 2026-09-01 first-party Snap Fitness US gym locator,https://www.snapfitness.com/us/gyms/wrights-corners-ny,2026-09-01,NY,mx_ok,First-party location email from the official Snap Fitness US gym locator.
medinany@snapfitness.com,,,"Snap Fitness Medina, NY",(585) 735-4201,https://www.snapfitness.com/us/gyms/medina-ny,Medina,NY,Franchise location,Lead,New,Franchise Outreach,Jason Fallon,A,Fitness,Snap Fitness,Fitness,SEO / GBP / PPC / Web,snapfitness.com,,Franchise location,location_mailbox,Verified 2026-09-01 first-party Snap Fitness US gym locator,https://www.snapfitness.com/us/gyms/medina-ny,2026-09-01,NY,mx_ok,First-party location email from the official Snap Fitness US gym locator.
orchardparkny@snapfitness.com,,,"Snap Fitness Orchard Park, NY",(716) 508-8400,https://www.snapfitness.com/us/gyms/orchard-park-ny,Orchard Park,NY,Franchise location,Lead,New,Franchise Outreach,Jason Fallon,A,Fitness,Snap Fitness,Fitness,SEO / GBP / PPC / Web,snapfitness.com,,Franchise location,location_mailbox,Verified 2026-09-01 first-party Snap Fitness US gym locator,https://www.snapfitness.com/us/gyms/orchard-park-ny,2026-09-01,NY,mx_ok,First-party location email from the official Snap Fitness US gym locator.
stonypoint@snapfitness.com,,,"Snap Fitness Stony Point, NY",(845) 269-3333,https://www.snapfitness.com/us/gyms/stony-point-ny,Stony Point,NY,Franchise location,Lead,New,Franchise Outreach,Jason Fallon,A,Fitness,Snap Fitness,Fitness,SEO / GBP / PPC / Web,snapfitness.com,,Franchise location,location_mailbox,Verified 2026-09-01 first-party Snap Fitness US gym locator,https://www.snapfitness.com/us/gyms/stony-point-ny,2026-09-01,NY,mx_ok,First-party location email from the official Snap Fitness US gym locator.
tarrytown@snapfitness.com,,,"Snap Fitness Tarrytown, NY",(914) 499-3999,https://www.snapfitness.com/us/gyms/tarrytown-ny,Tarrytown,NY,Franchise location,Lead,New,Franchise Outreach,Jason Fallon,A,Fitness,Snap Fitness,Fitness,SEO / GBP / PPC / Web,snapfitness.com,,Franchise location,location_mailbox,Verified 2026-09-01 first-party Snap Fitness US gym locator,https://www.snapfitness.com/us/gyms/tarrytown-ny,2026-09-01,NY,mx_ok,First-party location email from the official Snap Fitness US gym locator.
warwick@snapfitness.com,,,"Snap Fitness Warwick, NY",(845) 987-9656,https://www.snapfitness.com/us/gyms/warwick-ny,Warwick,NY,Franchise location,Lead,New,Franchise Outreach,Jason Fallon,A,Fitness,Snap Fitness,Fitness,SEO / GBP / PPC / Web,snapfitness.com,,Franchise location,location_mailbox,Verified 2026-09-01 first-party Snap Fitness US gym locator,https://www.snapfitness.com/us/gyms/warwick-ny,2026-09-01,NY,mx_ok,First-party location email from the official Snap Fitness US gym locator.
ashlandoh@snapfitness.com,,,"Snap Fitness Ashland, OH",(419) 903-0577,https://www.snapfitness.com/us/gyms/ashland-oh,Ashland,OH,Franchise location,Lead,New,Franchise Outreach,Jason Fallon,A,Fitness,Snap Fitness,Fitness,SEO / GBP / PPC / Web,snapfitness.com,,Franchise location,location_mailbox,Verified 2026-09-01 first-party Snap Fitness US gym locator,https://www.snapfitness.com/us/gyms/ashland-oh,2026-09-01,OH,mx_ok,First-party location email from the official Snap Fitness US gym locator.
auroraoh@snapfitness.com,,,"Snap Fitness Aurora, OH",(330) 995-0795,https://www.snapfitness.com/us/gyms/aurora-oh,Aurora,OH,Franchise location,Lead,New,Franchise Outreach,Jason Fallon,A,Fitness,Snap Fitness,Fitness,SEO / GBP / PPC / Web,snapfitness.com,,Franchise location,location_mailbox,Verified 2026-09-01 first-party Snap Fitness US gym locator,https://www.snapfitness.com/us/gyms/aurora-oh,2026-09-01,OH,mx_ok,First-party location email from the official Snap Fitness US gym locator.
bexleyoh@snapfitness.com,,,"Snap Fitness Bexley, OH",(614) 824-2082,https://www.snapfitness.com/us/gyms/bexley-oh,Bexley,OH,Franchise location,Lead,New,Franchise Outreach,Jason Fallon,A,Fitness,Snap Fitness,Fitness,SEO / GBP / PPC / Web,snapfitness.com,,Franchise location,location_mailbox,Verified 2026-09-01 first-party Snap Fitness US gym locator,https://www.snapfitness.com/us/gyms/bexley-oh,2026-09-01,OH,mx_ok,First-party location email from the official Snap Fitness US gym locator.
canalfulton@snapfitness.com,,,"Snap Fitness Canal Fulton, OH",(330) 460-4446,https://www.snapfitness.com/us/gyms/canal-fulton-oh,Canal Fulton,OH,Franchise location,Lead,New,Franchise Outreach,Jason Fallon,A,Fitness,Snap Fitness,Fitness,SEO / GBP / PPC / Web,snapfitness.com,,Franchise location,location_mailbox,Verified 2026-09-01 first-party Snap Fitness US gym locator,https://www.snapfitness.com/us/gyms/canal-fulton-oh,2026-09-01,OH,mx_ok,First-party location email from the official Snap Fitness US gym locator.
celinaoh@snapfitness.com,,,"Snap Fitness Celina, OH",(567) 890-7627,https://www.snapfitness.com/us/gyms/celina-oh,Celina,OH,Franchise location,Lead,New,Franchise Outreach,Jason Fallon,A,Fitness,Snap Fitness,Fitness,SEO / GBP / PPC / Web,snapfitness.com,,Franchise location,location_mailbox,Verified 2026-09-01 first-party Snap Fitness US gym locator,https://www.snapfitness.com/us/gyms/celina-oh,2026-09-01,OH,mx_ok,First-party location email from the official Snap Fitness US gym locator.
chagrinfalls@snapfitness.com,,,"Snap Fitness Chagrin Falls, OH",(440) 247-2013,https://www.snapfitness.com/us/gyms/chagrin-falls-oh,Chagrin Falls,OH,Franchise location,Lead,New,Franchise Outreach,Jason Fallon,A,Fitness,Snap Fitness,Fitness,SEO / GBP / PPC / Web,snapfitness.com,,Franchise location,location_mailbox,Verified 2026-09-01 first-party Snap Fitness US gym locator,https://www.snapfitness.com/us/gyms/chagrin-falls-oh,2026-09-01,OH,mx_ok,First-party location email from the official Snap Fitness US gym locator.
chardon@snapfitness.com,,,"Snap Fitness Chardon, OH",(440) 286-1060,https://www.snapfitness.com/us/gyms/chardon-oh,Chardon,OH,Franchise location,Lead,New,Franchise Outreach,Jason Fallon,A,Fitness,Snap Fitness,Fitness,SEO / GBP / PPC / Web,snapfitness.com,,Franchise location,location_mailbox,Verified 2026-09-01 first-party Snap Fitness US gym locator,https://www.snapfitness.com/us/gyms/chardon-oh,2026-09-01,OH,mx_ok,First-party location email from the official Snap Fitness US gym locator.
cincinnatiwest@snapfitness.com,,,"Snap Fitness Cincinnati West, OH",(513) 574-7627,https://www.snapfitness.com/us/gyms/cincinnati-west-oh,Cincinnati,OH,Franchise location,Lead,New,Franchise Outreach,Jason Fallon,A,Fitness,Snap Fitness,Fitness,SEO / GBP / PPC / Web,snapfitness.com,,Franchise location,location_mailbox,Verified 2026-09-01 first-party Snap Fitness US gym locator,https://www.snapfitness.com/us/gyms/cincinnati-west-oh,2026-09-01,OH,mx_ok,First-party location email from the official Snap Fitness US gym locator.
circleville@snapfitness.com,,,"Snap Fitness Circleville, OH",(740) 420-7627,https://www.snapfitness.com/us/gyms/circleville-oh,Circleville,OH,Franchise location,Lead,New,Franchise Outreach,Jason Fallon,A,Fitness,Snap Fitness,Fitness,SEO / GBP / PPC / Web,snapfitness.com,,Franchise location,location_mailbox,Verified 2026-09-01 first-party Snap Fitness US gym locator,https://www.snapfitness.com/us/gyms/circleville-oh,2026-09-01,OH,mx_ok,First-party location email from the official Snap Fitness US gym locator.
germanvillage@snapfitness.com,,,"Snap Fitness German Village, OH",(614) 754-7014,https://www.snapfitness.com/us/gyms/german-village-oh,Columbus,OH,Franchise location,Lead,New,Franchise Outreach,Jason Fallon,A,Fitness,Snap Fitness,Fitness,SEO / GBP / PPC / Web,snapfitness.com,,Franchise location,location_mailbox,Verified 2026-09-01 first-party Snap Fitness US gym locator,https://www.snapfitness.com/us/gyms/german-village-oh,2026-09-01,OH,mx_ok,First-party location email from the official Snap Fitness US gym locator.
grandviewoh@snapfitness.com,,,"Snap Fitness Grandview, OH",(614) 559-9955,https://www.snapfitness.com/us/gyms/grandview-oh,Columbus,OH,Franchise location,Lead,New,Franchise Outreach,Jason Fallon,A,Fitness,Snap Fitness,Fitness,SEO / GBP / PPC / Web,snapfitness.com,,Franchise location,location_mailbox,Verified 2026-09-01 first-party Snap Fitness US gym locator,https://www.snapfitness.com/us/gyms/grandview-oh,2026-09-01,OH,mx_ok,First-party location email from the official Snap Fitness US gym locator.
shortnorth@snapfitness.com,,,"Snap Fitness Columbus-Short North, OH",(614) 299-9006,https://www.snapfitness.com/us/gyms/columbus-short-north-oh,Columbus-Short North,OH,Franchise location,Lead,New,Franchise Outreach,Jason Fallon,A,Fitness,Snap Fitness,Fitness,SEO / GBP / PPC / Web,snapfitness.com,,Franchise location,location_mailbox,Verified 2026-09-01 first-party Snap Fitness US gym locator,https://www.snapfitness.com/us/gyms/columbus-short-north-oh,2026-09-01,OH,mx_ok,First-party location email from the official Snap Fitness US gym locator.
dayton@snapfitness.com,,,"Snap Fitness Dayton, OH",(937) 567-0105,https://www.snapfitness.com/us/gyms/dayton-oh,Dayton,OH,Franchise location,Lead,New,Franchise Outreach,Jason Fallon,A,Fitness,Snap Fitness,Fitness,SEO / GBP / PPC / Web,snapfitness.com,,Franchise location,location_mailbox,Verified 2026-09-01 first-party Snap Fitness US gym locator,https://www.snapfitness.com/us/gyms/dayton-oh,2026-09-01,OH,mx_ok,First-party location email from the official Snap Fitness US gym locator.
dublinoh@snapfitness.com,,,"Snap Fitness Dublin, OH",(614) 356-8389,https://www.snapfitness.com/us/gyms/dublin-oh,Dublin,OH,Franchise location,Lead,New,Franchise Outreach,Jason Fallon,A,Fitness,Snap Fitness,Fitness,SEO / GBP / PPC / Web,snapfitness.com,,Franchise location,location_mailbox,Verified 2026-09-01 first-party Snap Fitness US gym locator,https://www.snapfitness.com/us/gyms/dublin-oh,2026-09-01,OH,mx_ok,First-party location email from the official Snap Fitness US gym locator.
garrettsville@snapfitness.com,,,"Snap Fitness Garrettsville, OH",(330) 527-8032,https://www.snapfitness.com/us/gyms/garrettsville-oh,Garrettsville,OH,Franchise location,Lead,New,Franchise Outreach,Jason Fallon,A,Fitness,Snap Fitness,Fitness,SEO / GBP / PPC / Web,snapfitness.com,,Franchise location,location_mailbox,Verified 2026-09-01 first-party Snap Fitness US gym locator,https://www.snapfitness.com/us/gyms/garrettsville-oh,2026-09-01,OH,mx_ok,First-party location email from the official Snap Fitness US gym locator.
genevaoh@snapfitness.com,,,"Snap Fitness Geneva, OH",(440) 466-9143,https://www.snapfitness.com/us/gyms/geneva-oh,Geneva,OH,Franchise location,Lead,New,Franchise Outreach,Jason Fallon,A,Fitness,Snap Fitness,Fitness,SEO / GBP / PPC / Web,snapfitness.com,,Franchise location,location_mailbox,Verified 2026-09-01 first-party Snap Fitness US gym locator,https://www.snapfitness.com/us/gyms/geneva-oh,2026-09-01,OH,mx_ok,First-party location email from the official Snap Fitness US gym locator.
greenville@snapfitness.com,,,"Snap Fitness Greenville, OH",(937) 547-3311,https://www.snapfitness.com/us/gyms/greenville-oh,Greenville,OH,Franchise location,Lead,New,Franchise Outreach,Jason Fallon,A,Fitness,Snap Fitness,Fitness,SEO / GBP / PPC / Web,snapfitness.com,,Franchise location,location_mailbox,Verified 2026-09-01 first-party Snap Fitness US gym locator,https://www.snapfitness.com/us/gyms/greenville-oh,2026-09-01,OH,mx_ok,First-party location email from the official Snap Fitness US gym locator.
madisonoh@snapfitness.com,,,"Snap Fitness Madison, OH",(440) 290-4255,https://www.snapfitness.com/us/gyms/madison-oh,Madison,OH,Franchise location,Lead,New,Franchise Outreach,Jason Fallon,A,Fitness,Snap Fitness,Fitness,SEO / GBP / PPC / Web,snapfitness.com,,Franchise location,location_mailbox,Verified 2026-09-01 first-party Snap Fitness US gym locator,https://www.snapfitness.com/us/gyms/madison-oh,2026-09-01,OH,mx_ok,First-party location email from the official Snap Fitness US gym locator.
mansfield-lexington@snapfitness.com,,,"Snap Fitness Mansfield-Lexington, OH",(419) 560-2031,https://www.snapfitness.com/us/gyms/mansfield-lexington-oh,Mansfield,OH,Franchise location,Lead,New,Franchise Outreach,Jason Fallon,A,Fitness,Snap Fitness,Fitness,SEO / GBP / PPC / Web,snapfitness.com,,Franchise location,location_mailbox,Verified 2026-09-01 first-party Snap Fitness US gym locator,https://www.snapfitness.com/us/gyms/mansfield-lexington-oh,2026-09-01,OH,mx_ok,First-party location email from the official Snap Fitness US gym locator.
mansfieldoh@snapfitness.com,,,"Snap Fitness Mansfield, OH",(419) 610-2111,https://www.snapfitness.com/us/gyms/mansfield-oh,Mansfield,OH,Franchise location,Lead,New,Franchise Outreach,Jason Fallon,A,Fitness,Snap Fitness,Fitness,SEO / GBP / PPC / Web,snapfitness.com,,Franchise location,location_mailbox,Verified 2026-09-01 first-party Snap Fitness US gym locator,https://www.snapfitness.com/us/gyms/mansfield-oh,2026-09-01,OH,mx_ok,First-party location email from the official Snap Fitness US gym locator.
mtorab@snapfitness.com,,,"Snap Fitness Mt. Orab, OH",(937) 444-5230,https://www.snapfitness.com/us/gyms/mt-orab-oh,Mount Orab,OH,Franchise location,Lead,New,Franchise Outreach,Jason Fallon,A,Fitness,Snap Fitness,Fitness,SEO / GBP / PPC / Web,snapfitness.com,,Franchise location,location_mailbox,Verified 2026-09-01 first-party Snap Fitness US gym locator,https://www.snapfitness.com/us/gyms/mt-orab-oh,2026-09-01,OH,mx_ok,First-party location email from the official Snap Fitness US gym locator.
sthenryoh@snapfitness.com,,,"Snap Fitness St. Henry, OH",(419) 678-7627,https://www.snapfitness.com/us/gyms/st-henry-oh,Saint Henry,OH,Franchise location,Lead,New,Franchise Outreach,Jason Fallon,A,Fitness,Snap Fitness,Fitness,SEO / GBP / PPC / Web,snapfitness.com,,Franchise location,location_mailbox,Verified 2026-09-01 first-party Snap Fitness US gym locator,https://www.snapfitness.com/us/gyms/st-henry-oh,2026-09-01,OH,mx_ok,First-party location email from the official Snap Fitness US gym locator.
stmarys@snapfitness.com,,,"Snap Fitness St. Marys, OH",(419) 300-9623,https://www.snapfitness.com/us/gyms/st-marys-oh,Saint Marys,OH,Franchise location,Lead,New,Franchise Outreach,Jason Fallon,A,Fitness,Snap Fitness,Fitness,SEO / GBP / PPC / Web,snapfitness.com,,Franchise location,location_mailbox,Verified 2026-09-01 first-party Snap Fitness US gym locator,https://www.snapfitness.com/us/gyms/st-marys-oh,2026-09-01,OH,mx_ok,First-party location email from the official Snap Fitness US gym locator.
shelby@snapfitness.com,,,"Snap Fitness Shelby, OH",(419) 342-4000,https://www.snapfitness.com/us/gyms/shelby-oh,Shelby,OH,Franchise location,Lead,New,Franchise Outreach,Jason Fallon,A,Fitness,Snap Fitness,Fitness,SEO / GBP / PPC / Web,snapfitness.com,,Franchise location,location_mailbox,Verified 2026-09-01 first-party Snap Fitness US gym locator,https://www.snapfitness.com/us/gyms/shelby-oh,2026-09-01,OH,mx_ok,First-party location email from the official Snap Fitness US gym locator.
twinsburg@snapfitness.com,,,"Snap Fitness Twinsburg-Hudson, OH",(330) 963-6527,https://www.snapfitness.com/us/gyms/twinsburg-hudson-oh,Twinsburg,OH,Franchise location,Lead,New,Franchise Outreach,Jason Fallon,A,Fitness,Snap Fitness,Fitness,SEO / GBP / PPC / Web,snapfitness.com,,Franchise location,location_mailbox,Verified 2026-09-01 first-party Snap Fitness US gym locator,https://www.snapfitness.com/us/gyms/twinsburg-hudson-oh,2026-09-01,OH,mx_ok,First-party location email from the official Snap Fitness US gym locator.
upperarlington@snapfitness.com,,,"Snap Fitness Upper Arlington, OH",(614) 824-5291,https://www.snapfitness.com/us/gyms/upper-arlington-oh,Upper Arlington,OH,Franchise location,Lead,New,Franchise Outreach,Jason Fallon,A,Fitness,Snap Fitness,Fitness,SEO / GBP / PPC / Web,snapfitness.com,,Franchise location,location_mailbox,Verified 2026-09-01 first-party Snap Fitness US gym locator,https://www.snapfitness.com/us/gyms/upper-arlington-oh,2026-09-01,OH,mx_ok,First-party location email from the official Snap Fitness US gym locator.
xeniaoh@snapfitness.com,,,"Snap Fitness Xenia, OH",(937) 372-5500,https://www.snapfitness.com/us/gyms/xenia-oh,Xenia,OH,Franchise location,Lead,New,Franchise Outreach,Jason Fallon,A,Fitness,Snap Fitness,Fitness,SEO / GBP / PPC / Web,snapfitness.com,,Franchise location,location_mailbox,Verified 2026-09-01 first-party Snap Fitness US gym locator,https://www.snapfitness.com/us/gyms/xenia-oh,2026-09-01,OH,mx_ok,First-party location email from the official Snap Fitness US gym locator.
ashlandor@snapfitness.com,,,"Snap Fitness Ashland Downtown, OR",(541) 201-2444,https://www.snapfitness.com/us/gyms/ashland-downtown-or,Ashland,OR,Franchise location,Lead,New,Franchise Outreach,Jason Fallon,A,Fitness,Snap Fitness,Fitness,SEO / GBP / PPC / Web,snapfitness.com,,Franchise location,location_mailbox,Verified 2026-09-01 first-party Snap Fitness US gym locator,https://www.snapfitness.com/us/gyms/ashland-downtown-or,2026-09-01,OR,mx_ok,First-party location email from the official Snap Fitness US gym locator.
southashlandor@snapfitness.com,,,"Snap Fitness Ashland South, OR",(541) 201-2450,https://www.snapfitness.com/us/gyms/ashland-south-or,Ashland,OR,Franchise location,Lead,New,Franchise Outreach,Jason Fallon,A,Fitness,Snap Fitness,Fitness,SEO / GBP / PPC / Web,snapfitness.com,,Franchise location,location_mailbox,Verified 2026-09-01 first-party Snap Fitness US gym locator,https://www.snapfitness.com/us/gyms/ashland-south-or,2026-09-01,OR,mx_ok,First-party location email from the official Snap Fitness US gym locator.
bend@snapfitness.com,,,"Snap Fitness Bend NE, OR",(541) 382-2348,https://www.snapfitness.com/us/gyms/bend-4th-or,Bend,OR,Franchise location,Lead,New,Franchise Outreach,Jason Fallon,A,Fitness,Snap Fitness,Fitness,SEO / GBP / PPC / Web,snapfitness.com,,Franchise location,location_mailbox,Verified 2026-09-01 first-party Snap Fitness US gym locator,https://www.snapfitness.com/us/gyms/bend-4th-or,2026-09-01,OR,mx_ok,First-party location email from the official Snap Fitness US gym locator.
bendbrookswood@snapfitness.com,,,"Snap Fitness Bend SW, OR",(541) 749-2013,https://www.snapfitness.com/us/gyms/bend-amber-or,Bend,OR,Franchise location,Lead,New,Franchise Outreach,Jason Fallon,A,Fitness,Snap Fitness,Fitness,SEO / GBP / PPC / Web,snapfitness.com,,Franchise location,location_mailbox,Verified 2026-09-01 first-party Snap Fitness US gym locator,https://www.snapfitness.com/us/gyms/bend-amber-or,2026-09-01,OR,mx_ok,First-party location email from the official Snap Fitness US gym locator.
bendnwx@snapfitness.com,,,"Snap Fitness Bend NW, OR",(541) 749-2015,https://www.snapfitness.com/us/gyms/bend-lolo-or,Bend,OR,Franchise location,Lead,New,Franchise Outreach,Jason Fallon,A,Fitness,Snap Fitness,Fitness,SEO / GBP / PPC / Web,snapfitness.com,,Franchise location,location_mailbox,Verified 2026-09-01 first-party Snap Fitness US gym locator,https://www.snapfitness.com/us/gyms/bend-lolo-or,2026-09-01,OR,mx_ok,First-party location email from the official Snap Fitness US gym locator.
bendsnap@snapfitness.com,,,"Snap Fitness Bend Reed Market, OR",(541) 508-5445,https://www.snapfitness.com/us/gyms/bend-reed-market-or,Bend,OR,Franchise location,Lead,New,Franchise Outreach,Jason Fallon,A,Fitness,Snap Fitness,Fitness,SEO / GBP / PPC / Web,snapfitness.com,,Franchise location,location_mailbox,Verified 2026-09-01 first-party Snap Fitness US gym locator,https://www.snapfitness.com/us/gyms/bend-reed-market-or,2026-09-01,OR,mx_ok,First-party location email from the official Snap Fitness US gym locator.
canby@snapfitness.com,,,"Snap Fitness Canby, OR",(503) 266-5515,https://www.snapfitness.com/us/gyms/canby-or,Canby,OR,Franchise location,Lead,New,Franchise Outreach,Jason Fallon,A,Fitness,Snap Fitness,Fitness,SEO / GBP / PPC / Web,snapfitness.com,,Franchise location,location_mailbox,Verified 2026-09-01 first-party Snap Fitness US gym locator,https://www.snapfitness.com/us/gyms/canby-or,2026-09-01,OR,mx_ok,First-party location email from the official Snap Fitness US gym locator.
gresham@snapfitness.com,,,"Snap Fitness Gresham, OR",(971) 293-3422,https://www.snapfitness.com/us/gyms/gresham-or,Gresham,OR,Franchise location,Lead,New,Franchise Outreach,Jason Fallon,A,Fitness,Snap Fitness,Fitness,SEO / GBP / PPC / Web,snapfitness.com,,Franchise location,location_mailbox,Verified 2026-09-01 first-party Snap Fitness US gym locator,https://www.snapfitness.com/us/gyms/gresham-or,2026-09-01,OR,mx_ok,First-party location email from the official Snap Fitness US gym locator.
sunnyside@snapfitness.com,,,"Snap Fitness Happy Valley Sunnyside, OR",(503) 427-2569,https://www.snapfitness.com/us/gyms/happy-valley-sunnyside-or,Happy Valley,OR,Franchise location,Lead,New,Franchise Outreach,Jason Fallon,A,Fitness,Snap Fitness,Fitness,SEO / GBP / PPC / Web,snapfitness.com,,Franchise location,location_mailbox,Verified 2026-09-01 first-party Snap Fitness US gym locator,https://www.snapfitness.com/us/gyms/happy-valley-sunnyside-or,2026-09-01,OR,mx_ok,First-party location email from the official Snap Fitness US gym locator.
hoodriver@snapfitness.com,,,"Snap Fitness Hood River, OR",(541) 716-5393,https://www.snapfitness.com/us/gyms/hood-river-or,Hood River,OR,Franchise location,Lead,New,Franchise Outreach,Jason Fallon,A,Fitness,Snap Fitness,Fitness,SEO / GBP / PPC / Web,snapfitness.com,,Franchise location,location_mailbox,Verified 2026-09-01 first-party Snap Fitness US gym locator,https://www.snapfitness.com/us/gyms/hood-river-or,2026-09-01,OR,mx_ok,First-party location email from the official Snap Fitness US gym locator.
jacksonvilleor@snapfitness.com,,,"Snap Fitness Jacksonville, OR",(541) 702-0700,https://www.snapfitness.com/us/gyms/jacksonville-or,Jacksonville,OR,Franchise location,Lead,New,Franchise Outreach,Jason Fallon,A,Fitness,Snap Fitness,Fitness,SEO / GBP / PPC / Web,snapfitness.com,,Franchise location,location_mailbox,Verified 2026-09-01 first-party Snap Fitness US gym locator,https://www.snapfitness.com/us/gyms/jacksonville-or,2026-09-01,OR,mx_ok,First-party location email from the official Snap Fitness US gym locator.
klamathfalls@snapfitness.com,,,"Snap Fitness Klamath Falls, OR",(541) 238-5858,https://www.snapfitness.com/us/gyms/klamath-falls-or,Klamath Falls,OR,Franchise location,Lead,New,Franchise Outreach,Jason Fallon,A,Fitness,Snap Fitness,Fitness,SEO / GBP / PPC / Web,snapfitness.com,,Franchise location,location_mailbox,Verified 2026-09-01 first-party Snap Fitness US gym locator,https://www.snapfitness.com/us/gyms/klamath-falls-or,2026-09-01,OR,mx_ok,First-party location email from the official Snap Fitness US gym locator.
lakeoswego@snapfitness.com,,,"Snap Fitness Lake Oswego, OR",(503) 968-7627,https://www.snapfitness.com/us/gyms/lake-oswego-or,Lake Oswego,OR,Franchise location,Lead,New,Franchise Outreach,Jason Fallon,A,Fitness,Snap Fitness,Fitness,SEO / GBP / PPC / Web,snapfitness.com,,Franchise location,location_mailbox,Verified 2026-09-01 first-party Snap Fitness US gym locator,https://www.snapfitness.com/us/gyms/lake-oswego-or,2026-09-01,OR,mx_ok,First-party location email from the official Snap Fitness US gym locator.
mcminnville@snapfitness.com,,,"Snap Fitness McMinnville, OR",(503) 436-6684,https://www.snapfitness.com/us/gyms/mcminnville-or,Mcminnville,OR,Franchise location,Lead,New,Franchise Outreach,Jason Fallon,A,Fitness,Snap Fitness,Fitness,SEO / GBP / PPC / Web,snapfitness.com,,Franchise location,location_mailbox,Verified 2026-09-01 first-party Snap Fitness US gym locator,https://www.snapfitness.com/us/gyms/mcminnville-or,2026-09-01,OR,mx_ok,First-party location email from the official Snap Fitness US gym locator.
milwaukieor@snapfitness.com,,,"Snap Fitness Milwaukie, OR",(503) 353-7627,https://www.snapfitness.com/us/gyms/milwaukie-or,Milwaukie,OR,Franchise location,Lead,New,Franchise Outreach,Jason Fallon,A,Fitness,Snap Fitness,Fitness,SEO / GBP / PPC / Web,snapfitness.com,,Franchise location,location_mailbox,Verified 2026-09-01 first-party Snap Fitness US gym locator,https://www.snapfitness.com/us/gyms/milwaukie-or,2026-09-01,OR,mx_ok,First-party location email from the official Snap Fitness US gym locator.
oregoncity@snapfitness.com,,,"Snap Fitness Oregon City, OR",(503) 656-2580,https://www.snapfitness.com/us/gyms/oregon-city-or,Oregon City,OR,Franchise location,Lead,New,Franchise Outreach,Jason Fallon,A,Fitness,Snap Fitness,Fitness,SEO / GBP / PPC / Web,snapfitness.com,,Franchise location,location_mailbox,Verified 2026-09-01 first-party Snap Fitness US gym locator,https://www.snapfitness.com/us/gyms/oregon-city-or,2026-09-01,OR,mx_ok,First-party location email from the official Snap Fitness US gym locator.
bethany@snapfitness.com,,,"Snap Fitness Bethany, OR",(503) 645-7900,https://www.snapfitness.com/us/gyms/bethany-or,Portland,OR,Franchise location,Lead,New,Franchise Outreach,Jason Fallon,A,Fitness,Snap Fitness,Fitness,SEO / GBP / PPC / Web,snapfitness.com,,Franchise location,location_mailbox,Verified 2026-09-01 first-party Snap Fitness US gym locator,https://www.snapfitness.com/us/gyms/bethany-or,2026-09-01,OR,mx_ok,First-party location email from the official Snap Fitness US gym locator.
portlandsellwood@snapfitness.com,,,"Snap Fitness Portland-Sellwood, OR",(503) 334-1887,https://www.snapfitness.com/us/gyms/portland-sellwood-or,Portland,OR,Franchise location,Lead,New,Franchise Outreach,Jason Fallon,A,Fitness,Snap Fitness,Fitness,SEO / GBP / PPC / Web,snapfitness.com,,Franchise location,location_mailbox,Verified 2026-09-01 first-party Snap Fitness US gym locator,https://www.snapfitness.com/us/gyms/portland-sellwood-or,2026-09-01,OR,mx_ok,First-party location email from the official Snap Fitness US gym locator.
salemor2@snapfitness.com,,,"Snap Fitness Salem, OR",(503) 991-5053,https://www.snapfitness.com/us/gyms/salem-or,Salem,OR,Franchise location,Lead,New,Franchise Outreach,Jason Fallon,A,Fitness,Snap Fitness,Fitness,SEO / GBP / PPC / Web,snapfitness.com,,Franchise location,location_mailbox,Verified 2026-09-01 first-party Snap Fitness US gym locator,https://www.snapfitness.com/us/gyms/salem-or,2026-09-01,OR,mx_ok,First-party location email from the official Snap Fitness US gym locator.
salemwest@snapfitness.com,,,"Snap Fitness Salem West, OR",(503) 991-5902,https://www.snapfitness.com/us/gyms/salem-west-or,Salem,OR,Franchise location,Lead,New,Franchise Outreach,Jason Fallon,A,Fitness,Snap Fitness,Fitness,SEO / GBP / PPC / Web,snapfitness.com,,Franchise location,location_mailbox,Verified 2026-09-01 first-party Snap Fitness US gym locator,https://www.snapfitness.com/us/gyms/salem-west-or,2026-09-01,OR,mx_ok,First-party location email from the official Snap Fitness US gym locator.
scappoose@snapfitness.com,,,"Snap Fitness Scappoose, OR",(503) 987-7060,https://www.snapfitness.com/us/gyms/scappoose-or,Scappoose,OR,Franchise location,Lead,New,Franchise Outreach,Jason Fallon,A,Fitness,Snap Fitness,Fitness,SEO / GBP / PPC / Web,snapfitness.com,,Franchise location,location_mailbox,Verified 2026-09-01 first-party Snap Fitness US gym locator,https://www.snapfitness.com/us/gyms/scappoose-or,2026-09-01,OR,mx_ok,First-party location email from the official Snap Fitness US gym locator.
talentor@snapfitness.com,,,"Snap Fitness Talent, OR",(541) 512-6077,https://www.snapfitness.com/us/gyms/talent-or,Talent,OR,Franchise location,Lead,New,Franchise Outreach,Jason Fallon,A,Fitness,Snap Fitness,Fitness,SEO / GBP / PPC / Web,snapfitness.com,,Franchise location,location_mailbox,Verified 2026-09-01 first-party Snap Fitness US gym locator,https://www.snapfitness.com/us/gyms/talent-or,2026-09-01,OR,mx_ok,First-party location email from the official Snap Fitness US gym locator.
bangorpa@snapfitness.com,,,"Snap Fitness Bangor, PA",(610) 751-5105,https://www.snapfitness.com/us/gyms/bangor-pa,Bangor,PA,Franchise location,Lead,New,Franchise Outreach,Jason Fallon,A,Fitness,Snap Fitness,Fitness,SEO / GBP / PPC / Web,snapfitness.com,,Franchise location,location_mailbox,Verified 2026-09-01 first-party Snap Fitness US gym locator,https://www.snapfitness.com/us/gyms/bangor-pa,2026-09-01,PA,mx_ok,First-party location email from the official Snap Fitness US gym locator.
corry@snapfitness.com,,,"Snap Fitness Corry, PA",(814) 462-2455,https://www.snapfitness.com/us/gyms/corry-pa,Corry,PA,Franchise location,Lead,New,Franchise Outreach,Jason Fallon,A,Fitness,Snap Fitness,Fitness,SEO / GBP / PPC / Web,snapfitness.com,,Franchise location,location_mailbox,Verified 2026-09-01 first-party Snap Fitness US gym locator,https://www.snapfitness.com/us/gyms/corry-pa,2026-09-01,PA,mx_ok,First-party location email from the official Snap Fitness US gym locator.
cranberry@snapfitness.com,,,"Snap Fitness Cranberry Township, PA",(724) 553-5516,https://www.snapfitness.com/us/gyms/cranberry-township-pa,Cranberry Township,PA,Franchise location,Lead,New,Franchise Outreach,Jason Fallon,A,Fitness,Snap Fitness,Fitness,SEO / GBP / PPC / Web,snapfitness.com,,Franchise location,location_mailbox,Verified 2026-09-01 first-party Snap Fitness US gym locator,https://www.snapfitness.com/us/gyms/cranberry-township-pa,2026-09-01,PA,mx_ok,First-party location email from the official Snap Fitness US gym locator.
douglassville@snapfitness.com,,,"Snap Fitness Douglassville, PA",(610) 385-5555,https://www.snapfitness.com/us/gyms/douglassville-pa-180-old-swede-rd,Douglassville,PA,Franchise location,Lead,New,Franchise Outreach,Jason Fallon,A,Fitness,Snap Fitness,Fitness,SEO / GBP / PPC / Web,snapfitness.com,,Franchise location,location_mailbox,Verified 2026-09-01 first-party Snap Fitness US gym locator,https://www.snapfitness.com/us/gyms/douglassville-pa-180-old-swede-rd,2026-09-01,PA,mx_ok,First-party location email from the official Snap Fitness US gym locator.
morgantown@snapfitness.com,,,"Snap Fitness Morgantown, PA",(610) 286-3663,https://www.snapfitness.com/us/gyms/morgantown-pa,Elverson,PA,Franchise location,Lead,New,Franchise Outreach,Jason Fallon,A,Fitness,Snap Fitness,Fitness,SEO / GBP / PPC / Web,snapfitness.com,,Franchise location,location_mailbox,Verified 2026-09-01 first-party Snap Fitness US gym locator,https://www.snapfitness.com/us/gyms/morgantown-pa,2026-09-01,PA,mx_ok,First-party location email from the official Snap Fitness US gym locator.
harborcreekpa@snapfitness.com,,,"Snap Fitness Erie-Harborcreek, PA",(814) 315-6191,https://www.snapfitness.com/us/gyms/erie-harborcreek-pa,Erie,PA,Franchise location,Lead,New,Franchise Outreach,Jason Fallon,A,Fitness,Snap Fitness,Fitness,SEO / GBP / PPC / Web,snapfitness.com,,Franchise location,location_mailbox,Verified 2026-09-01 first-party Snap Fitness US gym locator,https://www.snapfitness.com/us/gyms/erie-harborcreek-pa,2026-09-01,PA,mx_ok,First-party location email from the official Snap Fitness US gym locator.
harmony@snapfitness.com,,,"Snap Fitness Harmony, PA",(724) 452-9300,https://www.snapfitness.com/us/gyms/harmony-pa,Harmony,PA,Franchise location,Lead,New,Franchise Outreach,Jason Fallon,A,Fitness,Snap Fitness,Fitness,SEO / GBP / PPC / Web,snapfitness.com,,Franchise location,location_mailbox,Verified 2026-09-01 first-party Snap Fitness US gym locator,https://www.snapfitness.com/us/gyms/harmony-pa,2026-09-01,PA,mx_ok,First-party location email from the official Snap Fitness US gym locator.
irwinpa@snapfitness.com,,,"Snap Fitness Irwin, PA",(724) 744-7775,https://www.snapfitness.com/us/gyms/irwin-pa,Irwin,PA,Franchise location,Lead,New,Franchise Outreach,Jason Fallon,A,Fitness,Snap Fitness,Fitness,SEO / GBP / PPC / Web,snapfitness.com,,Franchise location,location_mailbox,Verified 2026-09-01 first-party Snap Fitness US gym locator,https://www.snapfitness.com/us/gyms/irwin-pa,2026-09-01,PA,mx_ok,First-party location email from the official Snap Fitness US gym locator.
marspa@snapfitness.com,,,"Snap Fitness Mars, PA",(724) 687-0456,https://www.snapfitness.com/us/gyms/mars-pa,Mars,PA,Franchise location,Lead,New,Franchise Outreach,Jason Fallon,A,Fitness,Snap Fitness,Fitness,SEO / GBP / PPC / Web,snapfitness.com,,Franchise location,location_mailbox,Verified 2026-09-01 first-party Snap Fitness US gym locator,https://www.snapfitness.com/us/gyms/mars-pa,2026-09-01,PA,mx_ok,First-party location email from the official Snap Fitness US gym locator.
nepa@snapfitness.com,,,"Snap Fitness North East, PA",(814) 725-2000,https://www.snapfitness.com/us/gyms/north-east-pa,North East,PA,Franchise location,Lead,New,Franchise Outreach,Jason Fallon,A,Fitness,Snap Fitness,Fitness,SEO / GBP / PPC / Web,snapfitness.com,,Franchise location,location_mailbox,Verified 2026-09-01 first-party Snap Fitness US gym locator,https://www.snapfitness.com/us/gyms/north-east-pa,2026-09-01,PA,mx_ok,First-party location email from the official Snap Fitness US gym locator.
philipsburg@snapfitness.com,,,"Snap Fitness Philipsburg, PA",(814) 343-6448,https://www.snapfitness.com/us/gyms/philipsburg-pa,Philipsburg,PA,Franchise location,Lead,New,Franchise Outreach,Jason Fallon,A,Fitness,Snap Fitness,Fitness,SEO / GBP / PPC / Web,snapfitness.com,,Franchise location,location_mailbox,Verified 2026-09-01 first-party Snap Fitness US gym locator,https://www.snapfitness.com/us/gyms/philipsburg-pa,2026-09-01,PA,mx_ok,First-party location email from the official Snap Fitness US gym locator.
walnutport@snapfitness.com,,,"Snap Fitness Walnutport, PA",(610) 554-7096,https://www.snapfitness.com/us/gyms/walnutport-pa,Walnutport,PA,Franchise location,Lead,New,Franchise Outreach,Jason Fallon,A,Fitness,Snap Fitness,Fitness,SEO / GBP / PPC / Web,snapfitness.com,,Franchise location,location_mailbox,Verified 2026-09-01 first-party Snap Fitness US gym locator,https://www.snapfitness.com/us/gyms/walnutport-pa,2026-09-01,PA,mx_ok,First-party location email from the official Snap Fitness US gym locator.
washington@snapfitness.com,,,"Snap Fitness Washington, PA",,https://www.snapfitness.com/us/gyms/washington-pa,Washington,PA,Franchise location,Lead,New,Franchise Outreach,Jason Fallon,A,Fitness,Snap Fitness,Fitness,SEO / GBP / PPC / Web,snapfitness.com,,Franchise location,location_mailbox,Verified 2026-09-01 first-party Snap Fitness US gym locator,https://www.snapfitness.com/us/gyms/washington-pa,2026-09-01,PA,mx_ok,First-party location email from the official Snap Fitness US gym locator.
jennersville@snapfitness.com,,,"Snap Fitness Jennersville, PA",(484) 746-5400,https://www.snapfitness.com/us/gyms/jennersville-pa-61-jenners-village-ctr,West Grove,PA,Franchise location,Lead,New,Franchise Outreach,Jason Fallon,A,Fitness,Snap Fitness,Fitness,SEO / GBP / PPC / Web,snapfitness.com,,Franchise location,location_mailbox,Verified 2026-09-01 first-party Snap Fitness US gym locator,https://www.snapfitness.com/us/gyms/jennersville-pa-61-jenners-village-ctr,2026-09-01,PA,mx_ok,First-party location email from the official Snap Fitness US gym locator.
fortmillsc@snapfitness.com,,,"Snap Fitness Fort Mill, SC",(803) 802-7348,https://www.snapfitness.com/us/gyms/fort-mill-sc,Fort Mill,SC,Franchise location,Lead,New,Franchise Outreach,Jason Fallon,A,Fitness,Snap Fitness,Fitness,SEO / GBP / PPC / Web,snapfitness.com,,Franchise location,location_mailbox,Verified 2026-09-01 first-party Snap Fitness US gym locator,https://www.snapfitness.com/us/gyms/fort-mill-sc,2026-09-01,SC,mx_ok,First-party location email from the official Snap Fitness US gym locator.
aberdeen@snapfitness.com,,,"Snap Fitness Aberdeen, SD",(605) 262-7627,https://www.snapfitness.com/us/gyms/aberdeen-sd,Aberdeen,SD,Franchise location,Lead,New,Franchise Outreach,Jason Fallon,A,Fitness,Snap Fitness,Fitness,SEO / GBP / PPC / Web,snapfitness.com,,Franchise location,location_mailbox,Verified 2026-09-01 first-party Snap Fitness US gym locator,https://www.snapfitness.com/us/gyms/aberdeen-sd,2026-09-01,SD,mx_ok,First-party location email from the official Snap Fitness US gym locator.
brookings@snapfitness.com,,,"Snap Fitness Brookings, SD",(605) 692-7627,https://www.snapfitness.com/us/gyms/brookings-sd,Brookings,SD,Franchise location,Lead,New,Franchise Outreach,Jason Fallon,A,Fitness,Snap Fitness,Fitness,SEO / GBP / PPC / Web,snapfitness.com,,Franchise location,location_mailbox,Verified 2026-09-01 first-party Snap Fitness US gym locator,https://www.snapfitness.com/us/gyms/brookings-sd,2026-09-01,SD,mx_ok,First-party location email from the official Snap Fitness US gym locator.
manchester@snapfitness.com,,,"Snap Fitness Manchester, TN",(931) 450-3430,https://www.snapfitness.com/us/gyms/manchester-tn,Manchester,TN,Franchise location,Lead,New,Franchise Outreach,Jason Fallon,A,Fitness,Snap Fitness,Fitness,SEO / GBP / PPC / Web,snapfitness.com,,Franchise location,location_mailbox,Verified 2026-09-01 first-party Snap Fitness US gym locator,https://www.snapfitness.com/us/gyms/manchester-tn,2026-09-01,TN,mx_ok,First-party location email from the official Snap Fitness US gym locator.
chattanoogatn@snapfitness.com,,,"Snap Fitness Chattanooga, TN",(423) 855-8950,https://www.snapfitness.com/us/gyms/chattanooga-tn,Ooltewah,TN,Franchise location,Lead,New,Franchise Outreach,Jason Fallon,A,Fitness,Snap Fitness,Fitness,SEO / GBP / PPC / Web,snapfitness.com,,Franchise location,location_mailbox,Verified 2026-09-01 first-party Snap Fitness US gym locator,https://www.snapfitness.com/us/gyms/chattanooga-tn,2026-09-01,TN,mx_ok,First-party location email from the official Snap Fitness US gym locator.
alicetx@snapfitness.com,,,"Snap Fitness Alice, TX",(361) 756-5500,https://www.snapfitness.com/us/gyms/alice-tx,Alice,TX,Franchise location,Lead,New,Franchise Outreach,Jason Fallon,A,Fitness,Snap Fitness,Fitness,SEO / GBP / PPC / Web,snapfitness.com,,Franchise location,location_mailbox,Verified 2026-09-01 first-party Snap Fitness US gym locator,https://www.snapfitness.com/us/gyms/alice-tx,2026-09-01,TX,mx_ok,First-party location email from the official Snap Fitness US gym locator.
northarlingtontx@snapfitness.com,,,"Snap Fitness North Arlington, TX",(682) 888-1463,https://www.snapfitness.com/us/gyms/north-arlington-tx,Arlington,TX,Franchise location,Lead,New,Franchise Outreach,Jason Fallon,A,Fitness,Snap Fitness,Fitness,SEO / GBP / PPC / Web,snapfitness.com,,Franchise location,location_mailbox,Verified 2026-09-01 first-party Snap Fitness US gym locator,https://www.snapfitness.com/us/gyms/north-arlington-tx,2026-09-01,TX,mx_ok,First-party location email from the official Snap Fitness US gym locator.
athenstx@snapfitness.com,,,"Snap Fitness Athens, TX",(903) 670-3111,https://www.snapfitness.com/us/gyms/athens-tx,Athens,TX,Franchise location,Lead,New,Franchise Outreach,Jason Fallon,A,Fitness,Snap Fitness,Fitness,SEO / GBP / PPC / Web,snapfitness.com,,Franchise location,location_mailbox,Verified 2026-09-01 first-party Snap Fitness US gym locator,https://www.snapfitness.com/us/gyms/athens-tx,2026-09-01,TX,mx_ok,First-party location email from the official Snap Fitness US gym locator.
bradytx@snapfitness.com,,,"Snap Fitness Brady, TX",(325) 718-4774,https://www.snapfitness.com/us/gyms/brady-tx,Brady,TX,Franchise location,Lead,New,Franchise Outreach,Jason Fallon,A,Fitness,Snap Fitness,Fitness,SEO / GBP / PPC / Web,snapfitness.com,,Franchise location,location_mailbox,Verified 2026-09-01 first-party Snap Fitness US gym locator,https://www.snapfitness.com/us/gyms/brady-tx,2026-09-01,TX,mx_ok,First-party location email from the official Snap Fitness US gym locator.
bryantx@snapfitness.com,,,"Snap Fitness Bryan, TX",(979) 776-7627,https://www.snapfitness.com/us/gyms/bryan-tx,Bryan,TX,Franchise location,Lead,New,Franchise Outreach,Jason Fallon,A,Fitness,Snap Fitness,Fitness,SEO / GBP / PPC / Web,snapfitness.com,,Franchise location,location_mailbox,Verified 2026-09-01 first-party Snap Fitness US gym locator,https://www.snapfitness.com/us/gyms/bryan-tx,2026-09-01,TX,mx_ok,First-party location email from the official Snap Fitness US gym locator.
cibolo@snapfitness.com,,,"Snap Fitness Cibolo, TX",(210) 245-7447,https://www.snapfitness.com/us/gyms/cibolo-tx,Cibolo,TX,Franchise location,Lead,New,Franchise Outreach,Jason Fallon,A,Fitness,Snap Fitness,Fitness,SEO / GBP / PPC / Web,snapfitness.com,,Franchise location,location_mailbox,Verified 2026-09-01 first-party Snap Fitness US gym locator,https://www.snapfitness.com/us/gyms/cibolo-tx,2026-09-01,TX,mx_ok,First-party location email from the official Snap Fitness US gym locator.
clevelandtx@snapfitness.com,,,"Snap Fitness Cleveland, TX",(281) 761-2668,https://www.snapfitness.com/us/gyms/cleveland-tx,Cleveland,TX,Franchise location,Lead,New,Franchise Outreach,Jason Fallon,A,Fitness,Snap Fitness,Fitness,SEO / GBP / PPC / Web,snapfitness.com,,Franchise location,location_mailbox,Verified 2026-09-01 first-party Snap Fitness US gym locator,https://www.snapfitness.com/us/gyms/cleveland-tx,2026-09-01,TX,mx_ok,First-party location email from the official Snap Fitness US gym locator.
crockett@snapfitness.com,,,"Snap Fitness Crockett, TX",(936) 465-9050,https://www.snapfitness.com/us/gyms/crockett-tx,Crockett,TX,Franchise location,Lead,New,Franchise Outreach,Jason Fallon,A,Fitness,Snap Fitness,Fitness,SEO / GBP / PPC / Web,snapfitness.com,,Franchise location,location_mailbox,Verified 2026-09-01 first-party Snap Fitness US gym locator,https://www.snapfitness.com/us/gyms/crockett-tx,2026-09-01,TX,mx_ok,First-party location email from the official Snap Fitness US gym locator.
daytontx@snapfitness.com,,,"Snap Fitness Dayton, TX",(936) 681-0043,https://www.snapfitness.com/us/gyms/dayton-tx,Dayton,TX,Franchise location,Lead,New,Franchise Outreach,Jason Fallon,A,Fitness,Snap Fitness,Fitness,SEO / GBP / PPC / Web,snapfitness.com,,Franchise location,location_mailbox,Verified 2026-09-01 first-party Snap Fitness US gym locator,https://www.snapfitness.com/us/gyms/dayton-tx,2026-09-01,TX,mx_ok,First-party location email from the official Snap Fitness US gym locator.
devine@snapfitness.com,,,"Snap Fitness Devine, TX",(830) 663-8008,https://www.snapfitness.com/us/gyms/devine-tx,Devine,TX,Franchise location,Lead,New,Franchise Outreach,Jason Fallon,A,Fitness,Snap Fitness,Fitness,SEO / GBP / PPC / Web,snapfitness.com,,Franchise location,location_mailbox,Verified 2026-09-01 first-party Snap Fitness US gym locator,https://www.snapfitness.com/us/gyms/devine-tx,2026-09-01,TX,mx_ok,First-party location email from the official Snap Fitness US gym locator.
eaglepass@snapfitness.com,,,"Snap Fitness Eagle Pass, TX",(830) 776-5103,https://www.snapfitness.com/us/gyms/eagle-pass-tx,Eagle Pass,TX,Franchise location,Lead,New,Franchise Outreach,Jason Fallon,A,Fitness,Snap Fitness,Fitness,SEO / GBP / PPC / Web,snapfitness.com,,Franchise location,location_mailbox,Verified 2026-09-01 first-party Snap Fitness US gym locator,https://www.snapfitness.com/us/gyms/eagle-pass-tx,2026-09-01,TX,mx_ok,First-party location email from the official Snap Fitness US gym locator.
elcampotx@snapfitness.com,,,"Snap Fitness El Campo, TX",(979) 543-2348,https://www.snapfitness.com/us/gyms/el-campo-tx,El Campo,TX,Franchise location,Lead,New,Franchise Outreach,Jason Fallon,A,Fitness,Snap Fitness,Fitness,SEO / GBP / PPC / Web,snapfitness.com,,Franchise location,location_mailbox,Verified 2026-09-01 first-party Snap Fitness US gym locator,https://www.snapfitness.com/us/gyms/el-campo-tx,2026-09-01,TX,mx_ok,First-party location email from the official Snap Fitness US gym locator.
forney@snapfitness.com,,,"Snap Fitness Forney, TX",(972) 357-7006,https://www.snapfitness.com/us/gyms/forney-tx-1102-ranch-rd,Forney,TX,Franchise location,Lead,New,Franchise Outreach,Jason Fallon,A,Fitness,Snap Fitness,Fitness,SEO / GBP / PPC / Web,snapfitness.com,,Franchise location,location_mailbox,Verified 2026-09-01 first-party Snap Fitness US gym locator,https://www.snapfitness.com/us/gyms/forney-tx-1102-ranch-rd,2026-09-01,TX,mx_ok,First-party location email from the official Snap Fitness US gym locator.
freeport@snapfitness.com,,,"Snap Fitness Freeport, TX",(979) 480-3079,https://www.snapfitness.com/us/gyms/freeport-tx,Freeport,TX,Franchise location,Lead,New,Franchise Outreach,Jason Fallon,A,Fitness,Snap Fitness,Fitness,SEO / GBP / PPC / Web,snapfitness.com,,Franchise location,location_mailbox,Verified 2026-09-01 first-party Snap Fitness US gym locator,https://www.snapfitness.com/us/gyms/freeport-tx,2026-09-01,TX,mx_ok,First-party location email from the official Snap Fitness US gym locator.
huntsville@snapfitness.com,,,"Snap Fitness Huntsville, TX",(936) 755-3811,https://www.snapfitness.com/us/gyms/huntsville-tx,Huntsville,TX,Franchise location,Lead,New,Franchise Outreach,Jason Fallon,A,Fitness,Snap Fitness,Fitness,SEO / GBP / PPC / Web,snapfitness.com,,Franchise location,location_mailbox,Verified 2026-09-01 first-party Snap Fitness US gym locator,https://www.snapfitness.com/us/gyms/huntsville-tx,2026-09-01,TX,mx_ok,First-party location email from the official Snap Fitness US gym locator.
ingleside@snapfitness.com,,,"Snap Fitness Ingleside, TX",(361) 345-4543,https://www.snapfitness.com/us/gyms/ingleside-tx,Ingleside,TX,Franchise location,Lead,New,Franchise Outreach,Jason Fallon,A,Fitness,Snap Fitness,Fitness,SEO / GBP / PPC / Web,snapfitness.com,,Franchise location,location_mailbox,Verified 2026-09-01 first-party Snap Fitness US gym locator,https://www.snapfitness.com/us/gyms/ingleside-tx,2026-09-01,TX,mx_ok,First-party location email from the official Snap Fitness US gym locator.
iowacolony@snapfitness.com,,,"Snap Fitness Iowa Colony, TX",(346) 747-6132,https://www.snapfitness.com/us/gyms/iowa-colony-tx,Iowa Colony,TX,Franchise location,Lead,New,Franchise Outreach,Jason Fallon,A,Fitness,Snap Fitness,Fitness,SEO / GBP / PPC / Web,snapfitness.com,,Franchise location,location_mailbox,Verified 2026-09-01 first-party Snap Fitness US gym locator,https://www.snapfitness.com/us/gyms/iowa-colony-tx,2026-09-01,TX,mx_ok,First-party location email from the official Snap Fitness US gym locator.
kaufman@snapfitness.com,,,"Snap Fitness Kaufman, TX",(469) 367-1685,https://www.snapfitness.com/us/gyms/kaufman-tx,Kaufman,TX,Franchise location,Lead,New,Franchise Outreach,Jason Fallon,A,Fitness,Snap Fitness,Fitness,SEO / GBP / PPC / Web,snapfitness.com,,Franchise location,location_mailbox,Verified 2026-09-01 first-party Snap Fitness US gym locator,https://www.snapfitness.com/us/gyms/kaufman-tx,2026-09-01,TX,mx_ok,First-party location email from the official Snap Fitness US gym locator.
kingsville@snapfitness.com,,,"Snap Fitness Kingsville, TX",(361) 595-3119,https://www.snapfitness.com/us/gyms/kingsville-tx,Kingsville,TX,Franchise location,Lead,New,Franchise Outreach,Jason Fallon,A,Fitness,Snap Fitness,Fitness,SEO / GBP / PPC / Web,snapfitness.com,,Franchise location,location_mailbox,Verified 2026-09-01 first-party Snap Fitness US gym locator,https://www.snapfitness.com/us/gyms/kingsville-tx,2026-09-01,TX,mx_ok,First-party location email from the official Snap Fitness US gym locator.
littlefieldtx@snapfitness.com,,,"Snap Fitness Littlefield, TX",(806) 544-7507,https://www.snapfitness.com/us/gyms/littlefield-tx,Littlefield,TX,Franchise location,Lead,New,Franchise Outreach,Jason Fallon,A,Fitness,Snap Fitness,Fitness,SEO / GBP / PPC / Web,snapfitness.com,,Franchise location,location_mailbox,Verified 2026-09-01 first-party Snap Fitness US gym locator,https://www.snapfitness.com/us/gyms/littlefield-tx,2026-09-01,TX,mx_ok,First-party location email from the official Snap Fitness US gym locator.
lockharttx@snapfitness.com,,,"Snap Fitness Lockhart, TX",(512) 398-2454,https://www.snapfitness.com/us/gyms/lockhart-tx,Lockhart,TX,Franchise location,Lead,New,Franchise Outreach,Jason Fallon,A,Fitness,Snap Fitness,Fitness,SEO / GBP / PPC / Web,snapfitness.com,,Franchise location,location_mailbox,Verified 2026-09-01 first-party Snap Fitness US gym locator,https://www.snapfitness.com/us/gyms/lockhart-tx,2026-09-01,TX,mx_ok,First-party location email from the official Snap Fitness US gym locator.
lubbock@snapfitness.com,,,"Snap Fitness Lubbock, TX",(806) 224-2700,https://www.snapfitness.com/us/gyms/lubbock-tx,Lubbock,TX,Franchise location,Lead,New,Franchise Outreach,Jason Fallon,A,Fitness,Snap Fitness,Fitness,SEO / GBP / PPC / Web,snapfitness.com,,Franchise location,location_mailbox,Verified 2026-09-01 first-party Snap Fitness US gym locator,https://www.snapfitness.com/us/gyms/lubbock-tx,2026-09-01,TX,mx_ok,First-party location email from the official Snap Fitness US gym locator.
lulingtx@snapfitness.com,,,"Snap Fitness Luling, TX",(830) 351-5030,https://www.snapfitness.com/us/gyms/luling-tx,Luling,TX,Franchise location,Lead,New,Franchise Outreach,Jason Fallon,A,Fitness,Snap Fitness,Fitness,SEO / GBP / PPC / Web,snapfitness.com,,Franchise location,location_mailbox,Verified 2026-09-01 first-party Snap Fitness US gym locator,https://www.snapfitness.com/us/gyms/luling-tx,2026-09-01,TX,mx_ok,First-party location email from the official Snap Fitness US gym locator.
sienna@snapfitness.com,,,"Snap Fitness Sienna, TX",(281) 778-7620,https://www.snapfitness.com/us/gyms/sienna-tx,Missouri City,TX,Franchise location,Lead,New,Franchise Outreach,Jason Fallon,A,Fitness,Snap Fitness,Fitness,SEO / GBP / PPC / Web,snapfitness.com,,Franchise location,location_mailbox,Verified 2026-09-01 first-party Snap Fitness US gym locator,https://www.snapfitness.com/us/gyms/sienna-tx,2026-09-01,TX,mx_ok,First-party location email from the official Snap Fitness US gym locator.
pearlandtx@snapfitness.com,,,"Snap Fitness Pearland, TX",(281) 996-9800,https://www.snapfitness.com/us/gyms/pearland-tx,Pearland,TX,Franchise location,Lead,New,Franchise Outreach,Jason Fallon,A,Fitness,Snap Fitness,Fitness,SEO / GBP / PPC / Web,snapfitness.com,,Franchise location,location_mailbox,Verified 2026-09-01 first-party Snap Fitness US gym locator,https://www.snapfitness.com/us/gyms/pearland-tx,2026-09-01,TX,mx_ok,First-party location email from the official Snap Fitness US gym locator.
quinlan@snapfitness.com,,,"Snap Fitness Quinlan, TX",(903) 226-7111,https://www.snapfitness.com/us/gyms/quinlan-tx,Quinlan,TX,Franchise location,Lead,New,Franchise Outreach,Jason Fallon,A,Fitness,Snap Fitness,Fitness,SEO / GBP / PPC / Web,snapfitness.com,,Franchise location,location_mailbox,Verified 2026-09-01 first-party Snap Fitness US gym locator,https://www.snapfitness.com/us/gyms/quinlan-tx,2026-09-01,TX,mx_ok,First-party location email from the official Snap Fitness US gym locator.
redoak@snapfitness.com,,,"Snap Fitness Red Oak, TX",(972) 576-0388,https://www.snapfitness.com/us/gyms/red-oak-tx,Red Oak,TX,Franchise location,Lead,New,Franchise Outreach,Jason Fallon,A,Fitness,Snap Fitness,Fitness,SEO / GBP / PPC / Web,snapfitness.com,,Franchise location,location_mailbox,Verified 2026-09-01 first-party Snap Fitness US gym locator,https://www.snapfitness.com/us/gyms/red-oak-tx,2026-09-01,TX,mx_ok,First-party location email from the official Snap Fitness US gym locator.
pecangrove@snapfitness.com,,,"Snap Fitness Pecan Grove, TX",(832) 862-3199,https://www.snapfitness.com/us/gyms/pecan-grove-tx,Richmond,TX,Franchise location,Lead,New,Franchise Outreach,Jason Fallon,A,Fitness,Snap Fitness,Fitness,SEO / GBP / PPC / Web,snapfitness.com,,Franchise location,location_mailbox,Verified 2026-09-01 first-party Snap Fitness US gym locator,https://www.snapfitness.com/us/gyms/pecan-grove-tx,2026-09-01,TX,mx_ok,First-party location email from the official Snap Fitness US gym locator.
riograndecity@snapfitness.com,,,"Snap Fitness Rio Grande City, TX",(956) 263-1974,https://www.snapfitness.com/us/gyms/rio-grande-city-tx,Rio Grande City,TX,Franchise location,Lead,New,Franchise Outreach,Jason Fallon,A,Fitness,Snap Fitness,Fitness,SEO / GBP / PPC / Web,snapfitness.com,,Franchise location,location_mailbox,Verified 2026-09-01 first-party Snap Fitness US gym locator,https://www.snapfitness.com/us/gyms/rio-grande-city-tx,2026-09-01,TX,mx_ok,First-party location email from the official Snap Fitness US gym locator.
rockdaletx@snapfitness.com,,,"Snap Fitness Rockdale, TX",(512) 430-4446,https://www.snapfitness.com/us/gyms/rockdale-tx,Rockdale,TX,Franchise location,Lead,New,Franchise Outreach,Jason Fallon,A,Fitness,Snap Fitness,Fitness,SEO / GBP / PPC / Web,snapfitness.com,,Franchise location,location_mailbox,Verified 2026-09-01 first-party Snap Fitness US gym locator,https://www.snapfitness.com/us/gyms/rockdale-tx,2026-09-01,TX,mx_ok,First-party location email from the official Snap Fitness US gym locator.
rockport@snapfitness.com,,,"Snap Fitness Rockport, TX",(361) 386-2909,https://www.snapfitness.com/us/gyms/rockport-tx,Rockport,TX,Franchise location,Lead,New,Franchise Outreach,Jason Fallon,A,Fitness,Snap Fitness,Fitness,SEO / GBP / PPC / Web,snapfitness.com,,Franchise location,location_mailbox,Verified 2026-09-01 first-party Snap Fitness US gym locator,https://www.snapfitness.com/us/gyms/rockport-tx,2026-09-01,TX,mx_ok,First-party location email from the official Snap Fitness US gym locator.
roysecity@snapfitness.com,,,"Snap Fitness Royse City, TX",(972) 635-2544,https://www.snapfitness.com/us/gyms/royse-city-tx,Royse City,TX,Franchise location,Lead,New,Franchise Outreach,Jason Fallon,A,Fitness,Snap Fitness,Fitness,SEO / GBP / PPC / Web,snapfitness.com,,Franchise location,location_mailbox,Verified 2026-09-01 first-party Snap Fitness US gym locator,https://www.snapfitness.com/us/gyms/royse-city-tx,2026-09-01,TX,mx_ok,First-party location email from the official Snap Fitness US gym locator.
seabrooktx@snapfitness.com,,,"Snap Fitness Seabrook, TX",(281) 532-4000,https://www.snapfitness.com/us/gyms/seabrook-tx,Seabrook,TX,Franchise location,Lead,New,Franchise Outreach,Jason Fallon,A,Fitness,Snap Fitness,Fitness,SEO / GBP / PPC / Web,snapfitness.com,,Franchise location,location_mailbox,Verified 2026-09-01 first-party Snap Fitness US gym locator,https://www.snapfitness.com/us/gyms/seabrook-tx,2026-09-01,TX,mx_ok,First-party location email from the official Snap Fitness US gym locator.
spring@snapfitness.com,,,"Snap Fitness Spring, TX",(281) 624-5423,https://www.snapfitness.com/us/gyms/spring-tx,Spring,TX,Franchise location,Lead,New,Franchise Outreach,Jason Fallon,A,Fitness,Snap Fitness,Fitness,SEO / GBP / PPC / Web,snapfitness.com,,Franchise location,location_mailbox,Verified 2026-09-01 first-party Snap Fitness US gym locator,https://www.snapfitness.com/us/gyms/spring-tx,2026-09-01,TX,mx_ok,First-party location email from the official Snap Fitness US gym locator.
springtown@snapfitness.com,,,"Snap Fitness Springtown, TX",(817) 382-4343,https://www.snapfitness.com/us/gyms/springtown-tx,Springtown,TX,Franchise location,Lead,New,Franchise Outreach,Jason Fallon,A,Fitness,Snap Fitness,Fitness,SEO / GBP / PPC / Web,snapfitness.com,,Franchise location,location_mailbox,Verified 2026-09-01 first-party Snap Fitness US gym locator,https://www.snapfitness.com/us/gyms/springtown-tx,2026-09-01,TX,mx_ok,First-party location email from the official Snap Fitness US gym locator.
sulphursprings@snapfitness.com,,,"Snap Fitness Sulphur Springs, TX",(903) 848-6100,https://www.snapfitness.com/us/gyms/suphur-springs-tx,Sulphur Springs,TX,Franchise location,Lead,New,Franchise Outreach,Jason Fallon,A,Fitness,Snap Fitness,Fitness,SEO / GBP / PPC / Web,snapfitness.com,,Franchise location,location_mailbox,Verified 2026-09-01 first-party Snap Fitness US gym locator,https://www.snapfitness.com/us/gyms/suphur-springs-tx,2026-09-01,TX,mx_ok,First-party location email from the official Snap Fitness US gym locator.
uvalde@snapfitness.com,,,"Snap Fitness Uvalde, TX",(830) 591-9335,https://www.snapfitness.com/us/gyms/uvalde-tx,Uvalde,TX,Franchise location,Lead,New,Franchise Outreach,Jason Fallon,A,Fitness,Snap Fitness,Fitness,SEO / GBP / PPC / Web,snapfitness.com,,Franchise location,location_mailbox,Verified 2026-09-01 first-party Snap Fitness US gym locator,https://www.snapfitness.com/us/gyms/uvalde-tx,2026-09-01,TX,mx_ok,First-party location email from the official Snap Fitness US gym locator.
whiteoaktx@snapfitness.com,,,"Snap Fitness White Oak, TX",(430) 625-2222,https://www.snapfitness.com/us/gyms/white-oak-tx,White Oak,TX,Franchise location,Lead,New,Franchise Outreach,Jason Fallon,A,Fitness,Snap Fitness,Fitness,SEO / GBP / PPC / Web,snapfitness.com,,Franchise location,location_mailbox,Verified 2026-09-01 first-party Snap Fitness US gym locator,https://www.snapfitness.com/us/gyms/white-oak-tx,2026-09-01,TX,mx_ok,First-party location email from the official Snap Fitness US gym locator.
willspoint@snapfitness.com,,,"Snap Fitness Wills Point, TX",(903) 873-8887,https://www.snapfitness.com/us/gyms/wills-point-tx,Wills Point,TX,Franchise location,Lead,New,Franchise Outreach,Jason Fallon,A,Fitness,Snap Fitness,Fitness,SEO / GBP / PPC / Web,snapfitness.com,,Franchise location,location_mailbox,Verified 2026-09-01 first-party Snap Fitness US gym locator,https://www.snapfitness.com/us/gyms/wills-point-tx,2026-09-01,TX,mx_ok,First-party location email from the official Snap Fitness US gym locator.
wylie@snapfitness.com,,,"Snap Fitness Wylie, TX",(469) 395-6430,https://www.snapfitness.com/us/gyms/wylie-tx-560-country-club-rd,Wylie,TX,Franchise location,Lead,New,Franchise Outreach,Jason Fallon,A,Fitness,Snap Fitness,Fitness,SEO / GBP / PPC / Web,snapfitness.com,,Franchise location,location_mailbox,Verified 2026-09-01 first-party Snap Fitness US gym locator,https://www.snapfitness.com/us/gyms/wylie-tx-560-country-club-rd,2026-09-01,TX,mx_ok,First-party location email from the official Snap Fitness US gym locator.
cedarcity@snapfitness.com,,,"Snap Fitness Cedar City, UT",(435) 297-8428,https://www.snapfitness.com/us/gyms/cedar-city-ut,Cedar City,UT,Franchise location,Lead,New,Franchise Outreach,Jason Fallon,A,Fitness,Snap Fitness,Fitness,SEO / GBP / PPC / Web,snapfitness.com,,Franchise location,location_mailbox,Verified 2026-09-01 first-party Snap Fitness US gym locator,https://www.snapfitness.com/us/gyms/cedar-city-ut,2026-09-01,UT,mx_ok,First-party location email from the official Snap Fitness US gym locator.
pleasantview@snapfitness.com,,,"Snap Fitness Pleasant View, UT",(801) 737-1570,https://www.snapfitness.com/us/gyms/pleasant-view-ut,Pleasant View,UT,Franchise location,Lead,New,Franchise Outreach,Jason Fallon,A,Fitness,Snap Fitness,Fitness,SEO / GBP / PPC / Web,snapfitness.com,,Franchise location,location_mailbox,Verified 2026-09-01 first-party Snap Fitness US gym locator,https://www.snapfitness.com/us/gyms/pleasant-view-ut,2026-09-01,UT,mx_ok,First-party location email from the official Snap Fitness US gym locator.
roy@snapfitness.com,,,"Snap Fitness Roy, UT",(385) 238-4833,https://www.snapfitness.com/us/gyms/roy-ut,Roy,UT,Franchise location,Lead,New,Franchise Outreach,Jason Fallon,A,Fitness,Snap Fitness,Fitness,SEO / GBP / PPC / Web,snapfitness.com,,Franchise location,location_mailbox,Verified 2026-09-01 first-party Snap Fitness US gym locator,https://www.snapfitness.com/us/gyms/roy-ut,2026-09-01,UT,mx_ok,First-party location email from the official Snap Fitness US gym locator.
syracuseut@snapfitness.com,,,"Snap Fitness Syracuse, UT",(385) 320-6250,https://www.snapfitness.com/us/gyms/syracuse-ut,Syracuse,UT,Franchise location,Lead,New,Franchise Outreach,Jason Fallon,A,Fitness,Snap Fitness,Fitness,SEO / GBP / PPC / Web,snapfitness.com,,Franchise location,location_mailbox,Verified 2026-09-01 first-party Snap Fitness US gym locator,https://www.snapfitness.com/us/gyms/syracuse-ut,2026-09-01,UT,mx_ok,First-party location email from the official Snap Fitness US gym locator.
westjordanut2@snapfitness.com,,,"Snap Fitness West Jordan, UT",(801) 282-2766,https://www.snapfitness.com/us/gyms/west-jordan-ut,West Jordan,UT,Franchise location,Lead,New,Franchise Outreach,Jason Fallon,A,Fitness,Snap Fitness,Fitness,SEO / GBP / PPC / Web,snapfitness.com,,Franchise location,location_mailbox,Verified 2026-09-01 first-party Snap Fitness US gym locator,https://www.snapfitness.com/us/gyms/west-jordan-ut,2026-09-01,UT,mx_ok,First-party location email from the official Snap Fitness US gym locator.
belleviewva@snapfitness.com,,,"Snap Fitness Alexandria-Belle View, VA",(703) 348-8507,https://www.snapfitness.com/us/gyms/alexandria-belle-view-va,Alexandria,VA,Franchise location,Lead,New,Franchise Outreach,Jason Fallon,A,Fitness,Snap Fitness,Fitness,SEO / GBP / PPC / Web,snapfitness.com,,Franchise location,location_mailbox,Verified 2026-09-01 first-party Snap Fitness US gym locator,https://www.snapfitness.com/us/gyms/alexandria-belle-view-va,2026-09-01,VA,mx_ok,First-party location email from the official Snap Fitness US gym locator.
oldtownalexandria@snapfitness.com,,,"Snap Fitness Alexandria- Old Town, VA",(703) 299-9499,https://www.snapfitness.com/us/gyms/alexandria-old-town-va,Alexandria,VA,Franchise location,Lead,New,Franchise Outreach,Jason Fallon,A,Fitness,Snap Fitness,Fitness,SEO / GBP / PPC / Web,snapfitness.com,,Franchise location,location_mailbox,Verified 2026-09-01 first-party Snap Fitness US gym locator,https://www.snapfitness.com/us/gyms/alexandria-old-town-va,2026-09-01,VA,mx_ok,First-party location email from the official Snap Fitness US gym locator.
amherstva@snapfitness.com,,,"Snap Fitness Amherst, VA",(434) 381-6001,https://www.snapfitness.com/us/gyms/amherst-va,Amherst,VA,Franchise location,Lead,New,Franchise Outreach,Jason Fallon,A,Fitness,Snap Fitness,Fitness,SEO / GBP / PPC / Web,snapfitness.com,,Franchise location,location_mailbox,Verified 2026-09-01 first-party Snap Fitness US gym locator,https://www.snapfitness.com/us/gyms/amherst-va,2026-09-01,VA,mx_ok,First-party location email from the official Snap Fitness US gym locator.
charlottesvilleva@snapfitness.com,,,"Snap Fitness Charlottesville, VA",(434) 973-0587,https://www.snapfitness.com/us/gyms/charlottesville-va,Charlottesville,VA,Franchise location,Lead,New,Franchise Outreach,Jason Fallon,A,Fitness,Snap Fitness,Fitness,SEO / GBP / PPC / Web,snapfitness.com,,Franchise location,location_mailbox,Verified 2026-09-01 first-party Snap Fitness US gym locator,https://www.snapfitness.com/us/gyms/charlottesville-va,2026-09-01,VA,mx_ok,First-party location email from the official Snap Fitness US gym locator.
hollymead@snapfitness.com,,,"Snap Fitness Hollymead, VA",(434) 202-0262,https://www.snapfitness.com/us/gyms/hollymead-va,Charlottesville,VA,Franchise location,Lead,New,Franchise Outreach,Jason Fallon,A,Fitness,Snap Fitness,Fitness,SEO / GBP / PPC / Web,snapfitness.com,,Franchise location,location_mailbox,Verified 2026-09-01 first-party Snap Fitness US gym locator,https://www.snapfitness.com/us/gyms/hollymead-va,2026-09-01,VA,mx_ok,First-party location email from the official Snap Fitness US gym locator.
franklinfarm@snapfitness.com,,,"Snap Fitness Herndon - Franklin Farm, VA",(703) 463-9886,https://www.snapfitness.com/us/gyms/herndon-franklin-farm-va,Herndon,VA,Franchise location,Lead,New,Franchise Outreach,Jason Fallon,A,Fitness,Snap Fitness,Fitness,SEO / GBP / PPC / Web,snapfitness.com,,Franchise location,location_mailbox,Verified 2026-09-01 first-party Snap Fitness US gym locator,https://www.snapfitness.com/us/gyms/herndon-franklin-farm-va,2026-09-01,VA,mx_ok,First-party location email from the official Snap Fitness US gym locator.
lynchburgva@snapfitness.com,,,"Snap Fitness Lynchburg, VA",(434) 384-6600,https://www.snapfitness.com/us/gyms/lynchburg-va,Lynchburg,VA,Franchise location,Lead,New,Franchise Outreach,Jason Fallon,A,Fitness,Snap Fitness,Fitness,SEO / GBP / PPC / Web,snapfitness.com,,Franchise location,location_mailbox,Verified 2026-09-01 first-party Snap Fitness US gym locator,https://www.snapfitness.com/us/gyms/lynchburg-va,2026-09-01,VA,mx_ok,First-party location email from the official Snap Fitness US gym locator.
dalecityva@snapfitness.com,,,"Snap Fitness Dale City, VA",(703) 680-7627,https://www.snapfitness.com/us/gyms/dale-city-va,Manassas,VA,Franchise location,Lead,New,Franchise Outreach,Jason Fallon,A,Fitness,Snap Fitness,Fitness,SEO / GBP / PPC / Web,snapfitness.com,,Franchise location,location_mailbox,Verified 2026-09-01 first-party Snap Fitness US gym locator,https://www.snapfitness.com/us/gyms/dale-city-va,2026-09-01,VA,mx_ok,First-party location email from the official Snap Fitness US gym locator.
kingwilliam@snapfitness.com,,,"Snap Fitness King William, VA",(804) 769-7627,https://www.snapfitness.com/us/gyms/aylett-va,Manquin,VA,Franchise location,Lead,New,Franchise Outreach,Jason Fallon,A,Fitness,Snap Fitness,Fitness,SEO / GBP / PPC / Web,snapfitness.com,,Franchise location,location_mailbox,Verified 2026-09-01 first-party Snap Fitness US gym locator,https://www.snapfitness.com/us/gyms/aylett-va,2026-09-01,VA,mx_ok,First-party location email from the official Snap Fitness US gym locator.
montpelier@snapfitness.com,,,"Snap Fitness Montpelier, VA",(804) 883-0190,https://www.snapfitness.com/us/gyms/montpelier-va,Montpelier,VA,Franchise location,Lead,New,Franchise Outreach,Jason Fallon,A,Fitness,Snap Fitness,Fitness,SEO / GBP / PPC / Web,snapfitness.com,,Franchise location,location_mailbox,Verified 2026-09-01 first-party Snap Fitness US gym locator,https://www.snapfitness.com/us/gyms/montpelier-va,2026-09-01,VA,mx_ok,First-party location email from the official Snap Fitness US gym locator.
poquoson@snapfitness.com,,,"Snap Fitness Poquoson, VA",(757) 659-0013,https://www.snapfitness.com/us/gyms/poquoson-va,Poquoson,VA,Franchise location,Lead,New,Franchise Outreach,Jason Fallon,A,Fitness,Snap Fitness,Fitness,SEO / GBP / PPC / Web,snapfitness.com,,Franchise location,location_mailbox,Verified 2026-09-01 first-party Snap Fitness US gym locator,https://www.snapfitness.com/us/gyms/poquoson-va,2026-09-01,VA,mx_ok,First-party location email from the official Snap Fitness US gym locator.
berlinvt@snapfitness.com,,,"Snap Fitness Berlin, VT",(802) 476-0460,https://www.snapfitness.com/us/gyms/berlin-vt,Barre,VT,Franchise location,Lead,New,Franchise Outreach,Jason Fallon,A,Fitness,Snap Fitness,Fitness,SEO / GBP / PPC / Web,snapfitness.com,,Franchise location,location_mailbox,Verified 2026-09-01 first-party Snap Fitness US gym locator,https://www.snapfitness.com/us/gyms/berlin-vt,2026-09-01,VT,mx_ok,First-party location email from the official Snap Fitness US gym locator.
burlingtonvt@snapfitness.com,,,"Snap Fitness Burlington, VT",(802) 881-6553,https://www.snapfitness.com/us/gyms/burlington-vt,Burlington,VT,Franchise location,Lead,New,Franchise Outreach,Jason Fallon,A,Fitness,Snap Fitness,Fitness,SEO / GBP / PPC / Web,snapfitness.com,,Franchise location,location_mailbox,Verified 2026-09-01 first-party Snap Fitness US gym locator,https://www.snapfitness.com/us/gyms/burlington-vt,2026-09-01,VT,mx_ok,First-party location email from the official Snap Fitness US gym locator.
miltonvt@snapfitness.com,,,"Snap Fitness Milton, VT",(802) 922-5625,https://www.snapfitness.com/us/gyms/milton-vt,Milton,VT,Franchise location,Lead,New,Franchise Outreach,Jason Fallon,A,Fitness,Snap Fitness,Fitness,SEO / GBP / PPC / Web,snapfitness.com,,Franchise location,location_mailbox,Verified 2026-09-01 first-party Snap Fitness US gym locator,https://www.snapfitness.com/us/gyms/milton-vt,2026-09-01,VT,mx_ok,First-party location email from the official Snap Fitness US gym locator.
morrisvillevt@snapfitness.com,,,"Snap Fitness Morrisville, VT",(802) 888-3500,https://www.snapfitness.com/us/gyms/morrisville-vt,Morrisville,VT,Franchise location,Lead,New,Franchise Outreach,Jason Fallon,A,Fitness,Snap Fitness,Fitness,SEO / GBP / PPC / Web,snapfitness.com,,Franchise location,location_mailbox,Verified 2026-09-01 first-party Snap Fitness US gym locator,https://www.snapfitness.com/us/gyms/morrisville-vt,2026-09-01,VT,mx_ok,First-party location email from the official Snap Fitness US gym locator.
springfieldvt@snapfitness.com,,,"Snap Fitness Springfield, VT",(802) 886-2407,https://www.snapfitness.com/us/gyms/springfield-vt,Springfield,VT,Franchise location,Lead,New,Franchise Outreach,Jason Fallon,A,Fitness,Snap Fitness,Fitness,SEO / GBP / PPC / Web,snapfitness.com,,Franchise location,location_mailbox,Verified 2026-09-01 first-party Snap Fitness US gym locator,https://www.snapfitness.com/us/gyms/springfield-vt,2026-09-01,VT,mx_ok,First-party location email from the official Snap Fitness US gym locator.
battleground@snapfitness.com,,,"Snap Fitness Battle Ground, WA",(360) 723-0100,https://www.snapfitness.com/us/gyms/battle-ground-wa,Battle Ground,WA,Franchise location,Lead,New,Franchise Outreach,Jason Fallon,A,Fitness,Snap Fitness,Fitness,SEO / GBP / PPC / Web,snapfitness.com,,Franchise location,location_mailbox,Verified 2026-09-01 first-party Snap Fitness US gym locator,https://www.snapfitness.com/us/gyms/battle-ground-wa,2026-09-01,WA,mx_ok,First-party location email from the official Snap Fitness US gym locator.
bremertonwa@snapfitness.com,,,"Snap Fitness Bremerton, WA",(360) 627-8746,https://www.snapfitness.com/us/gyms/bremertonwa,Bremerton,WA,Franchise location,Lead,New,Franchise Outreach,Jason Fallon,A,Fitness,Snap Fitness,Fitness,SEO / GBP / PPC / Web,snapfitness.com,,Franchise location,location_mailbox,Verified 2026-09-01 first-party Snap Fitness US gym locator,https://www.snapfitness.com/us/gyms/bremertonwa,2026-09-01,WA,mx_ok,First-party location email from the official Snap Fitness US gym locator.
cheney@snapfitness.com,,,"Snap Fitness Cheney, WA",(509) 235-7627,https://www.snapfitness.com/us/gyms/cheney-wa,Cheney,WA,Franchise location,Lead,New,Franchise Outreach,Jason Fallon,A,Fitness,Snap Fitness,Fitness,SEO / GBP / PPC / Web,snapfitness.com,,Franchise location,location_mailbox,Verified 2026-09-01 first-party Snap Fitness US gym locator,https://www.snapfitness.com/us/gyms/cheney-wa,2026-09-01,WA,mx_ok,First-party location email from the official Snap Fitness US gym locator.
clarkstonwa@snapfitness.com,,,"Snap Fitness Clarkston, WA",(509) 254-5065,https://www.snapfitness.com/us/gyms/clarkston-wa,Clarkston,WA,Franchise location,Lead,New,Franchise Outreach,Jason Fallon,A,Fitness,Snap Fitness,Fitness,SEO / GBP / PPC / Web,snapfitness.com,,Franchise location,location_mailbox,Verified 2026-09-01 first-party Snap Fitness US gym locator,https://www.snapfitness.com/us/gyms/clarkston-wa,2026-09-01,WA,mx_ok,First-party location email from the official Snap Fitness US gym locator.
longviewwa2@snapfitness.com,,,"Snap Fitness Longview, WA",(360) 636-4321,https://www.snapfitness.com/us/gyms/longview-cascade-wa,Longview,WA,Franchise location,Lead,New,Franchise Outreach,Jason Fallon,A,Fitness,Snap Fitness,Fitness,SEO / GBP / PPC / Web,snapfitness.com,,Franchise location,location_mailbox,Verified 2026-09-01 first-party Snap Fitness US gym locator,https://www.snapfitness.com/us/gyms/longview-cascade-wa,2026-09-01,WA,mx_ok,First-party location email from the official Snap Fitness US gym locator.
medicallake@snapfitness.com,,,"Snap Fitness Medical Lake, WA",(509) 299-3883,https://www.snapfitness.com/us/gyms/medical-lake-wa,Medical Lake,WA,Franchise location,Lead,New,Franchise Outreach,Jason Fallon,A,Fitness,Snap Fitness,Fitness,SEO / GBP / PPC / Web,snapfitness.com,,Franchise location,location_mailbox,Verified 2026-09-01 first-party Snap Fitness US gym locator,https://www.snapfitness.com/us/gyms/medical-lake-wa,2026-09-01,WA,mx_ok,First-party location email from the official Snap Fitness US gym locator.
moseslake@snapfitness.com,,,"Snap Fitness Moses Lake, WA",(509) 350-8747,https://www.snapfitness.com/us/gyms/moses-lake-wa,Moses Lake,WA,Franchise location,Lead,New,Franchise Outreach,Jason Fallon,A,Fitness,Snap Fitness,Fitness,SEO / GBP / PPC / Web,snapfitness.com,,Franchise location,location_mailbox,Verified 2026-09-01 first-party Snap Fitness US gym locator,https://www.snapfitness.com/us/gyms/moses-lake-wa,2026-09-01,WA,mx_ok,First-party location email from the official Snap Fitness US gym locator.
poulsbo@snapfitness.com,,,"Snap Fitness Poulsbo, WA",(360) 930-6110,https://www.snapfitness.com/us/gyms/poulsbo-wa,Poulsbo,WA,Franchise location,Lead,New,Franchise Outreach,Jason Fallon,A,Fitness,Snap Fitness,Fitness,SEO / GBP / PPC / Web,snapfitness.com,,Franchise location,location_mailbox,Verified 2026-09-01 first-party Snap Fitness US gym locator,https://www.snapfitness.com/us/gyms/poulsbo-wa,2026-09-01,WA,mx_ok,First-party location email from the official Snap Fitness US gym locator.
southhill@snapfitness.com,,,"Snap Fitness Spokane South Hill, WA",(509) 473-9477,https://www.snapfitness.com/us/gyms/spokane-south-hill-wa,Spokane,WA,Franchise location,Lead,New,Franchise Outreach,Jason Fallon,A,Fitness,Snap Fitness,Fitness,SEO / GBP / PPC / Web,snapfitness.com,,Franchise location,location_mailbox,Verified 2026-09-01 first-party Snap Fitness US gym locator,https://www.snapfitness.com/us/gyms/spokane-south-hill-wa,2026-09-01,WA,mx_ok,First-party location email from the official Snap Fitness US gym locator.
spokanenorth@snapfitness.com,,,"Snap Fitness Spokane-Indian Trail Road, WA",(509) 468-2862,https://www.snapfitness.com/us/gyms/spokane-indian-trail-road-wa,Spokane,WA,Franchise location,Lead,New,Franchise Outreach,Jason Fallon,A,Fitness,Snap Fitness,Fitness,SEO / GBP / PPC / Web,snapfitness.com,,Franchise location,location_mailbox,Verified 2026-09-01 first-party Snap Fitness US gym locator,https://www.snapfitness.com/us/gyms/spokane-indian-trail-road-wa,2026-09-01,WA,mx_ok,First-party location email from the official Snap Fitness US gym locator.
spokanevalley@snapfitness.com,,,"Snap Fitness Spokane Valley-Argonne Village, WA",(509) 385-0909,https://www.snapfitness.com/us/gyms/spokane-valley-argon-village-wa,Spokane Valley,WA,Franchise location,Lead,New,Franchise Outreach,Jason Fallon,A,Fitness,Snap Fitness,Fitness,SEO / GBP / PPC / Web,snapfitness.com,,Franchise location,location_mailbox,Verified 2026-09-01 first-party Snap Fitness US gym locator,https://www.snapfitness.com/us/gyms/spokane-valley-argon-village-wa,2026-09-01,WA,mx_ok,First-party location email from the official Snap Fitness US gym locator.
spokanevalleywa@snapfitness.com,,,"Snap Fitness Spokane Valley, WA",(509) 893-8880,https://www.snapfitness.com/us/gyms/spokane-valley-wa,Spokane Valley,WA,Franchise location,Lead,New,Franchise Outreach,Jason Fallon,A,Fitness,Snap Fitness,Fitness,SEO / GBP / PPC / Web,snapfitness.com,,Franchise location,location_mailbox,Verified 2026-09-01 first-party Snap Fitness US gym locator,https://www.snapfitness.com/us/gyms/spokane-valley-wa,2026-09-01,WA,mx_ok,First-party location email from the official Snap Fitness US gym locator.
woodland@snapfitness.com,,,"Snap Fitness Woodland, WA",(360) 225-1111,https://www.snapfitness.com/us/gyms/woodland-wa,Woodland,WA,Franchise location,Lead,New,Franchise Outreach,Jason Fallon,A,Fitness,Snap Fitness,Fitness,SEO / GBP / PPC / Web,snapfitness.com,,Franchise location,location_mailbox,Verified 2026-09-01 first-party Snap Fitness US gym locator,https://www.snapfitness.com/us/gyms/woodland-wa,2026-09-01,WA,mx_ok,First-party location email from the official Snap Fitness US gym locator.
ashland@snapfitness.com,,,"Snap Fitness Ashland, WI",(715) 682-0141,https://www.snapfitness.com/us/gyms/ashland-wi,Ashland,WI,Franchise location,Lead,New,Franchise Outreach,Jason Fallon,A,Fitness,Snap Fitness,Fitness,SEO / GBP / PPC / Web,snapfitness.com,,Franchise location,location_mailbox,Verified 2026-09-01 first-party Snap Fitness US gym locator,https://www.snapfitness.com/us/gyms/ashland-wi,2026-09-01,WI,mx_ok,First-party location email from the official Snap Fitness US gym locator.
crossplainswi@snapfitness.com,,,"Snap Fitness Cross Plains, WI",(608) 413-0277,https://www.snapfitness.com/us/gyms/cross-plains-wi,Cross Plains,WI,Franchise location,Lead,New,Franchise Outreach,Jason Fallon,A,Fitness,Snap Fitness,Fitness,SEO / GBP / PPC / Web,snapfitness.com,,Franchise location,location_mailbox,Verified 2026-09-01 first-party Snap Fitness US gym locator,https://www.snapfitness.com/us/gyms/cross-plains-wi,2026-09-01,WI,mx_ok,First-party location email from the official Snap Fitness US gym locator.
elkhorn@snapfitness.com,,,"Snap Fitness Elkhorn, WI",(262) 723-7627,https://www.snapfitness.com/us/gyms/elkhorn-wi,Elkhorn,WI,Franchise location,Lead,New,Franchise Outreach,Jason Fallon,A,Fitness,Snap Fitness,Fitness,SEO / GBP / PPC / Web,snapfitness.com,,Franchise location,location_mailbox,Verified 2026-09-01 first-party Snap Fitness US gym locator,https://www.snapfitness.com/us/gyms/elkhorn-wi,2026-09-01,WI,mx_ok,First-party location email from the official Snap Fitness US gym locator.
ellsworth@snapfitness.com,,,"Snap Fitness Ellsworth, WI",(715) 273-3734,https://www.snapfitness.com/us/gyms/ellsworth-wi,Ellsworth,WI,Franchise location,Lead,New,Franchise Outreach,Jason Fallon,A,Fitness,Snap Fitness,Fitness,SEO / GBP / PPC / Web,snapfitness.com,,Franchise location,location_mailbox,Verified 2026-09-01 first-party Snap Fitness US gym locator,https://www.snapfitness.com/us/gyms/ellsworth-wi,2026-09-01,WI,mx_ok,First-party location email from the official Snap Fitness US gym locator.
hartfordwi@snapfitness.com,,,"Snap Fitness Hartford, WI",(262) 397-8726,https://www.snapfitness.com/us/gyms/hartford-wi,Hartford,WI,Franchise location,Lead,New,Franchise Outreach,Jason Fallon,A,Fitness,Snap Fitness,Fitness,SEO / GBP / PPC / Web,snapfitness.com,,Franchise location,location_mailbox,Verified 2026-09-01 first-party Snap Fitness US gym locator,https://www.snapfitness.com/us/gyms/hartford-wi,2026-09-01,WI,mx_ok,First-party location email from the official Snap Fitness US gym locator.
hartland@snapfitness.com,,,"Snap Fitness Hartland, WI",(262) 367-1800,https://www.snapfitness.com/us/gyms/hartland-wi,Hartland,WI,Franchise location,Lead,New,Franchise Outreach,Jason Fallon,A,Fitness,Snap Fitness,Fitness,SEO / GBP / PPC / Web,snapfitness.com,,Franchise location,location_mailbox,Verified 2026-09-01 first-party Snap Fitness US gym locator,https://www.snapfitness.com/us/gyms/hartland-wi,2026-09-01,WI,mx_ok,First-party location email from the official Snap Fitness US gym locator.
hayward@snapfitness.com,,,"Snap Fitness Hayward, WI",(715) 934-2988,https://www.snapfitness.com/us/gyms/hayward-wi,Hayward,WI,Franchise location,Lead,New,Franchise Outreach,Jason Fallon,A,Fitness,Snap Fitness,Fitness,SEO / GBP / PPC / Web,snapfitness.com,,Franchise location,location_mailbox,Verified 2026-09-01 first-party Snap Fitness US gym locator,https://www.snapfitness.com/us/gyms/hayward-wi,2026-09-01,WI,mx_ok,First-party location email from the official Snap Fitness US gym locator.
kenosha2@snapfitness.com,,,"Snap Fitness Kenosha, WI",(262) 683-2356,https://www.snapfitness.com/us/gyms/kenosha-wi,Kenosha,WI,Franchise location,Lead,New,Franchise Outreach,Jason Fallon,A,Fitness,Snap Fitness,Fitness,SEO / GBP / PPC / Web,snapfitness.com,,Franchise location,location_mailbox,Verified 2026-09-01 first-party Snap Fitness US gym locator,https://www.snapfitness.com/us/gyms/kenosha-wi,2026-09-01,WI,mx_ok,First-party location email from the official Snap Fitness US gym locator.
lacrosse@snapfitness.com,,,"Snap Fitness La Crosse-Village, WI",(608) 788-5880,https://www.snapfitness.com/us/gyms/la-crosse-village-wi,La Crosse,WI,Franchise location,Lead,New,Franchise Outreach,Jason Fallon,A,Fitness,Snap Fitness,Fitness,SEO / GBP / PPC / Web,snapfitness.com,,Franchise location,location_mailbox,Verified 2026-09-01 first-party Snap Fitness US gym locator,https://www.snapfitness.com/us/gyms/la-crosse-village-wi,2026-09-01,WI,mx_ok,First-party location email from the official Snap Fitness US gym locator.
maustonwi@snapfitness.com,,,"Snap Fitness Mauston, WI",(608) 847-7060,https://www.snapfitness.com/us/gyms/mauston-wi,Mauston,WI,Franchise location,Lead,New,Franchise Outreach,Jason Fallon,A,Fitness,Snap Fitness,Fitness,SEO / GBP / PPC / Web,snapfitness.com,,Franchise location,location_mailbox,Verified 2026-09-01 first-party Snap Fitness US gym locator,https://www.snapfitness.com/us/gyms/mauston-wi,2026-09-01,WI,mx_ok,First-party location email from the official Snap Fitness US gym locator.
menomonie@snapfitness.com,,,"Snap Fitness Menomonie, WI",(715) 232-9999,https://www.snapfitness.com/us/gyms/menomonie-wi,Menomonie,WI,Franchise location,Lead,New,Franchise Outreach,Jason Fallon,A,Fitness,Snap Fitness,Fitness,SEO / GBP / PPC / Web,snapfitness.com,,Franchise location,location_mailbox,Verified 2026-09-01 first-party Snap Fitness US gym locator,https://www.snapfitness.com/us/gyms/menomonie-wi,2026-09-01,WI,mx_ok,First-party location email from the official Snap Fitness US gym locator.
bayview@snapfitness.com,,,"Snap Fitness Bay View, WI",(414) 486-7627,https://www.snapfitness.com/us/gyms/bay-view-wi,Milwaukee,WI,Franchise location,Lead,New,Franchise Outreach,Jason Fallon,A,Fitness,Snap Fitness,Fitness,SEO / GBP / PPC / Web,snapfitness.com,,Franchise location,location_mailbox,Verified 2026-09-01 first-party Snap Fitness US gym locator,https://www.snapfitness.com/us/gyms/bay-view-wi,2026-09-01,WI,mx_ok,First-party location email from the official Snap Fitness US gym locator.
mounthoreb@snapfitness.com,,,"Snap Fitness Mount Horeb, WI",(608) 437-7627,https://www.snapfitness.com/us/gyms/mount-horeb-wi,Mount Horeb,WI,Franchise location,Lead,New,Franchise Outreach,Jason Fallon,A,Fitness,Snap Fitness,Fitness,SEO / GBP / PPC / Web,snapfitness.com,,Franchise location,location_mailbox,Verified 2026-09-01 first-party Snap Fitness US gym locator,https://www.snapfitness.com/us/gyms/mount-horeb-wi,2026-09-01,WI,mx_ok,First-party location email from the official Snap Fitness US gym locator.
osceola@snapfitness.com,,,"Snap Fitness Osceola, WI",(715) 294-4554,https://www.snapfitness.com/us/gyms/osceola-wi,Osceola,WI,Franchise location,Lead,New,Franchise Outreach,Jason Fallon,A,Fitness,Snap Fitness,Fitness,SEO / GBP / PPC / Web,snapfitness.com,,Franchise location,location_mailbox,Verified 2026-09-01 first-party Snap Fitness US gym locator,https://www.snapfitness.com/us/gyms/osceola-wi,2026-09-01,WI,mx_ok,First-party location email from the official Snap Fitness US gym locator.
plattevillewi@snapfitness.com,,,"Snap Fitness Platteville, WI",(608) 330-4243,https://www.snapfitness.com/us/gyms/platteville-wi,Platteville,WI,Franchise location,Lead,New,Franchise Outreach,Jason Fallon,A,Fitness,Snap Fitness,Fitness,SEO / GBP / PPC / Web,snapfitness.com,,Franchise location,location_mailbox,Verified 2026-09-01 first-party Snap Fitness US gym locator,https://www.snapfitness.com/us/gyms/platteville-wi,2026-09-01,WI,mx_ok,First-party location email from the official Snap Fitness US gym locator.
prescottwi@snapfitness.com,,,"Snap Fitness Prescott, WI",(401) 213-5729,https://www.snapfitness.com/us/gyms/prescott-wi,Prescott,WI,Franchise location,Lead,New,Franchise Outreach,Jason Fallon,A,Fitness,Snap Fitness,Fitness,SEO / GBP / PPC / Web,snapfitness.com,,Franchise location,location_mailbox,Verified 2026-09-01 first-party Snap Fitness US gym locator,https://www.snapfitness.com/us/gyms/prescott-wi,2026-09-01,WI,mx_ok,First-party location email from the official Snap Fitness US gym locator.
ricelake@snapfitness.com,,,"Snap Fitness Rice Lake, WI",(715) 434-7627,https://www.snapfitness.com/us/gyms/rice-lake-wi,Rice Lake,WI,Franchise location,Lead,New,Franchise Outreach,Jason Fallon,A,Fitness,Snap Fitness,Fitness,SEO / GBP / PPC / Web,snapfitness.com,,Franchise location,location_mailbox,Verified 2026-09-01 first-party Snap Fitness US gym locator,https://www.snapfitness.com/us/gyms/rice-lake-wi,2026-09-01,WI,mx_ok,First-party location email from the official Snap Fitness US gym locator.
riverfalls@snapfitness.com,,,"Snap Fitness River Falls, WI",(651) 343-6612,https://www.snapfitness.com/us/gyms/river-falls-wi,River Falls,WI,Franchise location,Lead,New,Franchise Outreach,Jason Fallon,A,Fitness,Snap Fitness,Fitness,SEO / GBP / PPC / Web,snapfitness.com,,Franchise location,location_mailbox,Verified 2026-09-01 first-party Snap Fitness US gym locator,https://www.snapfitness.com/us/gyms/river-falls-wi,2026-09-01,WI,mx_ok,First-party location email from the official Snap Fitness US gym locator.
roberts@snapfitness.com,,,"Snap Fitness Roberts, WI",(715) 749-9019,https://www.snapfitness.com/us/gyms/roberts-wi,Roberts,WI,Franchise location,Lead,New,Franchise Outreach,Jason Fallon,A,Fitness,Snap Fitness,Fitness,SEO / GBP / PPC / Web,snapfitness.com,,Franchise location,location_mailbox,Verified 2026-09-01 first-party Snap Fitness US gym locator,https://www.snapfitness.com/us/gyms/roberts-wi,2026-09-01,WI,mx_ok,First-party location email from the official Snap Fitness US gym locator.
stcroixfalls@snapfitness.com,,,"Snap Fitness St. Croix Falls, WI",(715) 483-9765,https://www.snapfitness.com/us/gyms/st-croix-falls-wi,Saint Croix Falls,WI,Franchise location,Lead,New,Franchise Outreach,Jason Fallon,A,Fitness,Snap Fitness,Fitness,SEO / GBP / PPC / Web,snapfitness.com,,Franchise location,location_mailbox,Verified 2026-09-01 first-party Snap Fitness US gym locator,https://www.snapfitness.com/us/gyms/st-croix-falls-wi,2026-09-01,WI,mx_ok,First-party location email from the official Snap Fitness US gym locator.
paddocklake@snapfitness.com,,,"Snap Fitness Paddock Lake, WI",(262) 586-5424,https://www.snapfitness.com/us/gyms/paddock-lake-wi,Salem,WI,Franchise location,Lead,New,Franchise Outreach,Jason Fallon,A,Fitness,Snap Fitness,Fitness,SEO / GBP / PPC / Web,snapfitness.com,,Franchise location,location_mailbox,Verified 2026-09-01 first-party Snap Fitness US gym locator,https://www.snapfitness.com/us/gyms/paddock-lake-wi,2026-09-01,WI,mx_ok,First-party location email from the official Snap Fitness US gym locator.
somerset@snapfitness.com,,,"Snap Fitness Somerset, WI",(715) 247-5657,https://www.snapfitness.com/us/gyms/somerset-wi,Somerset,WI,Franchise location,Lead,New,Franchise Outreach,Jason Fallon,A,Fitness,Snap Fitness,Fitness,SEO / GBP / PPC / Web,snapfitness.com,,Franchise location,location_mailbox,Verified 2026-09-01 first-party Snap Fitness US gym locator,https://www.snapfitness.com/us/gyms/somerset-wi,2026-09-01,WI,mx_ok,First-party location email from the official Snap Fitness US gym locator.
sussexwi@snapfitness.com,,,"Snap Fitness Sussex, WI",(262) 246-9500,https://www.snapfitness.com/us/gyms/sussex-wi,Sussex,WI,Franchise location,Lead,New,Franchise Outreach,Jason Fallon,A,Fitness,Snap Fitness,Fitness,SEO / GBP / PPC / Web,snapfitness.com,,Franchise location,location_mailbox,Verified 2026-09-01 first-party Snap Fitness US gym locator,https://www.snapfitness.com/us/gyms/sussex-wi,2026-09-01,WI,mx_ok,First-party location email from the official Snap Fitness US gym locator.
trevor@snapfitness.com,,,"Snap Fitness Trevor, WI",(262) 862-2793,https://www.snapfitness.com/us/gyms/trevor-wi,Trevor,WI,Franchise location,Lead,New,Franchise Outreach,Jason Fallon,A,Fitness,Snap Fitness,Fitness,SEO / GBP / PPC / Web,snapfitness.com,,Franchise location,location_mailbox,Verified 2026-09-01 first-party Snap Fitness US gym locator,https://www.snapfitness.com/us/gyms/trevor-wi,2026-09-01,WI,mx_ok,First-party location email from the official Snap Fitness US gym locator.
wauwatosa@snapfitness.com,,,"Snap Fitness Wauwatosa, WI",(414) 259-1300,https://www.snapfitness.com/us/gyms/wauwatosa-wi,Wauwatosa,WI,Franchise location,Lead,New,Franchise Outreach,Jason Fallon,A,Fitness,Snap Fitness,Fitness,SEO / GBP / PPC / Web,snapfitness.com,,Franchise location,location_mailbox,Verified 2026-09-01 first-party Snap Fitness US gym locator,https://www.snapfitness.com/us/gyms/wauwatosa-wi,2026-09-01,WI,mx_ok,First-party location email from the official Snap Fitness US gym locator.
barboursvillewv@snapfitness.com,,,"Snap Fitness Barboursville, WV",(304) 840-0180,https://www.snapfitness.com/us/gyms/barboursville-wv,Barboursville,WV,Franchise location,Lead,New,Franchise Outreach,Jason Fallon,A,Fitness,Snap Fitness,Fitness,SEO / GBP / PPC / Web,snapfitness.com,,Franchise location,location_mailbox,Verified 2026-09-01 first-party Snap Fitness US gym locator,https://www.snapfitness.com/us/gyms/barboursville-wv,2026-09-01,WV,mx_ok,First-party location email from the official Snap Fitness US gym locator.
charleston@snapfitness.com,,,"Snap Fitness Charleston, WV",(304) 881-0707,https://www.snapfitness.com/us/gyms/charleston-wv,Charleston,WV,Franchise location,Lead,New,Franchise Outreach,Jason Fallon,A,Fitness,Snap Fitness,Fitness,SEO / GBP / PPC / Web,snapfitness.com,,Franchise location,location_mailbox,Verified 2026-09-01 first-party Snap Fitness US gym locator,https://www.snapfitness.com/us/gyms/charleston-wv,2026-09-01,WV,mx_ok,First-party location email from the official Snap Fitness US gym locator.
hurricane@snapfitness.com,,,"Snap Fitness Hurricane, WV",(304) 397-5727,https://www.snapfitness.com/us/gyms/hurricane-wv,Hurricane,WV,Franchise location,Lead,New,Franchise Outreach,Jason Fallon,A,Fitness,Snap Fitness,Fitness,SEO / GBP / PPC / Web,snapfitness.com,,Franchise location,location_mailbox,Verified 2026-09-01 first-party Snap Fitness US gym locator,https://www.snapfitness.com/us/gyms/hurricane-wv,2026-09-01,WV,mx_ok,First-party location email from the official Snap Fitness US gym locator.
miltonwv@snapfitness.com,,,"Snap Fitness Milton, WV",(304) 592-4011,https://www.snapfitness.com/us/gyms/milton-wv,Milton,WV,Franchise location,Lead,New,Franchise Outreach,Jason Fallon,A,Fitness,Snap Fitness,Fitness,SEO / GBP / PPC / Web,snapfitness.com,,Franchise location,location_mailbox,Verified 2026-09-01 first-party Snap Fitness US gym locator,https://www.snapfitness.com/us/gyms/milton-wv,2026-09-01,WV,mx_ok,First-party location email from the official Snap Fitness US gym locator.
nitro@snapfitness.com,,,"Snap Fitness Nitro, WV",(681) 424-1890,https://www.snapfitness.com/us/gyms/nitro-wv,Nitro,WV,Franchise location,Lead,New,Franchise Outreach,Jason Fallon,A,Fitness,Snap Fitness,Fitness,SEO / GBP / PPC / Web,snapfitness.com,,Franchise location,location_mailbox,Verified 2026-09-01 first-party Snap Fitness US gym locator,https://www.snapfitness.com/us/gyms/nitro-wv,2026-09-01,WV,mx_ok,First-party location email from the official Snap Fitness US gym locator.
winfieldwv@snapfitness.com,,,"Snap Fitness Winfield, WV",(304) 586-6014,https://www.snapfitness.com/us/gyms/winfield-wv,Winfield,WV,Franchise location,Lead,New,Franchise Outreach,Jason Fallon,A,Fitness,Snap Fitness,Fitness,SEO / GBP / PPC / Web,snapfitness.com,,Franchise location,location_mailbox,Verified 2026-09-01 first-party Snap Fitness US gym locator,https://www.snapfitness.com/us/gyms/winfield-wv,2026-09-01,WV,mx_ok,First-party location email from the official Snap Fitness US gym locator.
casper@snapfitness.com,,,"Snap Fitness Casper, WY",(307) 237-6878,https://www.snapfitness.com/us/gyms/casper-wy,Casper,WY,Franchise location,Lead,New,Franchise Outreach,Jason Fallon,A,Fitness,Snap Fitness,Fitness,SEO / GBP / PPC / Web,snapfitness.com,,Franchise location,location_mailbox,Verified 2026-09-01 first-party Snap Fitness US gym locator,https://www.snapfitness.com/us/gyms/casper-wy,2026-09-01,WY,mx_ok,First-party location email from the official Snap Fitness US gym locator.
